"Record ID","Opportunity Name","Opportunity ID"
"61841733560","Reliant Funding-IAV+AGG","00637000007LKfYAAW"
"61810172672","Amex - CSR portal SOW","006Uh00000tL2C3IAK"
"61839569774","Amex- CO for SOW 92","006Uh00000rSZ18IAG"
"61838796902","Upgrade Software Assistance to 1.1 and FL4","006Uh00000rQ49VIAS"
"61814037916","Vanguard Renewal","006Uh00000qnEtVIAU"
"61812492470","Empower Renewal","006Uh00000qnCdBIAU"
"61814973860","RBC US Wealth","006Uh00000qmll5IAA"
"61849014812","KeyBank Month to Month Extension (July-Sep)","006Uh00000qlRA5IAM"
"61850711060","Abrigo, Credit Matrix","006Uh00000qg4akIAA"
"61852575788","Synchrony - Shield POC","006Uh00000qKwt8IAC"
"61818367897","Synchrony - Shield Upgrade from IAV","006Uh00000qKwoIIAS"
"61845603162","Certegy - Shield Upgrade from IAV","006Uh00000qKy5JIAS"
"61839410227","Certegy - Shield POC","006Uh00000qKxyrIAC"
"61848235899","PocketSmith FL4 upgrade and US OB","006Uh00000qD8OPIA0"
"61815588879","Vanguard - Advisor Insights","006Uh00000pcyx3IAA"
"61807225136","Financial Forecast + Advisor View App","006Uh00000oq1o2IAA"
"61843131987","RBC Canada Wealth: Advisor View","006Uh00000oKvLZIA0"
"61850869045","RBC Canada Wealth: ATV","006Uh00000oKJBPIA4"
"61820073357","Navy Fed Financial Group - Advisor Insights","006Uh00000oL5uLIAS"
"61845448781","The Huntington National Bank - 2026 Renewal - Aggregation & IAV - Jan","006Uh00000o7x6bIAA"
"61817133432","Navy Fed Financial Group - Advisor View","006Uh00000maJWpIAM"
"61851336776","KeyBank - MEMID migration PS","006Uh00000mZt4SIAS"
"61813419438","Amex - CSR portal","006Uh00000ma95yIAA"
"61807384177","Discover - 2026 autorenewal","006Uh00000maAGYIA2"
"61844981625","Ignite","006Uh00000mWMxrIAG"
"61843288880","Grantd-Aggregation Partnership","006Uh00000lyhrqIAA"
"61851952537","Target - 2026 Renewal","006Uh00000lO4yfIAC"
"61847148581","Synchrony - IAV 2026 3-year renewal","006Uh00000lKNTgIAO"
"61810938255","Canada expansion","006Uh00000kswAzIAI"
"61818679214","KeyBank Agg Renewal","006Uh00000kajQmIAI"
"61808615760","Amex - 2026 Renewal","006Uh00000kbHDtIAM"
"61806457000","In-line PII Restrictions","006Uh00000jlVstIAE"
"61812492441","US OB Expansion","006Uh00000jlQhuIAE"
"61812492565","India expansion for screen scraping","006Uh00000jlHYBIA2"
"61848849952","UK OB Expansion","006Uh00000jlBqyIAE"
"61844525414","UK OB Expansion","006Uh00000jlVssIAE"
"61851336763","JPMC- Merchant Services Use Case Canada","006Uh00000jbjfNIAQ"
"61847622029","McAfee - 2026 6 month Renewal - H1 - Aggregation","006Uh00000jWUAjIAO"
"61817603476","Navy Fed- Held-Away Summary on Digital Banking Dashboard","006TU00000KzUX7YAN"
"61818837160","BMO MyWealth - FL & Held-Away Integration","006TU00000KnTADYA3"
"61820073492","NYL - Sync Extracts","006TU00000Kj6H4YAJ"
"61806917147","Navy Federal Financial Group (NFFG) - Asset Transfer Verification","006TU00000Kc5HhYAJ"
"61818225479","FreshBooks - 1 Year Renewal","006TU00000KbPn7YAF"
"61817449527","GenDigital - New Contract - MoneyLion Volume","006TU00000KNI3xYAH"
"61819308378","TIAA: MSA Extension to 2/4/2029 (from Consumer Insights 2/3/26 Contract)","006TU00000KK2LWYA1"
"61839263354","Goldman Sachs Group Inc - 2026 Renewal Aggregation","006TU00000JzSsWYAV"
"61849166165","Goldman FL4 Upgrade","006TU00000JwqJRYAZ"
"61812332430","NWM Enterprise/Advisor Insights","006TU00000JwlRpYAJ"
"61806917000","SMB Apps","006TU00000JNlcoYAD"
"61806607217","First Citizens - ATV|","006TU00000J3sybYAB"
"61811871826","Northern Trust - ATV","006TU00000J3qvBYAR"
"61816674350","NWM IAV","006TU00000J3OCXYA3"
"61839409988","KeyBank - TDE - Wealth to support ENV Client Portal","006TU00000It9xxYAB"
"61814194578","Franklin Temp - 2026 Renewal","006TU00000IpbETYAZ"
"61812186706","A360 2026 Auto-Renew","006TU00000IpaS5YAJ"
"61847621944","Edward Jones 2026 Renewal","006TU00000IpZKjYAN"
"61814504078","NWM May 2026 Renewal","006TU00000IpWjSYAV"
"61848697417","Principal Life Insurance Company - 2028 Renewal - Yodlee Direct Aggregation","006TU00000IpYi1YAF"
"61817449388","Truist - 2027 Renewal (Auto 1 Year)","006TU00000IpVVeYAN"
"61843895602","KeyBank Month to Month Extension (May)","006TU00000Idau5YAB"
"61807384156","KeyBank Month to Month Extension (June)","006TU00000IdSzmYAF"
"61810785701","KeyBank Month to Month Extension","006TU00000IdZZpYAN"
"61845448765","KeyBank Month to Month Extension","006TU00000IdPvSYAV"
"61818534022","KeyBank Month to Month Extension","006TU00000IdZTNYA3"
"61815117857","Biz2Credit, Inc. - Dec 2025 Extension for 6 months","006TU00000IZjMVYA1"
"61808771636","Synchrony - RFP - Yodlee Verify for credit card business","006TU00000IRMDOYA5"
"61816825883","PayPal - Agg for all accounts","006TU00000IRLkLYAX"
"61807070886","Symcor Canada: TDE (Enrich-API)","006TU00000IP9KHYA1"
"61840803215","RBC Canada Wealth: Advisor Insights","006TU00000IP7vBYAT"
"61847776358","RBC Canada Wealth: IAV","006TU00000IP7qLYAT"
"61846219115","GenDigital - Risk Analytics","006TU00000IP7aDYAT"
"61842970735","BMO Wealth: Advisor Insights","006TU00000IP6pRYAT"
"61842664048","BMO Wealth: ATV","006TU00000IP6XhYAL"
"61806607187","Yahoo - SBT","006TU00000INwYnYAL"
"61851022242","Oath, Inc. - 2027 Renewal","006TU00000INu7BYAT"
"61851952678","Thrivent - Annual Auto-Renewal","006TU00000INtmDYAT"
"61843895613","Transamerica - Annual Auto-Renewal","006TU00000INtELYA1"
"61815117734","Wealthfront: 2026 Auto-Renewal (Agg/IAV/ATV/CDV)","006TU00000INsRxYAL"
"61820381459","Transamerica - FinApps Installation","006TU00000INgSSYA1"
"61812186672","UBS Wealth - FinApps & FL4 Upgrade","006TU00000INqmjYAD"
"61847466601","UBS - ATV","006TU00000INejyYAD"
"61849476206","Ameriprise - ATV & IAV","006TU00000INo1lYAD"
"61842354482","Q2 Software, Inc. - 2026 Renewal - AbeAI","006TU00000IJf8LYAT"
"61817603496","Vanguard - PFM for Workplace Solutions Group","006TU00000IIjtyYAD"
"61844051457","Vanguard - CDV (Same Day)","006TU00000IIjtxYAD"
"61850557989","Cetera - Advisor Analytics","006TU00000IHEQoYAP"
"61808771614","TD Bank Canada - AGG Wealth","006TU00000IHG1BYAX"
"61819308422","JPMC- Shift from Mins to Usage (Potential 1M+ ARR)","006TU00000IFTwzYAH"
"61838949301","JPMC- Micro Deposits","006TU00000IFNzdYAH"
"61841269333","JPMC- TDE","006TU00000IFN5BYAX"
"61843132033","Morgan Stanley- Advisor Insights","006TU00000IFMKPYA5"
"61814973606","Ed Jones - IDE","006TU00000IC5CtYAL"
"61840180898","Consumer Insights/Widgets","006TU00000IBtJlYAL"
"61840180992","Schwab - ATV","006TU00000IAEP7YAP"
"61812492404","Schwab - Webhooks (Custom)","006TU00000I9dJ7YAJ"
"61848235900","Reckon SOW to upgrade to Fastlink4.0","006TU00000HvgqLYAR"
"61813579326","Marmalade AU Open Banking","006TU00000Hvg5ZYAR"
"61840025118","RBC FL 4 Upgrade (SOW CO - Extension)","006TU00000HmQrFYAV"
"61811872029","NFCU- SMB Enrichment + Portal","006TU00000HmJY1YAN"
"61816514190","TD Bank US - TDE","006TU00000HmEbaYAF"
"61850097548","2026 Renewal - Comerica","006TU00000HhasrYAB"
"61839263241","US expansion","006TU00000HMDsrYAH"
"61850558244","SSO C&D Engagement","006TU00000HIDg9YAH"
"61819146354","Transaction History Purge - Recurring","006TU00000H5yRZYAZ"
"61818534064","Asset Transfer Verification Project Extension CO","006TU00000H3YplYAF"
"61844366367","BMO US: IAV RFP","006TU00000GCMhtYAH"
"61807384155","Bree - Agg","006TU00000FYivdYAD"
"61846841893","First Horizon: Aggregation, TDE","006TU00000FNoptYAD"
"61841585439","Sequoia - Agg","006TU00000FKqkzYAD"
"61843590461","Amex - Credit Matrix","006TU00000F9zrdYAB"
"61812950419","RBC US Wealth - Advisor Analytics","006TU00000F5LETYA3"
"61848545819","Ed Jones New Usage Tier (Renewal Booking)","006TU00000F5KblYAF"
"61841428498","TRowePrice - Sync API Extracts (DUPLICATE/CLOSE LOST)","006TU00000F4jabYAB"
"61816674138","BJSGS Enterprises LLC - 2025 Renewal","006TU00000F4hXBYAZ"
"61847621994","BMO US - CO to SOW 30 (T&M)","006TU00000Eua8nYAB"
"61838796864","Agg Implmentation T&M","006TU00000Et6W9YAJ"
"61839874357","Avoka USA, Inc - Delta CU 2024 Renewal","006TU00000ErG3NYAV"
"61841269256","Lumiant 2026 Renewal","006TU00000EqSMjYAN"
"61811410947","Crypto Customization Software Support","006TU00000Ep91BYAR"
"61849315942","Fifth Third Renewal Software Growth with Granular Category ID for Analytics","006TU00000EnIuzYAF"
"61813419446","Data Panel: Responsible Lending","006TU00000EfPFLYA3"
"61844525433","Lumin - CO #1 for SOW #6 (FinApps & FLv4 upgrade)","006TU00000EasmcYAB"
"61841428506","RFP: IAV, ATV, Consumer Insights","006TU00000EVWI5YAP"
"61839097459","Cetera - ATV","006TU00000EVVsHYAX"
"61810785924","RBC US Wealth - Document Vault","006TU00000EV9i6YAD"
"61814663454","BMO Canada: IAV RFP","006TU00000ETkFWYA1"
"61813733761","RBC - Q4 2025 FL 2.0 Maintenance Fee (SOW #36)","006TU00000ESwCHYA1"
"61816203677","Analytics","006TU00000ESw5pYAD"
"61851952649","Renewal- Tek FRiday","006TU00000EQePxYAL"
"61812022701","Lumin - Update TDE to include mortgage & investments","006TU00000EOi33YAD"
"61849476166","Q3 2025 FL 2.0 Maintenance Fee (SOW #36)","006TU00000EJffJYAT"
"61841585303","Q2 2025 FL 2.0 Maintenance Fee (SOW#36)","006TU00000EJfQnYAL"
"61808615805","Asset Transfer Verification-Part 2 after T4C","006TU00000EIEZ7YAP"
"61806917023","Amex - Credit Matrix POC","006TU00000E4pjqYAB"
"61814037943","KeyBank IDE","006TU00000E2d6rYAB"
"61808467640","Agg renewal","006TU00000Dww90YAB"
"61844836741","Pershing - Yodlee Orchestrate","006TU00000DvtGSYAZ"
"61810627128","Pershing - Payments Insights","006TU00000DvrheYAB"
"61820073382","Pershing - SmartPlanning","006TU00000DvunZYAR"
"61850869174","Pershing - Advisor View","006TU00000DvufVYAR"
"61840803169","Pershing - Wealth Insights","006TU00000DvuXRYAZ"
"61819146315","Pershing - Asset Transfer","006TU00000DvuQzYAJ"
"61845448826","Pershing - Wealth AGG (IDE)","006TU00000DvuNlYAJ"
"61816984668","Equifax Credit - PFM for Credit Score","006TU00000DvtxxYAB"
"61841115048","Equifax Credit - 2026 3 Year Renewal","006TU00000DvsFWYAZ"
"61839097398","Equifax Credit - Consumer Insights","006TU00000DvtebYAB"
"61845920110","Equifax Credit - Subscription Bill Tracker","006TU00000DvtbNYAR"
"61838796900","Equifax Credit - FinApps","006TU00000DvtTJYAZ"
"61852416428","Tyfone - Yodlee Orchestrate","006TU00000DvsLxYAJ"
"61808925020","Tyfone - Enterprise Business Intelligence","006TU00000DvsFVYAZ"
"61846064982","Tyfone - Credit","006TU00000DvrcoYAB"
"61809707577","Tyfone - Payments Insights","006TU00000Dvs5pYAB"
"61816513936","Tyfone - SmartPlanning","006TU00000Dvrw9YAB"
"61818679222","Tyfone - Advisor View","006TU00000DvrsvYAB"
"61807070736","Tyfone - Wealth Insights","006TU00000DvrkrYAB"
"61841115039","Tyfone - Asset Transfer Verification","006TU00000DvrcnYAB"
"61818534147","Tyfone - Wealth AGG (IDE)","006TU00000DvrbBYAR"
"61811562081","Tyfone - PFM for Credit Score","006TU00000Dvh5ZYAR"
"61812950373","Tyfone - Consumer Insights","006TU00000DvguHYAR"
"61850869056","Tyfone - Subscription Bill Tracker","006TU00000DvgSrYAJ"
"61851336735","FIS - Wealth Insights","006TU00000DvZ3CYAV"
"61806607258","Enrich API Implemtation","006TU00000DveKbYAJ"
"61841269268","Analytics API","006TU00000DvdQ9YAJ"
"61816825760","Backbase - SmartPlanning","006TU00000DvPn1YAF"
"61849627269","Backbase - Wealth Insights","006TU00000DvcyjYAB"
"61817286543","Alkami - SmartPlanning","006TU00000DvPn0YAF"
"61841115145","Alkami - Advisor View","006TU00000DvbPxYAJ"
"61846841950","Alkami - Wealth Insights","006TU00000DvZBFYA3"
"61811872019","Alkami - Asset Transfer Verification","006TU00000DvYqHYAV"
"61807691625","Lumin - Subscription Bill Tracker","006TU00000DvJjDYAV"
"61838796846","Lumin - Credit","006TU00000DvMxCYAV"
"61850409883","Lumin - Enterprise Business Intelligence","006TU00000DvPGjYAN"
"61843742567","Lumin - Payments Insights","006TU00000DvP0bYAF"
"61813111051","Lumin - Smart Planning","006TU00000DvCg6YAF"
"61818367885","Lumin - Advisor View","006TU00000DvOSjYAN"
"61812332410","Lumin - Wealth Insights","006TU00000DvHvuYAF"
"61811872038","Lumin - Asset Transfer Verification","006TU00000Dv9aAYAR"
"61844210209","Lumin - Wealth AGG (IDE)","006TU00000DvNV3YAN"
"61846841883","Lumin - Consumer Insights","006TU00000DvN6rYAF"
"61813733800","Backbase - Asset Transfer","006TU00000DvLD7YAN"
"61814813188","Backbase - Payments Insights","006TU00000DvIQZYA3"
"61852416515","Alkami - Credit","006TU00000DvGTZYA3"
"61841269276","Alkami - Enterprise Business Intelligence","006TU00000DvGGfYAN"
"61813419554","Alkami - Payments Insights","006TU00000DvFCXYA3"
"61841115060","Property Value Updates","006TU00000Dsec5YAB"
"61807070723","PFM API Enablement","006TU00000Dp1VdYAJ"
"61815588955","Ameriprise - Data Out (Yodlee Orchestrate)","006TU00000DmECTYA3"
"61850097676","NFCU- Risk Analytics","006TU00000Djn3VYAR"
"61842503718","Empower - ATV","006TU00000Dg6cbYAB"
"61819611491","Empower - Wealth Analytics","006TU00000DfzmPYAR"
"61806302846","TD Bank Canada - ATV","006TU00000DfzCvYAJ"
"61846841913","Transamerica - 3 Year Contract Extension","006TU00000DYed3YAD"
"61843742791","Net Worth App 2025 Renewal","006TU00000DPfbZYAT"
"61846687249","Wiise Software 2025 Renewal","006TU00000DLkI5YAL"
"61810008186","VGW 2025 Renewal","006TU00000DLjkDYAT"
"61848697416","Intelliflo 2025 Renewal","006TU00000DLiD3YAL"
"61842049348","Cashflow Manager 2025 Renewal","006TU00000DLhLpYAL"
"61839725408","Frollo 2025 Renewal","006TU00000DLgxdYAD"
"61850245163","Fyle Inc - 2025 Renewal - Aggregation - Standalone","006TU00000DKUIbYAP"
"61808615843","Investec Limited - 2025 Renewal FinApps","006TU00000DKM4wYAH"
"61808155218","Clear21 2025 Renewal","006TU00000DJmO1YAL"
"61812332379","Fifth Third: Customer Feedback API","006TU00000DIYwbYAH"
"61841733660","Tiller LLC - 2024 Renewal - Aggregation - Standalone","006TU00000DB2dJYAT"
"61852260416","Enterprise Analytics/Insights","006TU00000D6F1iYAF"
"61845919924","FinGoal, Inc. - Four Site Expansion","006TU00000D6NFNYA3"
"61806456985","Backbase - enable mTLS","006TU00000D6MCrYAN"
"61808155188","Credit Meter: Synchrony Financial","006TU00000D36PZYAZ"
"61847001371","Fidelity - Aggregation","006TU00000D1dEMYAZ"
"61842049197","TIAA: PS Held Feed Setup (Move to OAuth)","006TU00000CvvCLYAZ"
"61845603250","KeyBank IAV + Risk Analytics","006TU00000CnW9WYAV"
"61851952672","Worth Unlimited (United First Financial) - 2025 Renewal - Aggregation - Standalone","006TU00000CnvPdYAJ"
"61843131823","Ameriprise - Finapps + Advisor View","006TU00000CnFAHYA3"
"61811102524","RBC US Wealth - SBT (new direct MSA)","006TU00000CmsC5YAJ"
"61816203668","Addition T&M Hours for 2025","006TU00000Ch7NVYAZ"
"61814663491","Crypto Customization Professional Services Delivery","006TU00000CNzNFYA1"
"61817133571","Osaic - Aggregation","006TU00000CGO99YAH"
"61844210319","Certegy - Upgrade to FL4","006TU00000CGLxeYAH"
"61842664052","GenDigital - Multi-Brands FL Support","006TU00000CEM3NYAX"
"61817449371","TIAA - Consumer Insights & FinApps Upgrade","006TU00000C547KYAR"
"61813579269","First Bank- Agg +IAV","006TU00000C45JxYAJ"
"61839725352","TRP 3 Year Contract (Agg/CDV/ATV) *Annual Auto-Renew WON on 3/18/25 NTT","006TU00000C30pNYAR"
"61810172931","KMD Partners, LLC d/b/a CreditNinja - 2025 Renewal - Aggregation & IAV","006TU00000C24ILYAZ"
"61816825761","Backbase - Credit","006TU00000C1guLYAR"
"61819146545","Backbase - EBI for Credit Union Campaigns","006TU00000C1gkfYAB"
"61839569784","Backbase - Wealth Aggregation (IDE)","006TU00000C1gJFYAZ"
"61808771626","Amex- Credit Matrix","006TU00000C04b0YAB"
"61843132046","Goldman Sach - FL4 Upgrade","006TU00000BsXK1YAN"
"61841269107","IAV PS","006TU00000BsUXRYA3"
"61812805713","OpenSignal - Alt Data","006TU00000BrI0TYAV"
"61845448729","FL4 Upgrade","006TU00000BqqiXYAR"
"61820534808","Asset Transfer Verification","006TU00000BqVmAYAV"
"61846687340","Platinum & Direct Support (Auto Renew)","006TU00000BovmLYAR"
"61843132059","Empower - MyYodlee SSO","006TU00000BjbGPYAZ"
"61845448722","Sail","006TU00000BiKRNYA3"
"61811102485","ZaneMoney - Agg","006TU00000BiHq1YAF"
"61843288996","GEICO - IAV RFP","006TU00000BiHJlYAN"
"61842970520","L3Payments - IAV","006TU00000BiF3RYAV"
"61849476200","Asset Vantage/Fintech Pte Ltd - 2025 Renewal","006TU00000BhHbxYAF"
"61844366396","Nimble Accounting - 2025 Renewal","006TU00000BhFdNYAV"
"61812332452","BMO Wealth: Document Vault","006TU00000BdeTtYAJ"
"61810938287","22seven 2025 (Debooking) Renewal","006TU00000BcmuvYAB"
"61814813213","Xero Annual Support 2025 Renewal","006TU00000BcTdlYAF"
"61810478372","Credit Sense (Data Trends) 2025 Renewal","006TU00000BcQUcYAN"
"61839874371","Software Assistant 2025 Renewal","006TU00000BcSEfYAN"
"61815892656","EFTsure Aggregation 2025","006TU00000BcOscYAF"
"61815892657","NBH - CO for SMB platform 2025","006TU00000BJdXBYA1"
"61839097458","Axos Bank- Credit Matrix","006TU00000BGGQfYAP"
"61808615795","Credit One- Credit Matrix","006TU00000BFkNaYAL"
"61841115035","KeyBank- Credit Meter","006TU00000BGD1NYAX"
"61838643980","Navy Fed- Credit Meter","006TU00000BGC6vYAH"
"61815117844","Truist- Credit Meter","006TU00000BGBKXYA5"
"61847622031","Lumin- Credit Meter","006TU00000BGAjRYAX"
"61811713059","BofA- Credit Meter","006TU00000BG9x3YAD"
"61847776339","Total Look - PFM FinApps Upgrade","006TU00000B7UZJYA3"
"61841733522","2UFI - Data out / Orchestrate","006TU00000B6icjYAB"
"61840803131","Amex- AUS cancellation fee","006TU00000B6guHYAR"
"61812022670","2026 Renewal - Nexonia","006TU00000AzguDYAR"
"61806302816","2026 Renewal - Tradesmith","006TU00000AzgMLYAZ"
"61845920049","Simply Studio System - 2026 Renewal - Aggregation","006TU00000Azg9RYAR"
"61814663477","2026 Renewal - Elderscan","006TU00000Azfq5YAB"
"61847311782","2026 Renewal - Benzinga","006TU00000Azf8XYAR"
"61840336216","2026 Renewal - Vantage Card Services","006TU00000AzevdYAB"
"61838949229","Compound Financial, Inc. - 2026 Renewal - Aggregation - Standalone","006TU00000AzdY9YAJ"
"61819611399","Buildium, LLC - 2026 Renewal","006TU00000AzdGPYAZ"
"61851336800","2026 Renewal - Income Laboratory","006TU00000AwrnlYAB"
"61819146515","2026 Renewal - Remotiv","006TU00000AwjdKYAR"
"61817449474","Nimble Accounting - 2026 Renewal","006TU00000AwrMLYAZ"
"61846841923","2026 Renewal - Paragon Computer Solutions","006TU00000AwqTVYAZ"
"61819611450","2026 Renewal - Kubera","006TU00000Atq1pYAB"
"61843590444","2026 Renewal - IGG","006TU00000AtnTmYAJ"
"61842820393","2026 Renewal - Carcione","006TU00000Atp8zYAB"
"61807225193","2026 Renewal - ProNvest (Future Capital)","006TU00000AtnLhYAJ"
"61849787812","2026 Renewal - DYN365","006TU00000AteK2YAJ"
"61852416562","2026 Renewal - Veryfi","006TU00000Atk4TYAR"
"61847466600","2026 Renewal - The Neat Company","006TU00000AtittYAB"
"61809398572","2026 Renewal - Moneyspire","006TU00000AtiNdYAJ"
"61808309281","2026 Renewal - Phlo","006TU00000AtfkjYAB"
"61847466611","Horizon Investments, LLC - 2026 Renewal","006TU00000AtTOdYAN"
"61818837253","NBH - 2025 CO for SMB platform","006TU00000ArvAUYAZ"
"61816357732","ExplorIT cc - 2024 Renewal - Aggregation - Standalone","006TU00000Ar5lNYAR"
"61815431270","OGL Software Limited - 2025 Renewal - Aggregation - Standalone","006TU00000Ar2sLYAR"
"61807225223","Advanced Financial Analytics Ltd - 2025 Renewal - Aggregation - Standalone","006TU00000Ar1GLYAZ"
"61815117871","FISKL LIMITED - 2025 Renewal - Aggregation - Standalone","006TU00000AqutBYAR"
"61843288973","Money Labs - 2024 Renewal - Aggregation - Standalone","006TU00000AqpFBYAZ"
"61852575777","Sage Global Services Limited - 2025 Renewal - Aggregation - Standalone","006TU00000Aqll6YAB"
"61841886331","Wise US Inc - 2025 Renewal - Account Verification","006TU00000AqopNYAR"
"61839569547","McLedger Accounting - 2025 Renewal - Aggregation - Standalone","006TU00000AqlJeYAJ"
"61806607240","Argus, Inc. - 2025 Renewal - Aggregation - Standalone","006TU00000AqnYLYAZ"
"61814343507","Direct ID (MiiCard) 2025 Renewal","006TU00000AqfcVYAR"
"61850097677","Moneyinfo Limited - 2025 Renewal","006TU00000AqewUYAR"
"61819308391","BudgetBakers - 2025 Renewal - Aggregation - Standalone","006TU00000AqmIvYAJ"
"61812492561","Microsoft Development Center Copenhagen - 2025 Renewal - Aggregation - Standalone","006TU00000Aqm1BYAR"
"61815117864","Lumiant - 2025 Renewal","006TU00000AmzBVYAZ"
"61807384214","Upgraded- Credit Matrix","006TU00000AkKdtYAF"
"61841428497","Yamaha Motor- Credit Matrix","006TU00000AkI93YAF"
"61811411068","Commerce Bank- Credit Matrix","006TU00000AkH4vYAF"
"61820381505","Ameriprise: Duration Extension CO","006TU00000Ab3u1YAB"
"61840025167","BMO Canada: AirMiles (AGG/TDE/Sync-API)","006TU00000AYECTYA5"
"61845920059","Accounting Seed Inc - 2025 Renewal - Aggregation","006TU00000AUZllYAH"
"61842503605","Truthifi, Inc. - 2025 Renewal - Aggregation","006TU00000AUZ2bYAH"
"61810172569","Wealthcare Capital Management - 2025 Renewal","006TU00000AUWj3YAH"
"61845448719","OWL Finance - 2025 Renewal - Aggregation","006TU00000AUOn8YAH"
"61812186631","Geowealth Management - 2025 Renewal - Aggregation","006TU00000AUT3dYAH"
"61850409903","Financial Symmetry Inc - 2025 Renewal - Aggregation","006TU00000AURrRYAX"
"61806762865","Stock Rover LLC - 2025 Renewal - Aggregation","006TU00000ARR1ZYAX"
"61818995752","Checkbook Inc. - 2025 Renewal - Aggregation","006TU00000AROi1YAH"
"61813263662","BitRail, LLC - 2025 Renewal - Account Verification","006TU00000AROLRYA5"
"61820073364","Integrated Rewards - 2025 Renewal - Aggregation","006TU00000ARNyrYAH"
"61810478364","CircleBlack, Inc. - 2025 Renewal - Aggregation","006TU00000ARLQnYAP"
"61844836773","Certegy Payment Solutions, LLC - 2025 Renewal - Aggregation","006TU00000ARExBYAX"
"61849476183","Oracle America, Inc. - 2025 Renewal - Aggregation","006TU00000AREAnYAP"
"61845448744","ExpenseWire LLC (pka Same Page Solutions) - 2025 Renewal","006TU00000ARD3RYAX"
"61852575787","Palladium Business Solutions (Pty) Ltd - 2025 Renewal - Aggregation - Standalone","006TU00000AQb31YAD"
"61842049295","Maji Financial Wellbeing Ltd - 2025 Renewal - Aggregation - Standalone","006TU00000AQiyvYAD"
"61847622183","My Accountant Technology - 2026 Renewal","006TU00000AQ7T8YAL"
"61806457005","My Accountant Technology - 2025 Renewal","006TU00000AQD5VYAX"
"61851494204","Bookipi - 2026 Renewal","006TU00000AQBLSYA5"
"61841428361","Frollo - 2025 Renewal (Q4)","006TU00000AQCm9YAH"
"61843440043","Mortgage House of Australia - 2025 Renewal","006TU00000AQCfhYAH"
"61848235697","Mortgage House of Australia - 2026 Renewal","006TU00000AQCarYAH"
"61852575789","Reckon - 2026 Renewal","006TU00000AQ7BOYA1"
"61806302722","Reckon - 2025 Renewal","006TU00000AQC7pYAH"
"61806762917","Tic Toc Homeloans - 2026 Renewal","006TU00000AQBwXYAX"
"61808003613","Saasu Pty Ltd - 2026 Renewal","006TU00000AQBq5YAH"
"61841269267","Saasu Pty Ltd - 2025 Renewal","006TU00000AQ60oYAD"
"61850097762","Advisor View","006TU00000AOejKYAT"
"61816046604","Implementation - FinApp and FL4 Upgrade","006TU00000AOcRPYA1"
"61813733768","Miles Technologies, Inc. 2025 Renewal","006TU00000ANve9YAD"
"61845760601","ReiHub 2025 Renewal","006TU00000ANumvYAD"
"61812332425","Borderless - 2025 Renewal","006TU00000ANmUSYA1"
"61844210297","MoneyEdge, Inc. - 2025 Renewal","006TU00000ANsYDYA1"
"61843131820","Autobooks (Billhighway) - 2025 Renewal","006TU00000ANsBdYAL"
"61814504083","Blueleaf Wealth, Inc. - 2025 Renewal","006TU00000ANqUnYAL"
"61840500320","Sync Extracts + Refresh @ Login Consulting","006TU00000ANlDOYA1"
"61818225545","Platinum & Direct Support + Auto Renew","006TU00000ANp5hYAD"
"61849476187","Aggregation + ATV","006TU00000ANUcLYAX"
"61818679079","Buxfer Inc. - 2025 Renewal - Aggregation","006TU00000AN8VNYA1"
"61851173482","Action Factory Inc - 2025 Renewal - Account Verification","006TU00000AN7sfYAD"
"61852260612","SAVVI Financial LLC (Dynamic Ideas) - 2025 Renewal - Aggregation","006TU00000AMtD0YAL"
"61814813283","Odoo Inc - 2025 Renewal - Account Verification","006TU00000AMye5YAD"
"61816046500","Wealth Access, Inc. - 2025 Renewal","006TU00000AMyFtYAL"
"61849315993","InfoArmor Inc - 2025 Renewal - Aggregation - Standalone","006TU00000AMwKXYA1"
"61839569579","Possible Financial - 2025 Renewal","006TU00000AMvQ5YAL"
"61810317716","AFT Analytics (Aliya) - 2025 Renewal -Agg & IAV","006TU00000AL4PRYA1"
"61841269055","Paysign Inc - 2025 Renewal - Account Verification","006TU00000AK5p1YAD"
"61813419564","VectorVest, Inc - 2025 Renewal - Aggregation","006TU00000AK6bNYAT"
"61815588990","Compound Financial, Inc. - 2025 Renewal - Aggregation - Standalone","006TU00000AJyAnYAL"
"61845448577","QuickFee- IAV","006TU00000AJa6rYAD"
"61809243679","Zoho - 2025 Renewal","006TU00000AJFvFYAX"
"61844366440","CountAbout Corp - 2025 Renewal","006TU00000AJB5GYAX"
"61851173646","Aero Payments - 2025 Renewal - Account Verification","006TU00000AJ74sYAD"
"61847466406","Jetson - 2025 Renewal","006TU00000AJCm6YAH"
"61814038064","Grassi & Co - 2025 Renewal","006TU00000AJ9wIYAT"
"61808309280","Capitect - 2025 Renewal","006TU00000AJCnhYAH"
"61841886115","WealthTrace - 2025 Renewal","006TU00000AJ1cAYAT"
"61820237200","NinjaTrader - 2025 Renewal","006TU00000AGKMnYAP"
"61807691530","Inventime - 2025 Renewal","006TU00000AGJH3YAP"
"61806763017","Qualia - 2025 Renewal","006TU00000AGIjBYAX"
"61848235904","BQE Software Inc - 2025 Renewal","006TU00000AGHlVYAX"
"61815892767","Edge Score New Instance- PS Fee","006TU00000AGHLhYAP"
"61811713046","Greyline Partners - 2025 Renewal","006TU00000AGE7hYAH"
"61808925245","Blackbaud - 2025 Renewal","006TU00000AGCx7YAH"
"61842970754","Buildium, LLC - 2025 Renewal","006TU00000AG6gPYAT"
"61839569546","The Closing Docs - 2025 Renewal","006TU00000AFpJ0YAL"
"61842970511","Morgan Stanley- Credit Matrix(D1C)","006TU00000AEDcLYAX"
"61849787905","Technology One - 2025 Renewal","006TU00000ADfQzYAL"
"61816203661","Technology One - 2026 Renewal","006TU00000ADf9FYAT"
"61845137071","Sybiz Software - 2025 Renewal","006TU00000ADeLFYA1"
"61806302745","Commonwealth Bank of Australia - 2025 Renewal","006TU00000ADeDBYA1"
"61819146536","Pocketsmith - 2025 Renewal","006TU00000ADd7RYAT"
"61806607221","Zip - 2025 Renewal","006TU00000ADcg1YAD"
"61809083024","MYNA - 2025 Renewal","006TU00000ADcT7YAL"
"61848850026","Marmalade Pty Ltd - 2025 Renewal","006TU00000ADcMfYAL"
"61850245138","SVX Holdings Pty Ltd (Meeco) - 2025 Renewal","006TU00000ADc3JYAT"
"61814194599","Coposit - 2025 Renewal","006TU00000ADaZNYA1"
"61841115181","Moneysoft Limited - 2025 Renewal","006TU00000ADaMTYA1"
"61807070638","WeMoney P/L - 2025 Renewal","006TU00000ADUYoYAP"
"61842664029","Xero - 2025 Renewal","006TU00000ADa4jYAD"
"61846687291","IbCom P/L - 2025 Renewal","006TU00000ADZrpYAH"
"61813263529","Stable-Eyes - 2025 Renewal","006TU00000ADZa5YAH"
"61842193938","Navexa Services Pty Ltd - 2025 Renewal","006TU00000ADWVnYAP"
"61841733655","SWA Financial Planning - 2025 Renewal","006TU00000ADCX3YAP"
"61807070885","EFTsure - 2025 Renewal","006TU00000AD9kUYAT"
"61839725338","Picture Wealth - 2025 Renewal","006TU00000ADBazYAH"
"61818368069","KeyBank Month to Month Extension","006TU00000ACn41YAD"
"61846841881","Truist - 2026 Renewal (Auto 1 Year)","006TU00000ACfT3YAL"
"61818995620","Webull Financial LLC - 2026 Renewal","006TU00000ACe2LYAT"
"61847776260","Webull Financial LLC - 2025 Renewal","006TU00000ACdflYAD"
"61806302825","Agg, IAV, TDE Renewal - 2025","006TU00000ACUXdYAP"
"61813733789","Axos Bank (Abeai) - 2025 Renewal - AbeAI","006TU00000ACSkLYAX"
"61849014686","Agg renewal - 2025","006TU00000ACRpuYAH"
"61816984482","Agg renewal","006TU00000ACQAgYAP"
"61810172854","2ndSite Inc dba FreshBooks - 2025 Renewal - Aggregation - Standalone","006TU00000ACJM5YAP"
"61841585438","Paycom - IAV & FL4 Upgrade - PS","006TU00000ACGsrYAH"
"61846219021","PropertyMe - 2025 Renewal","006TU00000ABKgnYAH"
"61808615804","Bookipi - 2025 Renewal","006TU00000ABKLpYAP"
"61848545676","Machine Learning - 2025 Renewal","006TU00000ABK5hYAH"
"61820237100","Morpheus Wealth - 2025 Renewal","006TU00000ABJftYAH"
"61847466517","Booster Financial Services - 2025 Renewal","006TU00000ABJ81YAH"
"61850869171","86400 Technology Pty Ltd (Cuscal) - 2025 Renewal - Aggregation - Standalone","006TU00000ABIQTYA5"
"61819611458","Credit One Bank, N.A. - 2025 Renewal - Account Verification","006TU00000A8etlYAB"
"61845920101","Thomson Reuters - 2025 Renewal","006TU00000A8dKzYAJ"
"61850409842","GenDigital - Auth/Pending TX PS Consulting","006TU00000A7PC1YAN"
"61813579291","JPMC CIB (Commercial Bank) Aggregation for SMB Liquidity","006TU00000A6S5VYAV"
"61806607005","Baird '26 - '28 Renewal","006TU00000A46c9YAB"
"61818534021","Carson Agg Renewal 2025","006TU00000A40gQYAR"
"61806456984","A360 2025 Auto-Renew","006TU00000A42iDYAR"
"61844051366","Oath, Inc. - 2026 Renewal","006TU00000A1SEDYA3"
"61811561895","Retail Finance International Holdings, Inc. (Synchrony) - 2025 Renewal - Aggregation & IAV","006TU00000A1S2vYAF"
"61849787738","Facet - 2026 Renewal (Auto 90Day NTT - 12/31/25)","006TU00000A1RzhYAF"
"61806763013","Discover Products Inc. - 2025 Renewal - Account Verification","006TU00000A1Ok6YAF"
"61840336173","NFCU- Renewal","006TU00000A1CRBYA3"
"61816514120","Equifax Credit - 2025 Renewal","006TU00000A16OzYAJ"
"61845760534","EveryIncome, Inc. - 2025 Renewal","006TU00000A15uLYAR"
"61816984589","Avoka USA, Inc - First Citizens CU 2025 Renewal","006TU00000A15eDYAR"
"61841733507","Avoka USA, Inc - Delta Community CU 2025 Renewal","006TU00000A151VYAR"
"61818995751","Infinant - 2026 Renewal","006TU00000A1473YAB"
"61807225124","PSCU Incorporated (d/b/a PSCU) - 2026 Renewal","006TU00000A12hxYAB"
"61852575796","Alkami Technology - 2025 Renewal","006TU00000A10OQYAZ"
"61849787823","Alkami Technology (AbeAI) - 2025 Renewal","006TU00000A0Fu9YAF"
"61846064980","Engage Holdings, LLC - 2025 Renewal","006TU000009zxijYAA"
"61811713045","Pershing IAV Renewal - 2025","006TU000009zoUAYAY"
"61817750965","BMO Insights Phase II (Datalake export)","006TU000009zXl4YAE"
"61815892773","Alegeus - IAV","006TU000009uXybYAE"
"61812186705","Discover - Aggregation RFP","006TU000009u31FYAQ"
"61848545615","Cetera - 2026 Renewal","006TU000009u09pYAA"
"61806302783","Cetera - Q3 Renewal","006TU000009tzs5YAA"
"61844366403","Agg Platform for Wellness","006TU000009tV9FYAU"
"61810172683","DST/SS&C Renewal 2025","006TU000009tGlJYAU"
"61807070883","East West Bank- IAV Agg and Analytics","006TU000009roJFYAY"
"61815892654","IAV","006TU000009n9RaYAI"
"61846841947","Wealthfront - Credit Matrix (D1C)","006TU000009heZhYAI"
"61807691584","Lumin - Yodlee Orchestrate","006TU000009bQMXYA2"
"61845760548","Personal Capital / Empower - Data Resources","006TU000009aCK2YAM"
"61852416427","LendBuzz - Credit Matrix (Agg)","006TU000009a7k9YAA"
"61815588972","Huntington National Bank - Credit Meter","006TU000009a7AfYAI"
"61849166155","Experian- Credit Matrix D1C (Assets)","006TU000009a5yTYAQ"
"61850558121","Northern Trust - IAV Renewal 2026","006TU000009a4W9YAI"
"61813419411","Northern Trust - IAV Renewal 2026","006TU000009a4CnYAI"
"61806763023","Northern Trust - AGG Renewal 2026","006TU000009a3wfYAA"
"61807533142","Goldman Sachs Group Inc - 2025 Renewal Aggregation","006TU000009a3jlYAA"
"61819308553","RBC US Wealth - SSO to MyYodlee","006TU000009ZzJaYAK"
"61817906044","Schwab 2025 Renewal -CDV","006TU000009a2kTYAQ"
"61806917004","Vanguard - 2025 Renewal Direct Agg","006TU000009a2MHYAY"
"61808467775","Right Capital 2026 Renewal","006TU000009a22vYAA"
"61848697346","Schwab - 2025 Renewal - AGG","006TU000009ZwOwYAK"
"61848545666","FinGoal, Inc. (Neighborhood Trust) - Investment Holdings","006TU000009W3f7YAC"
"61810478484","Lumin - Enrich API","006TU000009UoevYAC"
"61844670599","Comerica 2025 Agg Renewal (Auto year 3/3)","006TU000009TrJuYAK"
"61819308544","Gen Digital - 2025 Renewal - Aggregation (At Risk / Plaid vs. Yodlee Comparison)","006TU000009Tp8PYAS"
"61817449351","Concur - 2025 Renewal - Aggregation","006TU000009TY4LYAW"
"61851790624","Equifax Renewal 2025","006TU000009SrCHYA0"
"61814504036","McAfee - 2025 6 month Renewal - H1 - Aggregation","006TU000009QvVJYA0"
"61844210265","McAfee - 2025 6 month Renewal - H1 - Aggregation","006TU000009QvGnYAK"
"61839874389","GenDigital - 2025 - PS Q4","006TU000009QupNYAS"
"61808309127","GenDigital - 2025 - PS Q3","006TU000009QuW1YAK"
"61841269116","GenDigital - 2025 - PS Q2","006TU000009QuNxYAK"
"61846841891","GenDigital - 2025 - PS Q1","006TU000009QuHVYA0"
"61808925236","Empower 2025 Renewal Aggregation","006TU000009MPXGYA4"
"61849014683","PayPal - IAV Renewal 2025","006TU000009MT9TYAW"
"61812332386","Bluprint (Amex) - Sync Extracts","006TU000009MRu1YAG"
"61850557988","Cetera Q2 - Quarterly Renewal","006TU000009MBNqYAO"
"61813733799","Agg renewal","006TU000009M9XJYA0"
"61810785825","Agg renewal","006TU000009M9KPYA0"
"61810627111","PS Maintenance","006TU000009LRo1YAG"
"61842503696","BMO - 2025 Renewal (PFM & Insights) 3 YEAR TERM","006TU000009LRknYAG"
"61845448756","2025 IAV Renewal","006TU000009LRUfYAO"
"61842193920","2025 Renewal","006TU000009LRMbYAO"
"61845760609","Agg renewal","006TU000009LRBJYA4"
"61809398356","BrightPlan - 2025 renewal","006TU000009LQAQYA4"
"61808467635","Royal Bank of Canada - 2025 Renewal - Yodlee Direct Aggregation","006TU000009LIeHYAW"
"61850558120","The Huntington National Bank - 2025 Renewal - Aggregation & IAV - Jan","006TU000009KnnNYAS"
"61813111060","Clarilogic, Inc.  (Decision Logic) - 2025 Renewal - Aggregation and IAV","006TU000009KnFVYA0"
"61813579270","Paycom Payroll LLC - 2025 Renewal - Aggregation - Standalone","006TU000009KlvFYAS"
"61844670532","FinGoal, Inc. - Site Expansion Change Order","006TU000009JA9lYAG"
"61807225238","FL4, FinApps, Held Feed CO","006TU000009FiJhYAK"
"61810008086","AssetMark, Inc. - 2025 Renewal","006TU000009BdP3YAK"
"61851022160","Edward Jones 2025 Renewal","006TU000009BcuPYAS"
"61815588913","Concur Additional Q4 Renewal - 2024","006TU000009As8PYAS"
"61809083047","ATV + Move to Cobrand","006TU0000097NAnYAM"
"61810938423","FIS - 2025 Renewal","006TU0000096sGfYAI"
"61812492411","True Potential LLC - 2025 Renewal - Aggregation - Standalone","006TU000008weDNYAY"
"61814194557","Fuze Renewal 2025","006TU000008wdvdYAA"
"61809707313","Credit Sense Renewal 2025","006TU000008wd61YAA"
"61844210334","Lula Lend - 2025 Renewal - Aggregation - Standalone","006TU000008wbSPYAY"
"61811562040","MiiCard - 2024 Renewal  (FY2025 Debooking)","006TU000008wYUYYA2"
"61814194590","FinGoal, Inc. - Site Expansion Work","006TU000008pggXYAQ"
"61815892766","FinGoal, Inc. (FinTechs) - FinApps","006TU000008jxfFYAQ"
"61812186715","Backbase - Digital Engagement & Personalization Bundle (SBT, PFM)","006TU000008jxNVYAY"
"61842503726","Alkami - Data Out","006TU000008juxVYAQ"
"61815743538","Backbase - Yodlee Orchestrate","006TU000008juizYAA"
"61816984642","FIS - Data Out","006TU000008juW5YAI"
"61814343531","Tyfone - Yodlee Orchestrate","006TU000008ju7tYAA"
"61814973843","MS- Data Out Solution","006TU000008hb7lYAA"
"61808003473","NFCU- Micro Deposits Same Day","006TU000008f7ovYAA"
"61849476171","FinGoal, Inc. - 3 year renewal (thru 2027)","006TU000008d0V0YAI"
"61808003474","Upgrade to FL4.0 and access CDR via Direct TA model","006TU000008c2NZYAY"
"61850097692","Santander Bank-RFI for Agg","006TU000008aTy9YAE"
"61813886530","Cetera - Q1 Quarterly Renewal","006TU000008XpITYA0"
"61850245228","AIP- Data Refreshes","006TU000008XVI9YAO"
"61849627139","FinGoal, Inc. - Oct & Nov, 2024 Renewal","006TU000008Sd53YAC"
"61806607228","Biz2Credit, Inc. - 2025 Renewal - Aggregation & IAV","006TU000008PZM9YAO"
"61812186688","2025 Renewal - ProNvest","006TU000008LTaHYAW"
"61841269341","2025 Renewal - Income Laboratory","006TU000008LTVRYA4"
"61850558229","2025 Renewal - Paragon Computer Solutions","006TU000008LTK9YAO"
"61810317747","2025 Renewal - Remotiv","006TU000008LT41YAG"
"61848545684","2025 Renewal - Carcione","006TU000008LT0nYAG"
"61851337005","2025 Renewal - Elderscan","006TU000008LSmHYAW"
"61846530148","2025 Renewal - Vantage Card Services","006TU000008LSazYAG"
"61850869251","2025 Renewal - Veryfi","006TU000008LS9ZYAW"
"61852416396","2025 Renewal - Moneyspire","006TU000008LRv3YAG"
"61809398530","2025 Renewal - The Neat Company","006TU000008LRLZYA4"
"61849476220","2025 Renewal - Kubera","006TU000008LIlKYAW"
"61843440012","2025 Renewal - Benzinga","006TU000008LQcPYAW"
"61813886551","2025 Renewal - DYN365","006TU000008LOHGYA4"
"61819146523","2025 Renewal - Phlo","006TU000008LPbVYAW"
"61838796876","2025 Renewal - Horizon","006TU000008LNzVYAW"
"61843131955","2025 Renewal - MDG","006TU000008LNLBYA4"
"61816825748","2025 Renewal - Nexonia","006TU000008LHJ1YAO"
"61838949282","2025 Renewal - Tradesmith","006TU000008LLeMYAW"
"61808615754","2025 Renewal - IGG","006TU000008LMTxYAO"
"61814504016","A360 2024 Auto-Renew","006TU000008L2v3YAC"
"61820073395","RightCapital - 2025 Renewal","006TU000008KwJNYA0"
"61816357734","Oath, Inc. - 2025 Renewal","006TU000008KvyPYAS"
"61847622200","Goldman Sachs - Move to API implementation","006TU000008KtDRYA0"
"61819763785","PocketMoney GmBH - 2025 Renewal - Aggregation - Standalone","006TU000008HziPYAS"
"61810785923","Rise SA 2025 Renewal","006TU000008HzTtYAK"
"61846687273","Iplicit - 2025 Renewal","006TU000008Hz7JYAS"
"61841585270","French metadata update","006TU000008ByNdYAK"
"61840180994","Renewal 2024","006TU0000082EQTYA2"
"61840647194","Franklin Temp - 2025 Renewal","006TU0000081UKPYA2"
"61812492582","Wedge Fintech 2025 Renewal","006TU0000081FWfYAM"
"61841886303","Object Map 2025 Renewal","006TU0000081EvZYAU"
"61841886271","Liberty Group & Standandard Bank SA Limited 2025 Renewal","006TU0000081Eh3YAE"
"61814504017","22seven 2025 Renewal","006TU0000081EIrYAM"
"61817449352","Blue Speck Financial(MoneyHub) 2025 Renewal","006TU0000081Cs9YAE"
"61840803198","Agg Expansion","006TU000008015xYAA"
"61820534807","Set up new cobrand in AUDC and decommission USDC","006TU000007tZVlYAM"
"61839569782","NYL - Staff Augmentation for Sync Extracts","006TU000007rakTYAQ"
"61839263386","Credit Connection Agg AU","006TU000007qudBYAQ"
"61839874412","NBH - CO for SMB platform","006TU000007quIDYAY"
"61841269251","Facet - 2025 Renewal (Auto 90Day NTT - 12/31/24)","006TU000007bb6DYAQ"
"61843131986","ICMA (Mission Square) 2025","006TU000007aMsPYAU"
"61806917019","UBS - 2 Year Contract Extension","006TU000007a666YAA"
"61841269108","CinFin - 2025 Renewal - Account Verification (Not Auto)","006TU000007a9dSYAQ"
"61844366260","Mercer Global Advisors Inc - 2025 Renewal - Aggregation","006TU000007aCjNYAU"
"61810626980","Wealthfront: 2025 Auto-Renewal (Agg/IAV/ATV/CDV)","006TU000007aCbJYAU"
"61807225197","TRowePrice - Auto-Renewal (Working on multi-year in tandem)","006TU000007aCLBYA2"
"61849627138","Horizon Investments, LLC - 2025 Renewal (duplicate)","006TU000007ZNTyYAO"
"61817133433","API Consulting - GET /providers","006TU000007ZJWnYAO"
"61844981765","Cetera Financial Group, Inc Quarterly Renewal","006TU000007T3UjYAK"
"61807841391","USOB Maintenance & Support Fee","006TU000007Q8kHYAS"
"61842503724","Plinqit, Inq. - 2025 Renewal - Aggregation & IAV","006TU000007Ic61YAC"
"61806917016","My Plan Group - Agg OB AU","006TU000007GUhGYAW"
"61849787811","Multi Services Implmentation - Open Banking RFP","006TU000007CWhdYAG"
"61816514053","Credit Accelerator - Open Banking RFP","006TU000007CKVBYA4"
"61817133495","IAV - Open Banking RFP","006TU000007CK5OYAW"
"61839569542","Aggregation - Open Banking RFP","006TU000007CK6zYAG"
"61817906025","S&BT - Open Banking RFP","006TU000007CJyvYAG"
"61852575669","Insights - Open Banking RFP","006TU000007CJVtYAO"
"61842663987","PayPal Unbranded Renewal - IAV","006TU000007CHYvYAO"
"61808003597","Enriched data for Credit  (71)","006TU000007C8QnYAK"
"61817603446","Software Assistant 2024 Renewal","006TU000007BiCzYAK"
"61850711066","TekFriday 2024 Renewal","006TU000007BhQbYAK"
"61815273998","CIT 2024 Renewal","006TU000007BgeDYAS"
"61844981871","ReiHub 2024 Renewal","006TU000007BfyHYAS"
"61815588897","WealthTrace 2024 Renewal","006TU000007Bf3pYAC"
"61839409961","Equifax Renewal 2024","006TU000007BWVBYA4"
"61816825897","Fintech Pte 2024 Renewal","006TU000007BKU1YAO"
"61844670598","Ed Jones - ATV","006TU0000076BJJYA2"
"61809398448","CashFlow FInApp","006TU0000076AwjYAE"
"61852260472","Axos - Investment & Bank Containers RT Data Feed","006TU00000757srYAA"
"61844366443","Merrill Lynch Data Feed Consolidation","006TU0000073o7VYAQ"
"61847622198","PayPal - Enhanced Holder Profile Data","006TU000006ygVZYAY"
"61851022228","NortonLifeLock, Inc - ANZ Territory Expansion PS CO fee","006TU000006xLbFYAU"
"61844366428","NWM May 2025 Renewal","006TU000006viiPYAQ"
"61815431287","TIAA User Purge SOW","006TU000006sqJ7YAI"
"61820073356","Transamerica - One Year Auto Renewal","006TU000006spzlYAA"
"61808615842","FIS - T&M Duration Extension for Business Hub","006TU000006pMMPYA2"
"61851494031","Axos - Sync APIs","006TU000006jv57YAA"
"61807070740","PayPal - Merchant TDE","006TU000006hSLlYAM"
"61820237119","PayPal - Merchant TDE POC","006TU000006hMZhYAM"
"61815588878","S&B Tracker (70)","006TU000006cz8fYAA"
"61849315932","NFCU- Budget Finapps Customization 50/30/20","006TU000006c3pRYAQ"
"61807841376","JPMC SMB Dashboard, Credit, Analytics","006TU000006bhAbYAI"
"61814343541","USAA - PFM & TDE","006TU000006ZY09YAG"
"61841269126","USAA - IAV","006TU000006ZNPiYAO"
"61810627101","TDE RFP","006TU000006VipJYAS"
"61839263320","WeBull - Statement Upload","006TU000006STI9YAO"
"61846064960","Principal - SmartPlanning","006TU000006OPt3YAG"
"61813886538","USAA - Aggregation","006TU000006Gw2zYAC"
"61820237057","JPMC - EBI P&M Module","006TU000006GlltYAC"
"61809548702","BofA - EBI P&M Module","006TU000006GlU9YAK"
"61815892739","Oppenheimer: Data Out APIs","006TU000006DN4zYAG"
"61815274080","Ocrolus for IAV","006TU00000656MHYAY"
"61849315893","SEI Agg Renewal 2026","006TU0000063YEbYAM"
"61839725355","BMO Sync API","006TU000005wS7VYAU"
"61846064959","Agg Global Expansion","006TU000005wQSHYA2"
"61845920026","BMO- Credit Accelerator","006TU000005wAtlYAE"
"61814037903","Empower - Sync Extracts","006TU000005ulsbYAA"
"61815588870","Integrated Rewards - FLV4 & v1.1 Upgrade","006TU000005l5ZFYAY"
"61819611414","FinGoal, Inc. - July & Aug, 2024 Renewal","006TU000005gUQDYA2"
"61844836669","Schwab - FL4 upgrade/webhooks","006TU000005fuZeYAI"
"61847148711","Transamerica: CO for Duration Extension (FL4 Agg)","006TU000005eyFVYAY"
"61820534799","TIAA: One Time Data Extract","006TU000005Y9PNYA0"
"61808309251","NFCU- CO03 for SOW07","006TU000005UReDYAW"
"61807384232","FinGoal - Canada tenant model","006TU000005PHXRYA4"
"61843131966","Yahoo - SBT","006TU0000055oe1YAA"
"61851790623","Thrivent: FL4 Upgrade + Refresh @ Login PS Consulting","006TU0000055HRyYAM"
"61845920089","RBC US Wealth - Held Data/Dashboard","006TU000004xRgDYAU"
"61809082993","BCU-Enrichment & Analytics","006TU000004qlQMYAY"
"61816825878","Amex - Analytics POC","006TU000004lk8LYAQ"
"61838796729","Enrich API & Renewal Extension","006TU000004dWKHYA2"
"61847311781","Credit Enrich API - SOW 71","006TU000004dVpdYAE"
"61807841455","Paycom - IAV & FL4 Upgrade","006TU000004dIFhYAM"
"61818367879","Principal Corporate Analytics/Insights","006TU000004cxPlYAI"
"61809548624","Unloan - Account Verification","006TU000004ZXI9YAO"
"61809243672","FinApp Upgrade","006TU000004YrNlYAK"
"61814973765","stub-","006TU000004YDTaYAO"
"61811102541","Customer Retention - Cap Fed Bank","006TU000004V8YTYA0"
"61816825714","TDE for Credit","006TU000004NJu5YAG"
"61817603480","***DUPLICATE***TRowePrice - Multi-year renewal","006TU000004Lp3eYAC"
"61813263713","Renewal 2024","006TU000004HyqHYAS"
"61812492440","Renewal 2024","006TU000004Hy78YAC"
"61820381527","X panel:Responsible Lending","006TU000004G8AbYAK"
"61810938279","Findicia - Agregation","006TU000004FGmvYAG"
"61844051551","OLD Opp","006TU000004FGOjYAO"
"61814663498","Additional ETrade IAV Extension","006TU000004DONBYA4"
"61839569783","FIS - SMB Platform","006TU0000047GfGYAU"
"61851022239","NortonLifeLock, Inc - ANZ Territory Expansion SW fee","006TU0000041UMjYAM"
"61847466510","WSECU-IAV","006TU00000400nJYAQ"
"61847001172","Cruz Money - Credit Accelerator (SW+PS)","006TU000003ydj7YAA"
"61844836667","CIT - CO#3 to Agg project (SOW4)","006TU000003yGY1YAM"
"61851494175","Fifth Third Bank- Credit Meter","006TU000003vQs6YAE"
"61810317825","CDR consultation with RSM - SOW#4 CO extension of time","006TU000003jUoDYAU"
"61838796825","Set up new cobrand in AUDC and decommission USDC","006TU000003jCOHYA2"
"61841428481","Plutosoft Agg - CDR AU/NZ","006TU000003YNGbYAO"
"61815273992","Axos - S&BT, Cons Insights, PFM","006TU000003VYbZYAW"
"61848545806","NortonLifeLock, Inc - New Site Request","006TU000003SsWoYAK"
"61818225478","Barbooks UK OB expansion","006TU000003A5PkYAK"
"61847001256","Data Feed Consolidaiton","006TU00000333pFYAQ"
"61811410998","MS FL4 Upgrade","006TU0000032mWfYAI"
"61847621936","TRowePrice: User Purge > 2 Years","006TU0000031k2HYAQ"
"61807532900","Backbase - Amendment Product/Term/Territory Extension & NFCU Rev Share","006TU0000031cJFYAY"
"61850409841","Aggregation - Harbor Asset Planning","006TU0000031LNFYA2"
"61811872000","Duration Extension and Removal of SmartZip","006TU000002qu3PYAQ"
"61811411031","Liberty Group & Standandard Bank SA Limited 2024 Renewal","006TU000002nTsXYAU"
"61847622009","Fidelity - Asset Transfer POC","006TU000002jB7pYAE"
"61817133412","TRowePrice: Sync Extracts/FastLink4 AGG Upgrade/DeepLinking Finapps Consulting","006TU000002jAEzYAM"
"61849316005","Enterprise Insights","006TU000002i6QMYAY"
"61842354510","Backbase- Subscription Bill Tracker","006TU000002hj3yYAA"
"61847466516","Paycom Platform and FastLink Upgrade","006TU000002hOCPYA2"
"61848235853","UK Expansion","006TU000002gbLNYAY"
"61808467773","RBC Consumer Insights POC","006TU000002g5AGYAY"
"61812805758","Truist S&BT","006TU000002g6mDYAQ"
"61813733721","BMO S&BT","006TU000002fyyLYAQ"
"61838644007","BMO Proxy Plan","006TU000002fxxRYAQ"
"61846378140","BMO Corporate Insights POC","006TU000002fwmrYAA"
"61807225207","BMO TDE POC","006TU000002fo9OYAQ"
"61851952536","Avoka USA, Inc - 2024 Renewal - Account Verification - Jan","006TU000002e5EQYAY"
"61851173901","Alkami Technology - 2024 Renewal - Account Verification","006TU000002e5ENYAY"
"61850409995","Alkami Technology (AbeAI) - 2024 Renewal - AbeAI - Nov","006TU000002e5EOYAY"
"61850097690","Backbase U.S.A. Inc. - 2024 Renewal - Aggregation & IAV","006TU000002e5EWYAY"
"61849627207","Credit One Bank, N.A. - 2024 Renewal - Account Verification","006TU000002e5EaYAI"
"61849476199","Alkami Technology - 2024 Renewal - Aggregation Platform for Wellness","006TU000002e5ELYAY"
"61847776359","Morgan Stanley Services Group, Inc - 2024 Renewal - Account Verification - 2","006TU000002e5F4YAI"
"61846530095","Q2 Software, Inc. - 2024 Renewal - AbeAI","006TU000002e5EvYAI"
"61845448631","Mercer Global Advisors Inc - 2024 Renewal - Aggregation","006TU000002e5EjYAI"
"61843742767","PSCU Incorporated (d/b/a PSCU) - 2024 Renewal - Aggregation Platform for Wellness","006TU000002e5EtYAI"
"61840963508","Morgan Stanley Services Group, Inc - 2024 Renewal - Yodlee Direct Aggregation","006TU000002e5ErYAI"
"61840963453","Alkami Technology - 2024 Renewal - TDE - Standalone Transaction Data Enrichment","006TU000002e5EMYAY"
"61840647174","Axos Bank (Abeai) - 2024 Renewal - AbeAI","006TU000002e5EUYAY"
"61839569773","WorldPay, LLC - 2024 Renewal - Aggregation - Standalone","006TU000002e5F0YAI"
"61839569767","Avoka USA, Inc - Delta Community CU 2024 Renewal - Account Verification - Oct","006TU000002e5ERYAY"
"61820534787","Avoka USA, Inc - 2024 Renewal - Sterling","006TU000002e5ESYAY"
"61817449486","JPMorgan Chase Bank - 2024 Renewal - Account Verification","006TU000002e5EfYAI"
"61816984677","First-Citizens Bank & Trust Company, successor in interest to CIT Bank, NA - 2024 Renewal - Aggregation & IAV","006TU000002e5EdYAI"
"61816674179","PSCU Incorporated (d/b/a PSCU) - 2024 Renewal - Account Verification","006TU000002e5EuYAI"
"61816203628","PNC Bank - 2024 Renewal - Aggregation Platform for Wellness","006TU000002e5EsYAI"
"61815892569","Backbase U.S.A. Inc. - 2024 Renewal - Account Verification","006TU000002e5EXYAY"
"61814194559","Avoka USA, Inc - 2024 Renewal - Account Verification - Jul","006TU000002e5ETYAY"
"61813263711","Alkami Technology (AbeAI) - 2024 Renewal - AbeAI - May","006TU000002e5EPYAY"
"61811713312","Discover Products Inc. - 2024 Renewal - Account Verification","006TU000002e5EbYAI"
"61810785860","U.S. Bank - 2024 Renewal - Yodlee Direct Aggregation","006TU000002e5EzYAI"
"61809853028","The Huntington National Bank - 2024 Renewal - Aggregation & IAV - Jan","006TU000002e5ExYAI"
"61808003441","Royal Bank of Canada - 2024 Renewal - Yodlee Direct Aggregation","006TU000002e5EwYAI"
"61807691623","Backbase U.S.A. Inc. - 2024 Renewal - Aggregation - Standalone","006TU000002e5EVYAY"
"61807225144","JPMorgan Chase Bank - 2024 Renewal - Aggregation Platform for Wellness","006TU000002e5EeYAI"
"61852416346","Accretive Capital LLC d/b/a Benzinga - 2024 Renewal - Aggregation - Standalone","006TU000002dvBoYAI"
"61851952519","RightCapital LLC - 2024 Renewal - Aggregation - Standalone","006TU000002dvDLYAY"
"61851952503","Truthifi, Inc. - 2024 Renewal - Aggregation - Standalone","006TU000002e505YAA"
"61851638100","Retail Finance International Holdings, Inc. (Synchrony) - 2024 Renewal - Aggregation & IAV","006TU000002dvDKYAY"
"61851337004","Income Laboratory, LLC - 2024 Renewal - Aggregation - Standalone","006TU000002dvCfYAI"
"61850710892","InfoArmor Inc - 2024 Renewal - Aggregation - Standalone","006TU000002dvCgYAI"
"61850558052","SAVVI Financial LLC (Dynamic Ideas) - 2024 Renewal - Aggregation - Standalone","006TU000002dvDMYAY"
"61850245186","Remotiv LLC - 2024 Renewal - Aggregation - Standalone","006TU000002dvDJYAY"
"61849787751","Tradesmith LLC - 2024 Renewal - Aggregation - Standalone","006TU000002e504YAA"
"61849476211","Moneyspire, Inc - 2024 Renewal - Aggregation - Standalone","006TU000002dvCzYAI"
"61849166263","KMD Partners, LLC d/b/a CreditNinja - 2024 Renewal - Aggregation & IAV","006TU000002dvCpYAI"
"61848850025","Autobooks (Billhighway) - 2024 Renewal - Aggregation & IAV","006TU000002dvBvYAI"
"61848545708","OWL Finance - 2024 Renewal - Aggregation - Standalone","006TU000002dvD4YAI"
"61848235893","Wealth Access, Inc. - 2024 Renewal (AUTO 90 DAY NTT)","006TU000002e50CYAQ"
"61847622027","Biz2Credit, Inc. - 2024 Renewal/Extension - Aggregation & IAV","006TU000002dvByYAI"
"61846841864","Zoho - 2024 Renewal - Aggregation - Standalone","006TU000002e50MYAQ"
"61846378307","IGG Software - 2024 Renewal - PFM - Legacy Personal Finance","006TU000002dvCeYAI"
"61846378265","VectorVest, Inc - 2024 Renewal - Aggregation - Standalone","006TU000002e509YAA"
"61846219094","Qualia Labs, Inc. - 2024 Renewal - Aggregation - Standalone","006TU000002dvDEYAY"
"61845448779","Aero Payments LLC - 2024 Renewal - Account Verification","006TU000002dvBqYAI"
"61844981779","Rapyd Financial Network (2016) Ltd. - 2024 Renewal - Aggregation - Standalone - Oct","006TU000002dvDFYAY"
"61843895685","Accounting Seed Inc - 2024 Renewal - Aggregation - Standalone","006TU000002dvBnYAI"
"61843742590","Paycom Payroll LLC - 2024 Renewal - Aggregation - Standalone","006TU000002dvD8YAI"
"61843590446","Action Factory Inc - 2024 Renewal - Account Verification","006TU000002dvBpYAI"
"61843288953","FinGoal, Inc. - 2024 Renewal - Aggregation - Standalone","006TU000002dvCUYAY"
"61843288888","Elderscan - 2024 Renewal - Aggregation - Standalone","006TU000002dvCQYAY"
"61842820376","Upward Wealth - 2024 Renewal - AbeAI","006TU000002e507YAA"
"61842354502","Tiller LLC - 2024 Renewal - Aggregation - Standalone","006TU000002e503YAA"
"61841886265","Prog Leasing LLC - 2024 Renewal - Snapshot 2.0","006TU000002dvDCYAY"
"61841733541","HedgeOP Compliance, LLC - 2024 Renewal - PFM - Legacy Personal Finance","006TU000002dvCcYAI"
"61841428372","Stock Rover LLC - 2024 Renewal - Aggregation - Standalone","006TU000002e4zvYAA"
"61841269106","Capitect, Inc - 2024 Renewal - Aggregation - Standalone","006TU000002dvC9YAI"
"61840963474","RealPage, Inc. - 2024 Renewal - Account Verification","006TU000002dvDHYAY"
"61840336180","Certegy Payment Solutions, LLC - 2024 Renewal - Aggregation - Standalone","006TU000002dvCBYAY"
"61840180883","Grassi & Co. - 2024 Renewal - Aggregation & IAV","006TU000002dvCXYAY"
"61839874435","Oracle America, Inc. - 2024 Renewal - Aggregation - Standalone","006TU000002dvD3YAI"
"61838949292","Checkbook Inc. - 2024 Renewal - Aggregation - Standalone","006TU000002dvCCYAY"
"61819923727","Veryfi, Inc. - 2024 Renewal - Aggregation & IAV","006TU000002e50AYAQ"
"61817603612","MoneyEdge, Inc. - 2024 Renewal - Aggregation - Standalone","006TU000002dvCyYAI"
"61817603408","ExpenseWire LLC (pka Same Page Solutions) - 2024 Renewal - Aggregation - Standalone","006TU000002dvCRYAY"
"61817133446","Blackbaud - 2024 Renewal - Aggregation - Standalone","006TU000002dvBzYAI"
"61816984502","Gen Digital Inc. - 2024 Renewal - Aggregation - Standalone - Mar","006TU000002e50PYAQ"
"61816984480","Carcione Technologies Corp. - 2024 Renewal - Aggregation - Standalone","006TU000002dvCAYAY"
"61816674163","Vantage Card Services, Inc. - 2024 Renewal - Account Verification","006TU000002e508YAA"
"61816203667","The Neat Company - 2024 Renewal - Aggregation - Standalone","006TU000002e502YAA"
"61816203622","Kubera Apps Inc - 2024 Renewal - Aggregation - Standalone","006TU000002dvCqYAI"
"61815743553","BrightPlan LLC - 2024 Renewal - Account Verification","006TU000002dvC4YAI"
"61815588966","Possible Financial Inc - 2024 Renewal - Aggregation & IAV","006TU000002dvDBYAY"
"61814973841","Gen Digital Inc. - 2024 Renewal - Aggregation - Standalone - Jun","006TU000002e50QYAQ"
"61814813263","ProNvest, Inc. - 2024 Renewal - Account Verification","006TU000002dvDDYAY"
"61814813218","SpringAhead (Virtual Software) - 2024 Renewal - Aggregation - Standalone","006TU000002e4ztYAA"
"61814504072","DYN365 Inc - 2024 Renewal - Aggregation & IAV","006TU000002dvCPYAY"
"61814343532","BitRail, LLC - 2024 Renewal - Account Verification","006TU000002dvBxYAI"
"61814194595","Paysign Inc - 2024 Renewal - Account Verification","006TU000002dvD9YAI"
"61813733890","BQE Software Inc - 2024 Renewal - Aggregation - Standalone","006TU000002dvC2YAI"
"61813419581","Borderless - 2024 Renewal - Aggregation - Standalone","006TU000002dvC1YAI"
"61813419537","Wealthcare Capital Management - 2024 Renewal - Yodlee Direct Aggregation","006TU000002e50DYAQ"
"61813110956","Greyline Partners, LLC - 2024 Renewal - Aggregation - Standalone","006TU000002dvCaYAI"
"61812805785","The Closing Docs LLC - 2024 Renewal - Aggregation & IAV","006TU000002e500YAA"
"61812492545","Compound Financial, Inc. - 2024 Renewal - Aggregation - Standalone","006TU000002dvCFYAY"
"61812022713","Worth Unlimited (United First Financial) - 2024 Renewal - Aggregation - Standalone","006TU000002e50GYAQ"
"61812022685","DUPLICATE CLOSE (Horizon Investments, LLC - 2024 Renewal - Aggregation - Standalone)","006TU000002dvCdYAI"
"61811872061","Integrated Rewards - 2024 Renewal - Aggregation - Standalone","006TU000002dvChYAI"
"61811713208","Phlo, Inc. - 2024 Renewal - Aggregation - Standalone","006TU000002dvDAYAY"
"61811713058","Rapyd Financial Network (2016) Ltd. - 2024 Renewal - Aggregation - Standalone - Mar","006TU000002dvDGYAY"
"61811562079","BrightPlan LLC - 2024 Renewal - Aggregation & IAV","006TU000002dvC5YAI"
"61811102590","Yellow Labs Software - 2024 Renewal - Aggregation - Standalone","006TU000002e50IYAQ"
"61810938254","ReconArt Inc - 2024 Renewal - Aggregation - Standalone","006TU000002dvDIYAY"
"61810627095","2ndSite Inc dba FreshBooks - 2024 Renewal - Aggregation - Standalone","006TU000002dvBmYAI"
"61810317650","Odoo Inc - 2024 Renewal - Account Verification","006TU000002dvD1YAI"
"61810172930","Sequoia Benefits & Insurance Services, LLC - 2024 Renewal - Aggregation & IAV","006TU000002e4zpYAA"
"61809707356","Geowealth Management - 2024 Renewal - Aggregation - Standalone","006TU000002dvCVYAY"
"61809398563","Gen Digital Inc. - 2024 Renewal - Aggregation - Standalone - Sept","006TU000002e50RYAQ"
"61809398368","CountAbout Corporation - 2024 Renewal - Aggregation - Standalone","006TU000002dvCJYAY"
"61808925272","Buxfer Inc. - 2024 Renewal - Aggregation - Standalone","006TU000002dvC7YAI"
"61808615811","Simply Studio System - 2024 Renewal - Aggregation - Standalone","006TU000002e4zqYAA"
"61808467728","Cornerstone Home Lending, Inc. - 2024 Renewal - Snapshot 2.0","006TU000002dvCIYAY"
"61808155177","Nexonia, Inc. - 2024 Renewal - Aggregation - Standalone","006TU000002dvD0YAI"
"61807691611","Blueleaf Wealth, Inc. - 2024 Renewal - Aggregation - Standalone","006TU000002dvC0YAI"
"61807533132","Plinqit, Inq. - 2024 Renewal - Aggregation & IAV","006TU000002e50NYAQ"
"61807384225","Jetson Systems - 2024 Renewal - Aggregation - Standalone","006TU000002dvCkYAI"
"61807225187","Financial Symmetry Inc - 2024 Renewal - Aggregation - Standalone","006TU000002dvCSYAY"
"61806916971","CircleBlack, Inc. - 2024 Renewal - Aggregation - Standalone","006TU000002dvCEYAY"
"61806762878","Paragon Computer Solutions LLC aka TripsWare - 2024 Renewal - Aggregation - Standalone","006TU000002dvD6YAI"
"61852260513","John Hancock Life Insurance Company (U.S.A.) - 2024 Renewal - Yodlee Direct Aggregation","006TU000002e4tbYAA"
"61850710933","CLOSE/DUPLICATE: ICMA Retirement Corporation - 2024 Renewal - Account Verification","006TU000002e4taYAA"
"61850558228","Principal Life Insurance Company - 2024 Renewal - Yodlee Direct Aggregation","006TU000002e4thYAA"
"61850558220","Empower Retirement - 2024 Renewal - Aggregation","006TU000002e4tXYAQ"
"61849315992","Alerus Financial, National Association - 2024 Renewal - Yodlee Direct Aggregation","006TU000002e4tNYAQ"
"61847926616","Northern Trust Corporation - 2024 Renewal - Account Verification - 2","006TU000002e4twYAA"
"61846687315","***SYSTEM CREATED DUPLICATE CLOSE***TIAA-CREF - 2024 Renewal - Yodlee Direct Aggregation","006TU000002e4tqYAA"
"61846378148","Charles Schwab & Co - 2024 Renewal - Yodlee Direct Aggregation","006TU000002e4tSYAQ"
"61844836725","NinjaTrader Clearing, LLC - 2024 Renewal - Account Verification","006TU000002e4tdYAA"
"61844670507","Transamerica - Annual Auto-Renewal (NTT 5/31/24)","006TU000002e4tsYAA"
"61844051349","***SYSTEM DUPLICATE***Thrivent Financial for Lutherans - 2024 Renewal - Yodlee Direct Aggregation","006TU000002e4toYAA"
"61843440045","The Cincinnati Insurance Company - 2024 Renewal - Account Verification","006TU000002e4tmYAA"
"61843288946","***SYSTEM DUPLICATE***T. Rowe Price Associates, Inc. - 2024 Renewal - Yodlee Direct Aggregation","006TU000002e4tlYAA"
"61843132045","Northern Trust Corporation - 2024 Renewal - PFM - Legacy Personal Finance","006TU000002e4teYAA"
"61839097407","Goldman Sachs Group Inc - 2024 Renewal - Yodlee Direct Aggregation","006TU000002e4tZYAQ"
"61838949239","***SYSTEM DUPLICATE CLOSE***TIAA-CREF - 2024 Renewal - Account Verification","006TU000002e4tpYAA"
"61819611440","****SYSTEM DUPLICATE CLOSE***TIAA-CREF - 2024 Renewal - Asset Transfer Service","006TU000002e4trYAA"
"61815588916","Northern Trust Corporation - 2024 Renewal - Account Verification - 1","006TU000002e4tfYAA"
"61815117898","***CLOSE DUPLICATE***Wealthfront Corporation - 2024 Renewal - Aggregation - Standalone","006TU000002e4tuYAA"
"61813886556","***SYSTEM DUPLICATE***T. Rowe Price Associates, Inc. - 2024 Renewal - Account Verification","006TU000002e4tkYAA"
"61813579290","Empower Retirement - 2024 Renewal - Aggregation - Standalone","006TU000002e4tvYAA"
"61811713067","UBS Financial Services - 2024 Renewal - Yodlee Direct Aggregation","006TU000002e4tzYAA"
"61811102507","Vanguard Group Inc - 2024 Renewal - Yodlee Direct Aggregation","006TU000002e4ttYAA"
"61809707344","Charles Schwab & Co - 2024 Renewal - Account Verification","006TU000002e4tRYAQ"
"61852575786","Xero Limited - 2024 Renewal - Aggregation - Standalone","006TU000002dokuYAA"
"61852416391","Exceleris Consulting Pty Ltd - 2024 Renewal - Aggregation - Standalone","006TU000002dok4YAA"
"61848545665","My Prosperity Pty Ltd - 2024 Renewal - Aggregation - Standalone","006TU000002dokNYAQ"
"61847926696","Argus, Inc. - 2024 Renewal - Aggregation - Standalone","006TU000002dol4YAA"
"61847776298","MSSD Ltd - 2024 Renewal - Aggregation - Standalone","006TU000002dvOxYAI"
"61847466533","zipMoney Payments Pty Ltd - 2024 Renewal - Aggregation & IAV","006TU000002dokvYAA"
"61847466421","Wise US Inc - 2024 Renewal - Account Verification","006TU000002dvPMYAY"
"61847001254","ExplorIT cc - 2024 Renewal - Aggregation - Standalone","006TU000002dolGYAQ"
"61846378282","Sybiz Software Pty Ltd - 2024 Renewal - Aggregation - Standalone","006TU000002dokjYAA"
"61845760440","Investec Limited LLC - 2024 Renewal - PFM - Legacy Personal Finance","006TU000002dvOlYAI"
"61845137179","Frollo Australia Pty Ltd - 2024 Renewal - Aggregation - Standalone - Apr","006TU000002dok7YAA"
"61844670547","Microsoft Development Center Copenhagen - 2024 Renewal - Aggregation - Standalone","006TU000002dvOsYAI"
"61844366402","True Potential LLC - 2024 Renewal - Aggregation - Standalone","006TU000002dvPJYAY"
"61843440167","Maji Financial Wellbeing Ltd - 2024 Renewal - Aggregation - Standalone","006TU000002dvOqYAI"
"61842970787","Frollo Australia Pty Ltd - 2024 Renewal - Aggregation - Standalone - Oct","006TU000002dok6YAA"
"61842503741","Booster Financial Services Ltd (Company No. 891419) - 2024 Renewal - Aggregation - Standalone","006TU000002dojuYAA"
"61842354562","BudgetBakers - 2024 Renewal - Aggregation - Standalone","006TU000002dol8YAA"
"61842354555","Money Management Group Pty Ltd - 2024 Renewal - Aggregation - Standalone","006TU000002dokJYAQ"
"61841733471","Data Trends Australia Pty Ltd (CreditSense) - 2024 Renewal - Aggregation - Standalone","006TU000002dok2YAA"
"61841428338","Sage Global Services Limited - 2024 Renewal - Aggregation - Standalone","006TU000002dvPCYAY"
"61840647193","ibCom Pty Ltd - 2024 Renewal - Aggregation - Standalone","006TU000002dok8YAA"
"61839874463","Meeco Group Pty Ltd (SVX Holdings) - 2024 Renewal - Aggregation - Standalone","006TU000002dokIYAQ"
"61839874407","Advanced Financial Analytics Ltd - 2024 Renewal - Aggregation - Standalone","006TU000002dokyYAA"
"61839725351","FISKL LIMITED - 2024 Renewal - Aggregation - Standalone","006TU000002dolMYAQ"
"61839569576","KSA Tech Consulting Pvt Limited - 2024 Renewal - Aggregation - Standalone","006TU000002dokCYAQ"
"61838796867","Stable-Eyes - 2024 Renewal - Aggregation - Standalone","006TU000002dokhYAA"
"61838643979","McLedger Accounting - 2024 Renewal - Aggregation - Standalone","006TU000002dvOrYAI"
"61820237114","Fyle Inc - 2024 Renewal - Aggregation - Standalone","006TU000002dvOgYAI"
"61819763742","Marmalade Australia Pty Ltd - 2024 Renewal - Aggregation - Standalone","006TU000002dokHYAQ"
"61819308354","PocketMoney GmBH - 2024 Renewal - Aggregation - Standalone","006TU000002dvP6YAI"
"61819146570","Bookipi Pty Ltd - 2024 Renewal - Aggregation & IAV","006TU000002dojtYAA"
"61817286711","86400 Technology Pty Ltd (Cuscal) - 2024 Renewal - Aggregation - Standalone","006TU000002dojpYAA"
"61816825896","Property Me Pty Ltd - 2024 Renewal - Aggregation - Standalone","006TU000002dokWYAQ"
"61816825758","Picture Wealth Pty Ltd (Future Penny) - 2024 Renewal - Aggregation - Standalone","006TU000002dokUYAQ"
"61815892611","Navexa Services Pty Ltd - 2024 Renewal - Aggregation - Standalone","006TU000002dokPYAQ"
"61815431346","OGL Software Limited - 2024 Renewal - Aggregation - Standalone","006TU000002dvP3YAI"
"61815117883","Moneyinfo Limited - 2024 Renewal - PFM - Legacy Personal Finance","006TU000002dvOwYAI"
"61814663333","Money Labs - 2024 Renewal - Aggregation - Standalone","006TU000002dvOuYAI"
"61814194487","VGW US, Inc. - 2024 Renewal - Aggregation - Standalone","006TU000002doksYAA"
"61813419443","Commonwealth Bank of Australia - 2024 Renewal - Account Verification","006TU000002dok1YAA"
"61812805698","Net Worth App Pty Ltd - 2024 Renewal - Aggregation - Standalone","006TU000002dokQYAQ"
"61812492590","Alpha Enterprises Group (Pty) Ltd. - 2024 Renewal - Aggregation - Standalone","006TU000002dol1YAA"
"61811872070","Clear 21 - 2024 Renewal - Aggregation - Standalone","006TU000002dojzYAA"
"61811102601","Palladium Business Solutions (Pty) Ltd - 2024 Renewal - Aggregation - Standalone","006TU000002dvP5YAI"
"61810172589","Myna Australia Pty Ltd - 2024 Renewal - Aggregation - Standalone","006TU000002dokOYAQ"
"61809398561","WeMoney Pty Ltd - 2024 Renewal - Aggregation - Standalone","006TU000002doktYAA"
"61809243654","MiiCard - 2024 Renewal - PFM - Legacy Personal Finance","006TU000002dvOtYAI"
"61807225232","Intelliflo Ltd - 2024 Renewal - Aggregation - Standalone","006TU000002dvOkYAI"
"61807225143","Lula Lend - 2024 Renewal - Aggregation - Standalone","006TU000002dvOoYAI"
"61850869271","EFTSure - US License","006TU000002angzYAA"
"61840181030","Change order for additional Open Banking Migrtaion Testing","006TU000002X1QnYAK"
"61839263260","Horizon Investments, LLC - 2024 Renewal","006TU000002WyvzYAC"
"61806916962","E*Trade IAV Extension","006TU000002WPBpYAO"
"61819923795","Credit Accelerator","006TU000002Q3HFYA0"
"61845448728","Change order for additional support:  catagorization & SOAP migration","006TU000002P0oUYAS"
"61851952546","NortonLifeLock, Inc - ANZ Territory Expansion PS","006TU000002HYKHYA4"
"61848697356","Mortgage House of Australia - 2024 Renewal","006TU000002BbO5YAK"
"61841886297","Saasu Pty Ltd - 2024 Renewal","006TU000002Bai9YAC"
"61815588917","TicToc Online Pty Ltd - 2024 Renewal","006TU000002BTGtYAO"
"61809398436","Renewal 2024","006TU000002BXxBYAW"
"61809243512","Reckon - 2024 Renewal","006TU000002BXE1YAO"
"61845603246","PayPal Xoom - BR add-on","006TU0000028QCHYA2"
"61843439987","Webull Financial LLC - 2024 Renewal","006TU0000027vejYAA"
"61840803124","US Environment for DevX","006TU0000026RCVYA2"
"61852260458","Truist IAV Implementation","006TU0000022y8cYAA"
"61851952793","Oath, Inc. - 2024 Renewal","006TU0000022KMVYA2"
"61847622181","Acting Office - UK OB Agency - Accounting","006TU0000020DKHYA2"
"61811102475","Wealthica Renewal","006TU000001yqkjYAA"
"61846841869","RBC - Aggregation Change Order - Duration Extension","006TU000001ptOTYAY"
"61850869055","BMO FinApps Upgrade Change Order","006TU000001pQr8YAE"
"61852260512","Concur Technologies - 2024 Renewal","006TU000001pGyDYAU"
"61852260459","CDR License Fee","006TU000001ooAjYAI"
"61842664073","Rise SA 2024 Renewal","006TU000001lRnOYAU"
"61819611500","Iplicit - 2024 Renewal","006TU000001lTsPYAU"
"61841115139","Wedge Fintech 2024 Renewal","006TU000001lQZbYAM"
"61847148570","RBC Aggregation POC","006TU000001g8OnYAI"
"61808771642","CIT - Change Order to Agg project (SOW4)","006TU000001fzDRYAY"
"61820073355","NortonLifeLock, Inc - 2024 Renewal","006TU000001f161YAA"
"61807384153","NortonLifeLock, Inc - UK Territory Expansion fee","006TU000001etlFYAQ"
"61819452560","FCB IAV","006TU000001eYjxYAE"
"61808925244","Target Corporation - 2024 Renewal","006TU000001dIu9YAE"
"61842049383","Edge - PII Expansion","006TU000001dEQkYAM"
"61841733504","Venmo IAV","006TU000001T8srYAC"
"61845760570","Freshbooks - SOW Change Order ($10k PS)","006TU000001LpzpYAC"
"61841115182","Credit Accelerator SOW#1","006TU000001K2UxYAK"
"61839569585","AIP- Change Order for SOW03 FL Upgrade","006TU000001Jn6AYAS"
"61818995712","Object Map 2024 Renewal","006TU000001FQjBYAW"
"61842049325","Blue Speck Financial(MoneyHub) 2024 Renewal","006TU000001F4CQYA0"
"61847622008","22seven 2024 Renewal","006TU000001F4luYAC"
"61811411067","Blackbaud - Decommission Old Environment 30110008380","006TU0000013LlhYAE"
"61852260529","NFCU-  Planning","006TU000000warBYAQ"
"61815274079","First Command - Agg SOW","006TU000000usx0YAA"
"61810008136","The Government Employee Superannuation Board- OB / IAV","006TU000000s15bYAA"
"61839874401","JMS - Aggregation","006TU000000ryXVYAY"
"61810317689","Standard Bank - Bank Analytics","0068V00000zihDpQAI"
"61820237207","NFCU- TDE Duration Extension 2","0068V00000zicmCQAQ"
"61818837252","NFCU- Performance Testing Environment","0068V00000zibnPQAQ"
"61849014818","Capital One - IAV RFP","0068V00000zibmgQAA"
"61843288949","Old National Bank - SMB","0068V00000zibfdQAA"
"61842354495","Old National Bank - Commercial IAV","0068V00000zibe1QAA"
"61850097709","YCA","0068V00000ziamEQAQ"
"61849476148","Renewal Upsell for Aggregation for United Capital","0068V00000ziZdxQAE"
"61815431269","Concur Technologies - UK Expansion","0068V00000ziYapQAE"
"61806457004","Vanguard - PS for My Yodlee SSO and FL4 upgrade","0068V00000ziXfgQAE"
"61813419536","Vanguard - Renewal upsell","0068V00000ziXcmQAE"
"61818225491","Renewal 2023","0068V00000ziTwCQAU"
"61852260610","Renewal 2023","0068V00000ziTveQAE"
"61807384219","Early 2023 Renewal","0068V00000ziTikQAE"
"61809548639","TransferWise 2023 Renewal (MSA)","0068V00000ziQUyQAM"
"61850558135","IQ Ventures / Pathtivity - IAV","0068V00000ziKwVQAU"
"61813733889","Tic Toc Home Loands-","0068V00000ziGTBQA2"
"61844836687","Dominos A/NZ - Agg OB/SS","0068V00000ziCssQAE"
"61848545661","S&BT POC","0068V00000zi1AlQAI"
"61846687239","EJ - IEB Analytics","0068V00000zhwVaQAI"
"61847466594","Empower - IDE","0068V00000zhwMYQAY"
"61851790659","TIAA - Advisor Insights & Advisor View","0068V00000zhwCHQAY"
"61812492410","BMO US Credit Meter","0068V00000zhqnhQAA"
"61806763024","NYL - Aggregation + Sync Extracts","0068V00000zhk1lQAA"
"61852575753","Fidelity Bank of NC - Agg, PFM","0068V00000zhi9VQAQ"
"61817286673","MSA Renewal","0068V00000zhfy3QAA"
"61808467768","Custom Panel - American Express","0068V00000zhRl9QAE"
"61815892610","CIT - Change Order to SOW4","0068V00000wmwJWQAY"
"61845920109","Amex/Blueprint - SMB Revenue Index Annual Fee","0068V00000wmYIjQAM"
"61820237156","Comerica 2024 Agg Renewal (Auto)","0068V00000wmYFuQAM"
"61819452553","Tyfone- 3 Year Renewal","0068V00000wmXh9QAE"
"61841886270","Paycom Account Verification","0068V00000wmOkKQAU"
"61839569522","Backbase- Micro Deposits","0068V00000wmIxiQAE"
"61840180882","Wells Fargo- IAV","0068V00000wm0vkQAA"
"61844525585","***CLOSING DUPLICATE***Wealth Access, Inc. - 2024 Renewal","0068V00000wljv0QAA"
"61839410019","Franklin Temp - 4th QTR 2023 Renewal","0068V00000wlYwdQAE"
"61819146322","T&M Budget FinApp integration > MGP","0068V00000wlUi0QAE"
"61808309303","Horizon Renewal","0068V00000wlQatQAE"
"61818679091","2nd Production Environment (OB Testing only) - Discovery","0068V00000wlPm2QAE"
"61844836791","FL3 Re-Branding","0068V00000wlLOSQA2"
"61820237138","Cetera Financial Group, Inc Renewal - 2024","0068V00000wlI31QAE"
"61838949280","Seeking Alpha - Aggregation & IDE","0068V00000wl9RfQAI"
"61847311747","KeyBank - 2024/2025 Renewal","0068V00000wl31AQAQ"
"61848076594","MoneyGuidePro - 2024 Renewal","0068V00000xFpyiQAC"
"61843590402","BNY Pershing - Agg/IAV/IDE","0068V00000xFdSiQAK"
"61840803168","Pershing - CO DE for upgrade project","0068V00000xFRanQAG"
"61840963370","Wealthfront: Credit Accelerator","0068V00000xEbhHQAS"
"61806456910","Regions Data Aggregation RFP","0068V00000xEbUmQAK"
"61812805646","CLOSE-DUPLICATE (Thrivent ATV/ACATS)","0068V00000xEbLVQA0"
"61814973866","ICMA (Mission Square) '24-'25 Auto-Renewal","0068V00000xEbD2QAK"
"61839263334","***DUPLICATE*** CLOSING***Transamerica 2024 Renewal","0068V00000xEb9AQAS"
"61841115167","(DUPLICATE AND CLOSING) CinFi 2024 Renewal","0068V00000xEb1qQAC"
"61852575631","RBC Canada S&BT","0068V00000xEb40QAC"
"61816825721","TIAA: MSA Renewal (Not Auto-Renewal)","0068V00000xEb1pQAC"
"61811872028","Carson Agg Renewal 2024","0068V00000xEayCQAS"
"61843895594","Millennium Renewal 2025","0068V00000xEawfQAC"
"61818225535","Wealthfront: Renewal","0068V00000xEawBQAS"
"61840500151","BMO Canada Credit Accelerator","0068V00000xEasiQAC"
"61812186693","AssetMark, Inc. - 2024 Renewal","0068V00000xEamzQAC"
"61811102607","TRowePrice - MSA Full year auto-renwal","0068V00000xEag8QAC"
"61808155201","DST/SS&C Renewal 2024","0068V00000xEaaUQAS"
"61813263658","BMO CA IE4B","0068V00000xEaXHQA0"
"61810938387","TRowePrice - Advisor Insights & Advisor View","0068V00000xEaUDQA0"
"61848850024","***CLOSING - Pivot to YOD Smart Plan***TRowePrice: Insights Engine (Standard Out-of-the Box)","0068V00000xEaRiQAK"
"61808925044","Edward Jones 2024 Renewal","0068V00000xEaGvQAK"
"61813579324","A360 - IAV","0068V00000xEZbPQAW"
"61839263378","Asset Transfer Verification","0068V00000xEZWFQA4"
"61816514191","UBS Wealth: SOW18 - Batch Data Feed T&M (SOW17 consulting carry)","0068V00000xEZTlQAO"
"61839410010","A360 - Yodlee PFM","0068V00000xEZQlQAO"
"61816203624","Container Enablement - Consulting","0068V00000xEZP9QAO"
"61838949300","PayPal Braintree Unbranded Merchants - Channel Expansion IAV","0068V00000xEZImQAO"
"61816357744","WeBull - Credit Accelerator","0068V00000xEZGCQA4"
"61846219073","PayPal Australia Expansion","0068V00000xEZDOQA4"
"61813419540","NBH Business Insights PS","0068V00000xEXgqQAG"
"61810478454","Business Insights/Tech Apps","0068V00000xEXfdQAG"
"61818225524","Amex - EBI","0068V00000xEXfOQAW"
"61849627268","NFCU- Subscription Bill Tracker","0068V00000xEXJrQAO"
"61851952545","Upgrade and customisation to FL4 + CDR implementation","0068V00000xEV8YQAW"
"61845448726","Connecting Xero to CDR","0068V00000xEV1YQAW"
"61815117897","Risk Analytics","0068V00000xETwNQAW"
"61812332320","Investec Renewal - 2023","0068V00000xEFpCQAW"
"61809243535","Sage Global Agreement Renewal - 2023","0068V00000xEFoYQAW"
"61806607188","CO #1 to SOW21 (ACATS Duration Extension)","0068V00000xEFVVQA4"
"61814194542","Aggregation - 1 Year Auto Renewal","0068V00000xEAtbQAG"
"61808155229","FL4 Upgrade Extension","0068V00000xE93XQAS"
"61851022222","NFCU- MyYodlee SSO","0068V00000xDlo6QAC"
"61843895624","API Upgrade from SOAP","0068V00000z1krLQAQ"
"61851336992","Tyfone Aggregation & FinApps","0068V00000z1cruQAA"
"61840025128","Alkami - Reseller FinApp Integration","0068V00000z1cqXQAQ"
"61850097707","Consumer Insights & Peer Benchmarking","0068V00000yfEbxQAE"
"61844525430","Income/Expense Analysis FinApp + Re-Skin","0068V00000yfD2WQAU"
"61817449348","Yodlee/RSM consultation for Ubank ADR accrediation","0068V00000yf0lJQAQ"
"61816046496","PS Upgrade","0068V00000yenKJQAY"
"61810172599","Cruz Money IAV upsell","0068V00000yeivCQAQ"
"61811411054","FIS June 2024 Month to Month Renewal","0068V00000yeitZQAQ"
"61847001240","FIS May 2024 Month to Month Renewal","0068V00000yeitAQAQ"
"61844670524","FIS April 2024 Month to Month Renewal","0068V00000yeisbQAA"
"61812950427","FIS March 2024 Month to Month Renewal","0068V00000yeirYQAQ"
"61816203627","FIS February 2024 Month to Month Renewal","0068V00000yeiKkQAI"
"61806456999","Amendment 3 to SOW 13","0068V00000yegg8QAA"
"61817905987","Easy Business App - Agg AU","0068V00000yecJbQAI"
"61846687289","Lumin SMB Experience","0068V00000yebrxQAA"
"61808615759","Lumin FL4 Upgrade","0068V00000yebvDQAQ"
"61809852990","1.1 no FL Upgrade & New Co-brand","0068V00000yeOf9QAE"
"61818679100","UK Expansion","0068V00000yeBPKQA2"
"61812805647","ACA - PS FLv4 Upgrade & New Multi-tenant envt","0068V00000ye0OjQAI"
"61819308471","NFCU- TDE Duration Extension","0068V00000ye02lQAA"
"61849627208","FIS January 2024 Month to Month Renewal","0068V00000ydbF8QAI"
"61846219067","ElisyanWealth - Agg","0068V00000ydVayQAE"
"61807225135","FL4 upgrade","0068V00000ydNYOQA2"
"61815274040","FL2 to FL4 Upgrade - RBC","0068V00000ydJUtQAM"
"61852260534","SMB Transaction Catagorization","0068V00000ydEwCQAU"
"61819923794","Amendment 1 to SOW 11","0068V00000yd68nQAA"
"61841115047","Carson FL4 Upgrade","0068V00000ycl4iQAA"
"61814973859","Alkami Subscription and Bill Tracker","0068V00000ycRykQAE"
"61851494073","Alkami Credit Accelerator","0068V00000ycRtVQAU"
"61818995594","IAV CO Duration Ext SOW","0068V00000wJ6CrQAK"
"61808771598","IEB Analytics First Module","0068V00000wIoUSQA0"
"61818368074","Facet Wealth: IAV on DevPortal","0068V00000wHzAOQA0"
"61844210331","Navy Federal Credit Union- T&M SOW for Ongoing Consulting","0068V00000wHowRQAS"
"61844366375","FIS Aggregation Roll Out Support","0068V00000wHaEqQAK"
"61819452579","Truist Credit Accelerator","0068V00000wHVdPQAW"
"61811102474","Truist Reskin FinApps","0068V00000wHVc2QAG"
"61848235704","Truist ATV for ACATS","0068V00000wHVVpQAO"
"61810478401","Canada Data agg & insights for financial monitoring","0068V00000yEPi4QAG"
"61815743565","Infinant Data agg add on","0068V00000yEPelQAG"
"61809243653","ICICI IAV - Remittance portal(Software Booking)","0068V00000yEMksQAG"
"61810478399","CDR","0068V00000yEMBwQAO"
"61807225189","Regions - SMB","0068V00000yDrQOQA0"
"61843440139","True Data Processing-","0068V00000yDVFCQA4"
"61845291572","Amex - PS SAML T&M Support","0068V00000yD8uuQAC"
"61841886119","2nd Stage Environment Renewal","0068V00000yD80OQAS"
"61818995606","UK Open Banking","0068V00000wvM6lQAE"
"61845448711","PNC BDP","0068V00000wvFi2QAE"
"61850869053","AMEX IAV PS (AUSTRALIA)","0068V00000wv5qWQAQ"
"61811102484","Amex US - TAM New Booking","0068V00000wux34QAA"
"61844836692","IAV, Data Agg Credit Accelerator","0068V00000wuv6YQAQ"
"61807691540","TDE for Held Data","0068V00000wutkJQAQ"
"61807070637","PayPal PS - FastLink 3.0 UI Changes","0068V00000wufSgQAI"
"61852575809","IAV","0068V00000wucShQAI"
"61844210284","US Bank RFP for Agg, IAV, TDE, Account Switching & Analytics","0068V00000wuG1UQAU"
"61818837315","Direct ID (MiiCard) 2023 Renewal","0068V00000wu8I0QAI"
"61807841396","Intelliflo 2023 Renewal","0068V00000wu7n9QAA"
"61843742807","Money Labs Renewal - 2023","0068V00000wu7gNQAQ"
"61813419579","AMEX AU Support","0068V00000wu6RmQAI"
"61849627197","PNC Trial: BDI","0068V00000wtfe0QAA"
"61839569499","Asset Transfer Verification","0068V00000wtCFgQAM"
"61816514052","NWM May 2024 Renewal","0068V00000wtAkyQAE"
"61851022159","Warden.Global - Aggregation Global","0068V00000wtABzQAM"
"61840500347","BAC Custom Reporting","0068V00000wt7ocQAA"
"61838796866","NBH Bank - Micro Entries","0068V00000wt603QAA"
"61839725412","Micro Entries - NBH Bank","0068V00000wt6QvQAI"
"61812492467","NBH Bank - Credit Accelerator","0068V00000wt6NmQAI"
"61808467594","Pershing - ATV","0068V00000wt5azQAA"
"61844210292","Bitventure - ZA","0068V00000wt2XpQAI"
"61839409971","KeyBank IAV + ATV","0068V00000wsnliQAA"
"61808003605","JPMC FL4 Upgrade","0068V00000wsflwQAA"
"61838796906","Discover - Credit Accelerator","0068V00000wsdWnQAI"
"61844836647","Subscription Bill Management","0068V00000wscURQAY"
"61815588887","BAC Subscription & Bill Tracker, TDE, IEB","0068V00000wsZeYQAU"
"61818534062","US Bank Embedded Finance","0068V00000wsYnhQAE"
"61818225523","US Bank Micro-savings","0068V00000wsYkRQAU"
"61847926592","US Bank Bank Data Index","0068V00000wsYiuQAE"
"61811871926","US Bank Credit Accelerator","0068V00000wsYhJQAU"
"61814813300","US Bank Insights Engine for Banking","0068V00000wsYeFQAU"
"61846687317","US Bank Small Business Dashboard","0068V00000wsYOCQA2"
"61840803227","US Bank Bill & Subscription Tracker","0068V00000wsYKyQAM"
"61851790630","PS FL4 Upgrade","0068V00000wsUVdQAM"
"61848235827","CIBC RFP: Bank Data Platform","0068V00000wsQ6SQAU"
"61811871925","Analytics POC","0068V00000wrbysQAA"
"61848235902","Net New Subs","0068V00000wrZnEQAU"
"61806302642","FIS - 2024 Renewal","0068V00000wrCWpQAM"
"61852416434","USAA Insights Engine for Banking Data Trial 6 Month Renewal","0068V00000wrCWLQA2"
"61817603479","Global Merchant Lending - True Up","0068V00000wrB5KQAU"
"61840180915","Morpheus Wealth - Agg","0068V00000wr5mXQAQ"
"61814663486","EFFI - Finapps PS Project","0068V00000wqfl2QAA"
"61813886476","NFCU- SMB","0068V00000wqH0BQAU"
"61814663452","BMO Harris - Customer Portal for Wealth","0068V00000wqF37QAE"
"61841269342","BAC Data Purge Project","0068V00000wqBUWQA2"
"61820237135","Truist SMB Portal","0068V00000wpbN3QAI"
"61846219011","Recurring Transactions Data Purge","0068V00000wpZ2RQAU"
"61814343492","Credit Sense (New MSA)","0068V00000wpWjwQAE"
"61808615741","Agg and FinApps","0068V00000wpD4DQAU"
"61850409857","Enova - Credit Accelerator","0068V00000wpBNAQA2"
"61809243684","MDG IAV-2024 Renewal","0068V00000wp36iQAA"
"61844525449","Disable User Defined Categories","0068V00000wolMvQAI"
"61843131984","FL3 Config Changes","0068V00000woetKQAQ"
"61812492449","Synchrony Credit Accelerator-POV","0068V00000woMTiQAM"
"61849014685","Custodial Acct Agg - Admin Credentials","0068V00000woIGFQA2"
"61809398447","Huntington Statement Capture","0068V00000woICmQAM"
"61838644017","Centrix - PS SOW","0068V00000wo0M1QAI"
"61816203609","Screen Scraping Agg - ANZ","0068V00000wnjyAQAQ"
"61840181023","Class Technology Group OB AU","0068V00000wnjkhQAA"
"61839569762","SMB Portal","0068V00000wneI8QAI"
"61842354547","BAC SMB","0068V00000wndyyQAA"
"61807691621","Huntington Bill Migration for Onboarding","0068V00000wnWPYQA2"
"61841115052","Citigroup - RFP Sub Bill Mgmt","0068V00000wnD4YQAU"
"61808155168","Millennium Renewal 2024","0068V00000vlxV0QAI"
"61819146313","Aggregate Product (MC)- Vanguard","0068V00000vlvEnQAI"
"61807691603","True Potential LLC Renewal - 2023","0068V00000vlbORQAY"
"61816514116","Sammedia Q3 2023 Renewal","0068V00000vlbK0QAI"
"61813111091","Microsoft Development Center 2023 Renewal","0068V00000vlazKQAQ"
"61811410995","Lula Lend Renewal - 2023","0068V00000vlafwQAA"
"61847926688","BudgetBakers Renewal - 2023","0068V00000vlaVXQAY"
"61847311878","CDR Implementation","0068V00000vlN6gQAE"
"61819452531","Enable new territory - NZ","0068V00000vlN6HQAU"
"61846064978","UK Open Banking","0068V00000vlN5sQAE"
"61812186742","Enable SS for NZ","0068V00000vlN4zQAE"
"61850558245","US Open Banking","0068V00000vlN4BQAU"
"61815117732","Technology One - PS Implementation SOW","0068V00000vkyTXQAY"
"61840963378","Action Factory New IAV","0068V00000vkhNeQAI"
"61814973851","Ally TCS","0068V00000wffNRQAY"
"61843288912","EFT Sure IAV - Screen Scraping ANZ","0068V00000wfVDqQAM"
"61841585431","Lumiant - Insights and Harvest","0068V00000wfTgoQAE"
"61846687276","First Command - Data Aggregation - Dupe from Wealth SF","0068V00000wfOMNQA2"
"61810317700","TD Bank US - IAV","0068V00000wejguQAA"
"61843590318","TD Bank-","0068V00000wejVhQAI"
"61839409979","PNC Bank Deposit Index","0068V00000wegfIQAQ"
"61851336990","L3 Funding LLC-","0068V00000waAepQAE"
"61810785898","Anchor Bookkeeping Renewal - 2023","0068V00000wY0uEQAS"
"61845448774","Rise SA 2023 Renewal","0068V00000wY0FbQAK"
"61818368017","TCS AU CBA BANK","0068V00000wXPwvQAG"
"61847776354","SOW 29 Insights Data Feed and Consulting","0068V00000wXE3DQAW"
"61849627149","Axos Credit Accelerator","0068V00000wXBxrQAG"
"61841886114","AMEX YCA AUSTRALIA - PS IMPLEMENTATION","0068V00000wX0NaQAK"
"61844366395","FL4 Upgrade for ATV","0068V00000wWQrjQAG"
"61809548661","Amex US Renewal - Product Schedule 11 (RI/Agg) - 3 month extension","0068V00000wWQFXQA4"
"61847926683","Huntington - TCS Referral","0068V00000wWLrSQAW"
"61844366363","Axos Bank ACATs","0068V00000wWJzWQAW"
"61844051348","PNC TCS","0068V00000wNiL1QAK"
"61810478395","JPMC - TCS","0068V00000wNhxfQAC"
"61845137322","Axos Bank Abe Data Curation Renewal","0068V00000wNHwQQAW"
"61851952677","PS FL4 Upgrade","0068V00000wNAFeQAO"
"61809707372","Axos Zenith Credit Aggregation","0068V00000wMq5OQAS"
"61809082992","Blue Speck Financial(MoneyHub) 2023 Renewal","0068V00000wMmeWQAS"
"61810938288","Tic:Toc - 2023 Renewal","0068V00000wL3VUQA0"
"61814813229","NFCU- Finapps","0068V00000wL0j7QAC"
"61818534188","Agg for UK, AU, CAD, US","0068V00000wKr1pQAC"
"61849476009","United First Financial FL4 Upgrade","0068V00000wKr0bQAC"
"61849787701","Discover TCS Partnership","0068V00000wKYzGQAW"
"61842049350","Investec FL4.0 & FinApps CO #1","0068V00000wKXwxQAG"
"61848545818","NFCU- Credit Accelerator","0068V00000wKIh1QAG"
"61814343470","TF Holdings - Credit Accelerator","0068V00000wKHY7QAO"
"61844366427","Ameriprise: Data Aggregation, PFM, Sync Extracts","0068V00000wKGr3QAG"
"61852416513","Actum Processing, LLC - 2023 Renewal","0068V00000wK79DQAS"
"61852260501","Elderscan - 2023 Renewal","0068V00000wK79qQAC"
"61852260483","NortonLifeLock, Inc - 2023 Renewal","0068V00000wK7AfQAK"
"61851952544","Greyline Partners, LLC - 2023 Renewal","0068V00000wK7A5QAK"
"61851952535","Veryfi, Inc. - 2023 Renewal","0068V00000wK7BWQA0"
"61851790632","ACA Compliance Group (pka Cordium) - 2023 Renewal","0068V00000wK79AQAS"
"61851494164","Sequoia Benefits & Insurance Services, LLC - 2023 Renewal","0068V00000wK7B5QAK"
"61851336743","Phlo, Inc. - 2023 Renewal","0068V00000wK7AqQAK"
"61851022255","Oath, Inc. - 2023 Renewal","0068V00000wK7AgQAK"
"61849787791","EveryIncome, Inc. - 2023 Renewal","0068V00000wK79tQAC"
"61849315943","Blackbaud - 2023 Renewal","0068V00000wK79MQAS"
"61849166228","The Closing Docs LLC - 2023 Renewal","0068V00000wK7BKQA0"
"61849166177","Autobooks (Billhighway) - 2023 Renewal","0068V00000wK79IQAS"
"61848545683","Prog Leasing LLC - 2023 Renewal","0068V00000wK7AuQAK"
"61848235826","Stock Rover LLC - 2023 Renewal","0068V00000wK7BEQA0"
"61847926676","Grassi & Co. - 2023 Renewal","0068V00000wK7A3QAK"
"61847926619","BitRail, LLC - 2023 Renewal","0068V00000wK79KQAS"
"61847776282","RealPage, Inc. - 2023 Renewal","0068V00000wK7AyQAK"
"61847621941","Concur Technologies - 2023 Renewal","0068V00000wK79eQAC"
"61847148601","Odoo Inc - 2023 Renewal","0068V00000wK7AhQAK"
"61846378311","Rapyd Financial Network (2016) Ltd. - 2023 Renewal","0068V00000wK7AxQAK"
"61846219076","Action Factory Inc - 2023 Renewal","0068V00000wK79CQAS"
"61845920048","Truthifi, Inc. - 2023 Renewal","0068V00000wK7BSQA0"
"61845760564","Oracle America, Inc. - 2023 Renewal","0068V00000wK7AkQAK"
"61845603245","Engage Holdings, LLC - 2023 Renewal","0068V00000wK79sQAC"
"61845603182","IGG Software - 2023 Renewal","0068V00000wK7AEQA0"
"61845603161","Certegy Payment Solutions, LLC - 2023 Renewal","0068V00000wK79ZQAS"
"61844670556","Qualia Labs, Inc. - 2023 Renewal","0068V00000wK7AvQAK"
"61844670555","Capitect, Inc - 2023 Renewal","0068V00000wK79XQAS"
"61844366432","The Neat Company - 2023 Renewal","0068V00000wK7BMQA0"
"61844366371","Retail Finance International Holdings, Inc. (Synchrony) - 2023 Renewal","0068V00000wK7B2QAK"
"61844366356","Horizon Investments, LLC - 2023 Renewal","0068V00000wK7ABQA0"
"61844210276","Emerging Industry Technologies, Inc. (DBA Spence Labs) - 2023 Renewal","0068V00000wK79rQAC"
"61844051344","Carcione Technologies Corp. - 2023 Renewal","0068V00000wK79YQAS"
"61843590469","WorldPay, IQ Now - 2023 Renewal","0068V00000wK7BfQAK"
"61842820427","Biz2Credit, Inc. - 2023 Renewal","0068V00000wK79LQAS"
"61842664049","Jetson Systems - 2023 Renewal","0068V00000wK7AIQA0"
"61842354521","Simply Studio System - 2023 Renewal","0068V00000wK7B6QAK"
"61842049382","Vantage Card Services, Inc. - 2023 Renewal","0068V00000wK7BUQA0"
"61842049349","MDG USA INC - 2023 Renewal","0068V00000wK7AVQA0"
"61842049307","Kubera Apps Inc - 2023 Renewal","0068V00000wK7APQA0"
"61841585437","Thomson Reuters - 2023 Renewal","0068V00000wK7BPQA0"
"61841428516","Checkbook Inc. - 2023 Renewal","0068V00000wK79aQAC"
"61841428480","InfoArmor Inc - 2023 Renewal","0068V00000wK7AFQA0"
"61840803157","2ndSite Inc dba FreshBooks - 2023 Renewal","0068V00000wK799QAC"
"61839569780","KMD Partners, LLC d/b/a CreditNinja - 2023 Renewal","0068V00000wK7AOQA0"
"61839409987","Clarilogic, Inc.  (Decision Logic) - 2023 Renewal","0068V00000wK79dQAC"
"61819308410","SpringAhead (Virtual Software) - 2023 Renewal","0068V00000wK7BBQA0"
"61819308373","RightCapital LLC - 2023 Renewal","0068V00000wK7B3QAK"
"61819146512","Zoho - 2023 Renewal","0068V00000wK7BlQAK"
"61819146351","FormFree Holdings Corp (AKA AccountChek) - 2023 Renewal","0068V00000wK79yQAC"
"61818995765","SAVVI Financial LLC (Dynamic Ideas) - 2023 Renewal","0068V00000wK7B4QAK"
"61818534057","MoneyEdge, Inc. - 2023 Renewal","0068V00000wK7AYQA0"
"61817603497","Worth Unlimited (United First Financial) - 2023 Renewal","0068V00000wK7BgQAK"
"61817449518","Webull Financial LLC - 2023 Renewal","0068V00000wK7BcQAK"
"61816984601","Target Corporation - 2023 Renewal","0068V00000wK7BHQA0"
"61816674233","Cornerstone Home Lending, Inc. - 2023 Renewal","0068V00000wK79gQAC"
"61816674232","Buxfer Inc. - 2023 Renewal","0068V00000wK79VQAS"
"61816203623","CircleBlack, Inc. - 2023 Renewal","0068V00000wK79cQAC"
"61816203564","Moneyspire, Inc - 2023 Renewal","0068V00000wK7AaQAK"
"61816046616","Blueleaf Wealth, Inc. - 2023 Renewal","0068V00000wK79NQAS"
"61816046606","Possible Financial Inc - 2023 Renewal","0068V00000wK7AsQAK"
"61815588976","Nexonia, Inc. - 2023 Renewal","0068V00000wK7AcQAK"
"61815588932","Tiller LLC - 2023 Renewal","0068V00000wK7BQQA0"
"61815274003","LendingPoint LLC d/b/a LendingPoint - 2023 Renewal","0068V00000wK7ASQA0"
"61815117842","Aero Payments LLC - 2023 Renewal","0068V00000wK79EQAS"
"61814813291","Tradesmith LLC - 2023 Renewal","0068V00000wK7BRQA0"
"61814813270","Wealth Access, Inc. - 2023 Renewal","0068V00000wK7BaQAK"
"61814813261","BQE Software Inc - 2023 Renewal","0068V00000wK79PQAS"
"61812950450","VectorVest, Inc - 2023 Renewal","0068V00000wK7BVQA0"
"61812950402","Financial Symmetry Inc - 2023 Renewal","0068V00000wK79wQAC"
"61812186692","Kabbage - 2023 Renewal","0068V00000wK7AJQA0"
"61812186630","OWL Finance - 2023 Renewal","0068V00000wK7AlQAK"
"61812022711","Inventime - 2023 Renewal","0068V00000wK7AGQA0"
"61811411078","Paycom Payroll LLC - 2023 Renewal","0068V00000wK7ApQAK"
"61810785877","Wealthcare Capital Management - 2023 Renewal","0068V00000wK7BbQAK"
"61810785823","CountAbout Corporation - 2023 Renewal","0068V00000wK79iQAC"
"61810626960","TekFriday Solutions, Inc - 2023 Renewal","0068V00000wK7BIQA0"
"61810008188","Remotiv LLC - 2023 Renewal","0068V00000wK7B1QAK"
"61809853000","BrightPlan LLC - 2023 Renewal (Canada Territory)","0068V00000wK79TQAS"
"61809548649","DYN365 Inc - 2023 Renewal","0068V00000wK79pQAC"
"61809082953","Yellow Labs Software - 2023 Renewal","0068V00000wK7BhQAK"
"61808771510","BrightPlan LLC - 2023 Renewal","0068V00000wK79UQAS"
"61808309126","HTMA Holdings - 2023 Renewal","0068V00000wK7ACQA0"
"61808003472","ReconArt Inc - 2023 Renewal","0068V00000wK7B0QAK"
"61807691349","Accretive Capital LLC d/b/a Benzinga - 2023 Renewal","0068V00000wK79BQAS"
"61849166256","Borderless - 2023 Renewal","0068V00000wK78OQAS"
"61846378321","ProNvest, Inc. - 2023 Renewal","0068V00000wK78gQAC"
"61839569545","Productfy, Inc. - 2023 Renewal","0068V00000wK78fQAC"
"61820534817","Income Laboratory, LLC - 2023 Renewal","0068V00000wK78TQAS"
"61817449401","Nimble Accounting - 2023 Renewal","0068V00000wK78ZQAS"
"61811410975","Paysign Inc - 2023 Renewal","0068V00000wK78eQAC"
"61810785880","BJSGS Enterprises LLC - 2023 Renewal","0068V00000wK78NQAS"
"61810172929","Compound Financial, Inc. - 2023 Renewal","0068V00000wK78PQAS"
"61809082982","Luxury Lease Partners - 2023 Renewal","0068V00000wK78YQAS"
"61851952670","Alliance Lead","0068V00000wK0T3QAK"
"61851638020","Exceleris Consulting Pty Ltd - 2023 Renewal","0068V00000wJx1zQAC"
"61848235867","Frollo Australia Pty Ltd - 2023 Renewal (2Q'23)","0068V00000wJx1bQAC"
"61847001367","Saasu Pty Ltd - 2023 Renewal","0068V00000wJx27QAC"
"61846530077","Data Trends Australia Pty Ltd (CreditSense) - 2023 Renewal","0068V00000wJx25QAC"
"61845291540","Frollo Australia Pty Ltd - 2023 Renewal (4Q'23)","0068V00000wJx1cQAC"
"61844525476","Software Assistant - 2023 Renewal","0068V00000wJx21QAC"
"61841269105","Marmalade Australia Pty Ltd - 2023 Renewal","0068V00000wJx1yQAC"
"61839409970","86400 Technology Pty Ltd (Cuscal) - 2023 Renewal","0068V00000wJx1gQAC"
"61820381512","zipMoney Payments Pty Ltd - 2023 Renewal","0068V00000wJx1tQAC"
"61819146518","TicToc Online Pty Ltd - 2023 Renewal","0068V00000wJx1eQAC"
"61815117896","My Prosperity Pty Ltd - 2023 Renewal","0068V00000wJx22QAC"
"61813419427","Meeco Group Pty Ltd (SVX Holdings) - 2023 Renewal","0068V00000wJx2AQAS"
"61813111047","Booster Financial Services Ltd (Company No. 891419) - 2023 Renewal","0068V00000wJx1iQAC"
"61812492608","Raiz Invest Australia Limited (Acorns Grow) - 2023 Renewal","0068V00000wJx29QAC"
"61811410869","Moneysoft, Ltd. - 2023 Renewal","0068V00000wJx28QAC"
"61811102504","Mortgage House of Australia - 2023 Renewal","0068V00000wJx1hQAC"
"61809398393","Reckon - 2023 Renewal","0068V00000wJx20QAC"
"61807691535","VGW US, Inc. - 2023 Renewal","0068V00000wJx1jQAC"
"61807384120","Picture Wealth Pty Ltd (Future Penny) - 2023 Renewal","0068V00000wJx1ZQAS"
"61807070877","WeMoney Pty Ltd - 2023 Renewal","0068V00000wJx1kQAC"
"61839410012","IB - Aggregation/ATV/extracts/IAV upgrade","0068V00000vyXpwQAE"
"61845603249","Held Data Feed + Sync Extracts","0068V00000vyXkdQAE"
"61814194606","Myriad - Truelytics Solution Provider","0068V00000vySIvQAM"
"61820073338","Object Map 2023 Renewal","0068V00000vyFCpQAM"
"61847148598","Fifth Third 2023 Renewal + Data Rights","0068V00000vxtc1QAA"
"61807841402","Union Bank","0068V00000vxVvnQAE"
"61839725334","TD Bank","0068V00000vxVvOQAU"
"61806762868","Scotiabank","0068V00000vxVvEQAU"
"61811411029","RBC TCS Partnership","0068V00000vxVufQAE"
"61851022206","BMO TCS Partnership","0068V00000vxVuQQAU"
"61847001379","Etrade - 2023 Renewal","0068V00000vxT5zQAE"
"61847001179","PSCU Incorporated (d/b/a PSCU) - 2023 Renewal","0068V00000vxT5wQAE"
"61844836709","Credit One Bank, N.A. - 2023 Renewal","0068V00000vxT61QAE"
"61843440145","Axos Bank (Abeai) - 2023 Renewal","0068V00000vxT5yQAE"
"61842970753","Fifth Third Bank - 2023 Renewal","0068V00000vxT69QAE"
"61841733461","Banner Bank N.A. - 2023 Renewal","0068V00000vxT60QAE"
"61840963461","JPMorgan Chase Bank - 2023 Renewal (IAV)","0068V00000vxT64QAE"
"61813733788","JPMorgan Chase Bank - 2023 Renewal (Agg)","0068V00000vxT63QAE"
"61812332426","PNC Bank - 2023 Renewal (Wellness)","0068V00000vxT67QAE"
"61811562038","PNC Bank - SOAP 2023 Renewal (Agg)","0068V00000vxT66QAE"
"61810627134","XUP IAV Renewal","0068V00000vxT68QAE"
"61808309135","AssetMark, Inc. - 2023 Renewal","0068V00000vxT5xQAE"
"61807533130","Tyfone, Inc. - 2023 Renewal","0068V00000vxT62QAE"
"61807070884","CIT Bank, N.A. - 2023 Renewal","0068V00000vxSysQAE"
"61806762906","Avoka USA, Inc (First Citizen's Bank)- 2023 Renewal","0068V00000vxSyqQAE"
"61847001224","Santander - TCS Engagement","0068V00000vxS0gQAE"
"61813579183","Barclays - TCS Engagement","0068V00000vxRxXQAU"
"61849627215","UBS: Batch Data File Process (PS Consulting)","0068V00000vxNofQAE"
"61817905981","NT - FL4 upgrade","0068V00000vxJiLQAU"
"61841115034","Liberty Group & Standandard Bank SA Limited 2023 Renewal","0068V00000vxEqRQAU"
"61808155053","22seven 2023 Renewal","0068V00000vxEW8QAM"
"61852260456","Franklin IAV - 2023 AT RISK","0068V00000vxAOUQA2"
"61843288987","NinjaEdge - Canada Expansion","0068V00000vx842QAA"
"61844051333","EFFI - AU Money-Finapps","0068V00000vx4qgQAA"
"61809852996","Goldman - PWM Renewal 2023","0068V00000vwimCQAQ"
"61839263351","Kabbage - SMB Portal & Corp Analytics","0068V00000vwWLIQA2"
"61842503685","GML - CO2","0068V00000vwVWnQAM"
"61811562030","Charles Schwab IAV renew option 2023","0068V00000vvgFTQAY"
"61809853027","Fuze","0068V00000vvfzSQAQ"
"61852416388","WU TCS Deal","0068V00000vvbpBQAQ"
"61812186683","Empower - CO to upgrade to FL4","0068V00000vvapHQAQ"
"61844366258","Lending Point - PFM + Credit Risk","0068V00000vvX3mQAE"
"61818995593","Agg Renewal - **DUPLICATE**","0068V00000vv1eMQAQ"
"61816357776","ICMA (Mission Square) '23 - '24 Renewal","0068V00000vux3wQAA"
"61849316004","CinFi '23-'26 Renewal","0068V00000vuwqxQAA"
"61811562088","Transamerica '23-'24 Renewal","0068V00000vuwmgQAA"
"61815588895","Wealthfront Renewal (Electing 1 Yr Auto-Renew)","0068V00000vuwg9QAA"
"61852416549","NBH Bank- SMB","0068V00000vuussQAA"
"61813263673","PNC CO: Additional Stage Environment","0068V00000vuuF7QAI"
"61841428504","Wealthica 2022 Renewal","0068V00000vur72QAA"
"61847466610","Frollo Australia Pty Ltd Renewal - 2022 (6 Months)","0068V00000vunTIQAY"
"61845291548","Carson Agg Renewal","0068V00000vunChQAI"
"61847622180","Boston Financial 2023 Renewal","0068V00000vulWMQAY"
"61820073328","DST Retirement 3rd QTR Renewal - 2023","0068V00000vulO3QAI"
"61845137055","Franklin Temp - 4th QTR 2024 Renewal","0068V00000vulHgQAI"
"61813263688","Baird Q1 2024 Renewal","0068V00000vukwtQAA"
"61838796802","Edward Jones Aggregation Renewal","0068V00000vukbCQAQ"
"61840336210","McAfee - Software fee for 4 new Insigths","0068V00000vuk84QAA"
"61841886113","Amex US Renewal - Product Schedule 12 (AGG, IAV, PII) US & AU","0068V00000vufNZQAY"
"61852575661","Axos Consolidation Booking","0068V00000vuX0CQAU"
"61817603478","Amex - Credit Accelerator","0068V00000vMcO7QAK"
"61809548716","JH - renewal for 2023-2024","0068V00000vMalOQAS"
"61810627086","Cobrand Upgrade Sequoia","0068V00000vKVxHQAW"
"61839874399","FL4.0 Upgrade & USOB","0068V00000vKQzlQAG"
"61810785862","IAV AMEX AU","0068V00000vKQP4QAO"
"61852416432","AMEX AU YCA","0068V00000vKQP8QAO"
"61818837308","Cruz Money - CDR Rep","0068V00000vKQKrQAO"
"61808771679","Pop I/O- Abe.ai- First Federal Bank of Kansas City","0068V00000vKLkoQAG"
"61817750961","Upgrade Client Credentials","0068V00000vK8oHQAS"
"61848235863","Snapshot extension","0068V00000vK8S7QAK"
"61843895612","Truist SSO Integration to My Yodlee","0068V00000vK6k1QAC"
"61817449337","NinjaTrader -renewal 2023","0068V00000vK3YpQAK"
"61851336798","NT - 2023 Renewal for Agg/IAV","0068V00000vJxJ0QAK"
"61810172952","NT - 2023 Renewal for Maint fee for CDV UI","0068V00000vJxHxQAK"
"61844981679","Alerus - 2023 Contract Renewal","0068V00000vJx7OQAS"
"61838643994","Vanguard - AGG/IAV/TOA renewal 2023","0068V00000vJx4FQAS"
"61814037859","Equifax PFM","0068V00000vJnDYQA0"
"61839263342","Axos Consolidated Platform","0068V00000vJhg6QAC"
"61851638018","Etrade account number changes","0068V00000vJVwEQAW"
"61817449319","CDR Rep implementation","0068V00000vJDxTQAW"
"61810478354","NFCU: Insights Implementation","0068V00000vJ8VhQAK"
"61850245192","NFCU: TDE Implementation","0068V00000vJ8M7QAK"
"61812492607","Truist December 31, 2022 - February 28, 2023 Two Month Extension","0068V00000vJ7exQAC"
"61815431274","Agg Renewal","0068V00000vItuXQAS"
"61813263631","Backbase CO 2 Duration Extension","0068V00000vIswjQAC"
"61811561894","Amex - PS FastLink v4 Upgrade","0068V00000vIovAQAS"
"61847466546","Mydus - UK SS Agg","0068V00000upFJnQAM"
"61818225533","Laurel Road - Student Loan Agg","0068V00000up1w3QAA"
"61818679219","ACI - Renewal 2023","0068V00000uoqkLQAQ"
"61849787740","Empower - CO to upgrade to FL4","0068V00000uoZd2QAE"
"61815892771","New Logo Pursuit - TD Canada TCS Opportunity","0068V00000uoJpkQAE"
"61816984656","Citi Wealth | WDP Enabling Digital Engagement in Wealth","0068V00000uoJoLQAU"
"61846378320","NFCU: CDV","0068V00000uo5FWQAY"
"61851638057","C1B IAV Expansion to Digital Bank","0068V00000uo4nOQAQ"
"61839725410","Wiise Software- CDR Rep Agg ANZ","0068V00000uo4PmQAI"
"61840180881","Transactional.ai- Data Pannel","0068V00000unxbNQAQ"
"61849315892","Truist November 1, 2022 - December 30, 2022 Two Month Extension","0068V00000unSGOQA2"
"61813419574","Enhance TDE Batch Feed Trx","0068V00000unE1kQAE"
"61810478398","Platform Ugrade, Held Data & S&BM","0068V00000unBHDQA2"
"61817449391","Tyfone-Embedded Investing","0068V00000un7zSQAQ"
"61840647206","Afa Markets US OB","0068V00000umvCEQAY"
"61841886095","NT - Change Order for FL3","0068V00000umrZCQAY"
"61845291558","IAV","0068V00000umhUUQAY"
"61809548701","CNG Holdings - Credit Risk","0068V00000umdtKQAQ"
"61815431209","Tempoe Holdings (Smartpay Leasing) - Credit Risk","0068V00000umdqfQAA"
"61850710925","Biz2Credit- SMB","0068V00000umdCBQAY"
"61847466515","AUB-SMB & Agg","0068V00000umTj2QAE"
"61840647233","Amex - PS Custom Report Enhancements","0068V00000umSZdQAM"
"61850869043","Amex_2022 Enhanced Support & Svcs Model_SOW","0068V00000umSVqQAM"
"61811411073","Cashflow Manager-","0068V00000umKEbQAM"
"61818837163","FIS - Account Verification for Merchant Services","0068V00000umGvVQAU"
"61846065004","TRP: IAV (Account Onboarding & Funding)","0068V00000um8ugQAA"
"61841585305","India expansion","0068V00000um4t0QAA"
"61850868914","SOW C/O for extension of time","0068V00000ulyzPQAQ"
"61817286541","Alkami - Abe.ai - Merck and Dohme FCU","0068V00000ultA5QAI"
"61816514150","Decomission and deletion of Money Brilliant data","0068V00000ulcjCQAQ"
"61850558029","UBS: SN3 PS Consulting (Removed SW $)","0068V00000ula0jQAA"
"61808467599","XUP - IAV 1yr Auto-Renew","0068V00000ulYPRQA2"
"61812950411","Grand360- Planning Finapp","0068V00000ulWhSQAU"
"61818534175","Axos FinApps","0068V00000ulCzFQAU"
"61848235801","Bank of America","0068V00000tVqzZQAS"
"61818837130","WEALTH_WDP for Advisor Experience","0068V00000tVoPRQA0"
"61814663428","Sub + Bill Mgmt","0068V00000tVjqVQAS"
"61813579344","IAV","0068V00000tVi1sQAC"
"61816674193","Q2 SMS 2022 Renewal","0068V00000tVfTpQAK"
"61840336158","Discover Q3 2022 Renewal","0068V00000tVfTfQAK"
"61849627148","SunTrust Renewal - 2 Month Extension (Sept 2022)","0068V00000tVfT2QAK"
"61807225122","SunTrust Renewal - 2 Month Extension (July 2022)","0068V00000tVfT1QAK"
"61847148470","Axos Bank Renewal - 2022 Price Increase","0068V00000tVfSOQA0"
"61815273991","BCU - Virtual Financial Assistant (Net New)","0068V00000tVfC3QAK"
"61851790643","Truthifi-Data Agg","0068V00000tVdmVQAS"
"61818837116","Empower - Add 1 DDE","0068V00000tVNSKQA4"
"61815588938","GML IAV Change Order","0068V00000tVAjNQAW"
"61839725419","Insights Engine for Banking","0068V00000tVAhCQAW"
"61847311768","Subscription + Bill Mgmt","0068V00000tVAdJQAW"
"61818837270","Thrivent: ATV (Closing - No Longer Managed by Gerard)","0068V00000tUuG2QAK"
"61840647250","Duplicate - FastLink4 Agg Upgrade (existing opp open in SF)","0068V00000tUtA2QAK"
"61809548691","Xoom Multi-Branding","0068V00000tUrB3QAK"
"61807070720","UBS Bank under UBS Financial Services MSA - FL4 Upgrade & (IAV/Agg/FinApps)","0068V00000tUdFdQAK"
"61845760599","Pop I/O- Abe.ai- Landmark National Bank","0068V00000tUCyEQAW"
"61808771629","Lending Point - Insights","0068V00000tTwiMQAS"
"61846530062","UBS_WMAP Dual PROD Environment - WAC","0068V00000tTdc8QAC"
"61811871824","Synchrony_CO#1 to SOW#4","0068V00000tTVReQAO"
"61844981687","Westpac program and support fee","0068V00000tTV1CQAW"
"61844366362","Alkami - Abe.ai - Canvas CU","0068V00000svhwMQAQ"
"61851022204","BCU - Virtual Financial Assistant","0068V00000svY93QAE"
"61840963489","Productfy - Doc Download","0068V00000svXKIQA2"
"61819308469","Barbooks- Aggregation CDR Rep","0068V00000svAnKQAU"
"61813263704","AAS IDE","0068V00000sv3Z9QAI"
"61814813186","Axos: FL4 Change Order","0068V00000sv2k6QAA"
"61816514061","Axos Sub & Bill Mgmt","0068V00000suxu9QAA"
"61811871914","BAC FL4 Upgrade","0068V00000suxpPQAQ"
"61816984664","Transamerica 2022-2023 Renewal","0068V00000sus47QAA"
"61808771634","Enable Data Extract","0068V00000sukR0QAI"
"61852260611","Upgrade to Fastlink4.0 and CDR via CDR Rep","0068V00000sudf3QAA"
"61816203676","KeyBank - Wealth Integration Project_CO3 to SOW3","0068V00000suZqwQAE"
"61812805795","Retroactive Mins - Agg Renewal","0068V00000suOomQAE"
"61840803175","Banner Bank- Abe.ai VFA Expansion to Web & Mobile","0068V00000suL62QAE"
"61809548646","Tradesmith - IDE","0068V00000suK0FQAU"
"61852416425","McAfee - POC evaluation","0068V00000suHuLQAU"
"61810172568","Certegy - Credit","0068V00000su6PkQAI"
"61810626959","Certegy - IAV Transactions/ Balance Refresh","0068V00000su6NjQAI"
"61850869279","AF247 - Insights Engine","0068V00000stwpSQAQ"
"61814504028","Truist August 2022 60-Day Extension","0068V00000stn3BQAQ"
"61840336171","FIS - Consulting Hours","0068V00000st2crQAA"
"61851790631","WeBull Advisory","0068V00000sscLeQAI"
"61838949238","NT - Renewal for Maint fee for CDV UI","0068V00000ssTHmQAM"
"61849627248","BMO Harris Rebranding","0068V00000ojLNzQAM"
"61810172692","Aggregation - screen scaping","0068V00000ojAO8QAM"
"61811872044","ACATS","0068V00000oj84FQAQ"
"61847001223","FL4 Upgrade","0068V00000oj4JnQAI"
"61841585422","KeyBank Insights Engine","0068V00000oiwBMQAY"
"61840025000","Pershing ACATs","0068V00000oiuhJQAQ"
"61808003420","Merrill Lynch IAV","0068V00000ois0iQAA"
"61852260454","Rapyd Financial Network (2016) Ltd. - 2022","0068V00000oiUs9QAE"
"61846378317","Wealthcare Capital Management - 2022","0068V00000oiUs1QAE"
"61839725395","Paychex ExpenseWire LLC (pka Same Page Solutions) - 2022","0068V00000oiUs5QAE"
"61819611497","2ndSite Inc dba FreshBooks - 2022","0068V00000oiUrkQAE"
"61844366431","AU OB deployment","0068V00000oi4tcQAA"
"61841886293","Wealthfront TDE & IDE","0068V00000ohyR0QAI"
"61813579302","Mercantile Bank (Capitec Business Banking)- New Site SOW Scraping","0068V00000ohhksQAA"
"61847001253","Exceleris AGG","0068V00000ohgVeQAI"
"61842664089","Infoarmor 2022 Renewal","0068V00000ohZwzQAE"
"61817449506","KSA Tech Consulting- Aggregration","0068V00000oh7ZdQAI"
"61819763790","MS Enhanced SLAs","0068V00000ogxLDQAY"
"61850097744","Alkami - Abe.ai - Northwest Federal Credit Union","0068V00000ogabvQAA"
"61849014809","Alkami - AI Contact Center- Oregon Community Credit Union","0068V00000ogQhXQAU"
"61807225237","DNS Technology- Aggregation CDR Rep","0068V00000ogORCQA2"
"61841733643","JPMC_Comml Underwriting","0068V00000qXuW0QAK"
"61844525584","IAV- Infinant","0068V00000qXkwFQAS"
"61841733481","NT - Renewal for Agg/IAV","0068V00000qXiSHQA0"
"61808467637","Westpac Cobrand setup","0068V00000qXg1hQAC"
"61844525447","Empower - upgrade to FL4","0068V00000qXK3aQAG"
"61849476158","MYNA- Aggregation OB/SS","0068V00000qXIBqQAO"
"61810478466","USAA Account Verification RFP","0068V00000qXCCAQA4"
"61820381478","Truist July 2022 Two Month Extension","0068V00000qXCA9QAO"
"61811410980","USAA Insights Engine for Banking Data Trial","0068V00000qXB0qQAG"
"61814813210","Axos Bank Renewal - 2022","0068V00000qXA4QQAW"
"61814037906","Cetera Financial Group, Inc Renewal - 2022","0068V00000qXA4PQAW"
"61811562060","Goldman Sachs Group Inc Renewal - 2022","0068V00000qXA4OQAW"
"61819308447","Charles Schwab & Co Renewal - 2022","0068V00000qXA10QAG"
"61818995639","Pop I/O- Abe.ai- 717 Credit Union","0068V00000qX8laQAC"
"61807070882","Coposit - Agg","0068V00000qWzTsQAK"
"61816984501","GS - Instant Account Verification","0068V00000qWwE1QAK"
"61808309248","Synchrony_Renewal_Agg & IAV w/BAL Refresh (3 Yr)","0068V00000qgGhpQAE"
"61807533116","MS 365 Day Transaction History","0068V00000qjOqPQAU"
"61819308362","Temenos- Strategic Partnership ENV D&A","0068V00000qjJfVQAU"
"61839097602","SVB-SMB","0068V00000qirXNQAY"
"61819308407","Alkami- Abe.ai -Premier One CU","0068V00000qin1DQAQ"
"61844366400","Umpqua Bank-Abe.ai POC- Q2 & Glia","0068V00000qianQQAQ"
"61850710891","ElisyanWealth - Agg","0068V00000qiTcGQAU"
"61849787807","2022 Renewal","0068V00000qiTLhQAM"
"61819308419","Zoho 2022 Renewal","0068V00000qiP7GQAU"
"61842970786","2022 Renewal","0068V00000qiN1zQAE"
"61817750912","Personal Cap - upgrade to FL4","0068V00000qi0t3QAA"
"61848545706","NetSuite - 2022 Renewal","0068V00000qhuaPQAQ"
"61847148610","SVB Pilot","0068V00000qhp4XQAQ"
"61844210215","Alkami - Abe.ai - Metro FCU IVR","0068V00000rdOpdQAE"
"61819308552","FastLink Integration","0068V00000rdNkfQAE"
"61806917141","Morgan Sub & Bill Tracker","0068V00000rdHZXQA2"
"61816674209","Axos Bank Data Platform","0068V00000rdHXRQA2"
"61846687248","PNC Platform Upgrade: Extension of SOAP","0068V00000rd51RQAQ"
"61813263542","CO3 Duration Extension SOW 58 Platform Upgrade","0068V00000rd4zfQAA"
"61852575630","NetSuite - FastLink v4 PS CO","0068V00000rd1wfQAA"
"61816203639","(DELETING - Maeghan Duffy co-managing opp in Wealth SF): Wealth Data Analytics & Insights Engine","0068V00000rcyEQQAY"
"61843590436","First Citizens Bank: SMB","0068V00000rcyD8QAI"
"61810317717","TIAA_WDP '23 ***DUPLICATE***","0068V00000rcts9QAA"
"61851494046","Alkami - Abe.ai - Municipal Credit Union","0068V00000rcgZWQAY"
"61845448629","Marmalade-","0068V00000rcUD4QAM"
"61840647227","SWA Financial Planning- Agg CDR Rep","0068V00000rcILOQA2"
"61819611505","Add CDV","0068V00000rc3NHQAY"
"61808925262","PNC Enrich API","0068V00000rc21XQAQ"
"61846687335","Amex US Renewal - Product Schedule 11 (RI/Agg)","0068V00000rboAAQAY"
"61810785837","BAC Mobile Consumer App","0068V00000rbnZBQAY"
"61846219027","Zions: Agg, TDE, Wellness, Insights","0068V00000rbm1EQAQ"
"61839263317","Bottomline Doc Retrieval","0068V00000rbdmdQAA"
"61819146544","ETrade IAV USOB","0068V00000rbclWQAQ"
"61808155228","Yahoo Finance - IAV Implementation","0068V00000rbbpxQAA"
"61809082981","Moneysoft FL4.0 upgrade","0068V00000rbaA5QAI"
"61838643857","Document Download","0068V00000rbZe8QAE"
"61809548648","Axos Insights","0068V00000rbXwUQAU"
"61844670558","Lending Point - Agg","0068V00000rbS0iQAE"
"61813733766","UBS_WMAP QA Environment - Maintenance 2022-2023","0068V00000rb7rSQAQ"
"61815892655","Amex _CDP_Inflation Use Case","0068V00000rb29DQAQ"
"61850409824","Goldfish Marketing(Smartping Lansdowne) Renewal - 2022","0068V00000rb1kPQAQ"
"61850245191","BudgetBakers Renewal - 2022","0068V00000rb1kHQAQ"
"61838796886","Fyle Inc Renewal - 2022","0068V00000rb1kzQAA"
"61815743603","Investec Renewal - 2022","0068V00000rb1l0QAA"
"61815117705","Lula Lend Renewal - 2022","0068V00000rb1kQQAQ"
"61814663461","True Potential LLC Renewal - 2022","0068V00000rb1kOQAQ"
"61813111086","McLedger Accounting Renewal - 2022","0068V00000rb1kaQAA"
"61812805643","Sage Global Agreement Renewal - 2022","0068V00000rb1kmQAA"
"61808771622","Money Labs Renewal - 2022","0068V00000rb1knQAA"
"61808467771","Zoho - Upgrade to V1.1","0068V00000rb1c3QAA"
"61848235703","Xoom Platform Upgrade","0068V00000ranNaQAI"
"61840336209","Advisor 360 - Multi Tenant Support Model","0068V00000rah2HQAQ"
"61840803216","Navy Federal: Agg POC","0068V00000ragC2QAI"
"61842664071","Axos Embedded Investing","0068V00000rac9NQAQ"
"61817449517","BAC CDP","0068V00000rac53QAA"
"61808003611","EJ FL4","0068V00000rabpXQAQ"
"61850868996","EJ FL4","0068V00000raboyQAA"
"61813263687","MS CDP","0068V00000raaniQAA"
"61806917012","MS Student Loan Verification","0068V00000raaeHQAQ"
"61816984495","Target Corporation 2022 Renewal","0061G00000Nl3QzQAJ"
"61814194601","Umpqua Bank-Abe.ai VFA- Q2 & Glia","0061G00000Nl34bQAB"
"61843590426","BrightPlan SOW Ext CO","0061G00000Nl1YMQAZ"
"61806607019","C1B POC Aggregation and Financial Wellness APIs","0061G00000NkyxqQAB"
"61840336194","Liberty Group Limited 2022 Renewal","0061G00000NkxaHQAR"
"61845448620","Microsoft Development Center 2022 Renewal","0061G00000Nkxa2QAB"
"61845291374","Aliya-Agg & IAV","0061G00000NkxFxQAJ"
"61842354355","UBS_Yorktown Project_Dedicated QA Environment","0061G00000NksBMQAZ"
"61814973832","UBS_Yorktown Project_IAV Stand Up SOW","0061G00000NksA8QAJ"
"61816357710","TIAA Bank - CO Duration Extension for IAV Upgrade","0061G00000Nks8wQAB"
"61843131965","Increased Mins for Agg Amendement","0061G00000NkrgtQAB"
"61852260480","Cross Use of Risk Data Amendment","0061G00000NkraCQAR"
"61842354361","IAV Contract Extension #2","0061G00000NkrZTQAZ"
"61839263257","Annual Premium Data Support Fee - Amendment 6 2022","0061G00000OqdDgQAJ"
"61819146352","Horizon | Renewal | 90-Day Auto 2022","0061G00000OqdCHQAZ"
"61813419529","Change Order","0061G00000OqVaNQAV"
"61818837134","Pop I/O- Abe.ai- Coastal Heritage Bank","0061G00000OqUT2QAN"
"61808615840","BrightPlan Adding Territory-Canada","0061G00000OqRD0QAN"
"61808771498","Investec - Harvest GK - Micro Savings","0061G00000OqQDTQA3"
"61814663430","FL4.0 Upgrade & Migration","0061G00000OpsAoQAJ"
"61842664082","Capitect Upgrade to 1.1 and FL4","0061G00000OprycQAB"
"61850097553","Open Banking - Data ingestion Services","0061G00000OpqtLQAR"
"61810478409","Equifax - Wellness for Employee Solutions","0061G00000OpnVsQAJ"
"61849476190","TekFriday Solutions, Inc. 2022 Renewal","0061G00000Opn6cQAB"
"61848235839","HB FL 4 & CDV CO #1","0061G00000OpkCDQAZ"
"61844210329","TradeSmith - Upgrade Platform to V1.1 / FL4.0","0061G00000OpfzVQAR"
"61843440036","Morgan Stanley at Work IAV","0061G00000Opf0DQAR"
"61838949223","Morgan Stanley Merchant Logos","0061G00000Opd0lQAB"
"61849787815","FL4.0 Upgrade and OB","0061G00000OpbauQAB"
"61810172853","Ugrade to OB CDR Rep","0061G00000OpXaTQAV"
"61811871928","Morgan Stanley ACATs","0061G00000OpWKNQA3"
"61846841943","NT - Add FL Flow for OB with CDV/OAUTH","0061G00000OpWF3QAN"
"61847776337","Open Banking","0061G00000OpUwRQAV"
"61849315936","Alkami- Abe.ai- We Florida","0061G00000OpU6iQAF"
"61849166200","Bottomline 4mo Extension 4.1-7.31.22","0061G00000OpTczQAF"
"61842193818","Capital One: SMB","0061G00000OpRyeQAF"
"61816825764","Citizens: SMB","0061G00000OpRydQAF"
"61848076713","Santander: SMB","0061G00000OpNYXQA3"
"61817133417","MDG USA INC 2022 Renewal","0061G00000OpFuWQAV"
"61806916994","Fintech Pte 2022 Renewal","0061G00000OpFTbQAN"
"61813419449","Object Map 2022 Renewal","0061G00000OpFYtQAN"
"61851173643","Rise SA 2022 Renewal","0061G00000OpFYsQAN"
"61839569788","SEI Investments: Wellness","0061G00000OpBTeQAN"
"61813263695","SEI Investments: IAV","0061G00000OpBIlQAN"
"61842049379","SEI Investments: IDE Dupe from Wealth SF ***","0061G00000OpBB6QAN"
"61807691619","SEI Investments: TDE","0061G00000OpB5NQAV"
"61810785893","Harvest","0061G00000OoxLLQAZ"
"61817603414","US OB Fastlink Customisations","0061G00000OovNbQAJ"
"61811410950","86 400/Ubank Harvest implementation","0061G00000OovNCQAZ"
"61841585314","Increase in usage from Westpac Intergration","0061G00000OovN2QAJ"
"61815588904","Tic:Toc - Data Agg / YCA","0061G00000OovCYQAZ"
"61808467598","We Money Open Banking AU","0061G00000Oov8zQAB"
"61842193834","Citi_IAV RENEWAL 2022","0061G00000OorhhQAB"
"61807691345","DecisionLogic - PS US Open Banking Support","0061G00000Oop0HQAR"
"61841886317","Alkami- Abe.ai -Foothill CU","0061G00000Oohk5QAB"
"61814504121","American Fidelity- IAV","0061G00000OohatQAB"
"61815892595","22seven 2022 Renewal","0061G00000OogJtQAJ"
"61846687244","PNC SOW #30 Renewal 2022","0061G00000OogIJQAZ"
"61839569553","Millennium Trust CO1 to SOW 1 - Duration Extension","0061G00000OofphQAB"
"61841115150","Synchrony_SMB Solutions","0061G00000OofM8QAJ"
"61841269129","Citi_SMB Solutions","0061G00000OgH3eQAF"
"61815431301","KeyBank_SMB Solutions","0061G00000OgH3KQAV"
"61818225448","Alkami_SMB Solutions","0061G00000OgH35QAF"
"61845137182","JPMC_SMB Solutions","0061G00000OgH2WQAV"
"61845291555","Alkami_Harvest Goalkeeper","0061G00000OgH14QAF"
"61806456974","Synchrony_Comml Lending","0061G00000OgH0LQAV"
"61816046520","KeyBank_Comml Lending","0061G00000OgGzrQAF"
"61841585429","JPMC Credit Accelerator","0061G00000OgGy3QAF"
"61848849927","Zions-SMB","0061G00000OgBXIQA3"
"61852260473","Umpqua Bank -SMB","0061G00000OgBWZQA3"
"61849787655","Texas Capitol Bank- SMB","0061G00000OgBW5QAN"
"61838949389","Texas Capital Bank-SMB","0061G00000OgB7MQAV"
"61806762872","MUFG Bank-SMB","0061G00000OgB72QAF"
"61811871922","East West Bancorp- SMB","0061G00000OgB4rQAF"
"61841886295","City National Bank-SMB","0061G00000OgAwOQAV"
"61851173642","Janney - IAV + Balance Refresh","0061G00000OgASLQA3"
"61808771654","Mastercard: SMB","0061G00000OgAQaQAN"
"61843440037","Synovus Financial: SMB","0061G00000OgAMGQA3"
"61820534843","SEI Investments: SMB","0061G00000OgAKuQAN"
"61814504026","Webster Bank: SMB","0061G00000OgABLQA3"
"61816984497","Scotiabank - SMB","0061G00000OgA87QAF"
"61850409830","CIBC - SMB","0061G00000OgA7dQAF"
"61820237139","TD Bank - SMB","0061G00000OgA7TQAV"
"61847466586","Regions Financial - SMB","0061G00000OgA5mQAF"
"61815274023","Pinnacle National Bank - SMB","0061G00000OgA5XQAV"
"61814813258","First Horizon - SMB","0061G00000OgA4AQAV"
"61816046475","BOK - SMB","0061G00000OgA3qQAF"
"61817603599","Bank OZK - SMB","0061G00000OgA2dQAF"
"61842193789","Citizens Financial Group: SMB","0061G00000Og9wnQAB"
"61818367882","Navy Federal: SMB","0061G00000Og9tcQAB"
"61846530139","Associated Bank - SMB","0061G00000Og9exQAB"
"61814813184","Wintrust SMB","0061G00000Og8fPQAR"
"61852575804","Financial Symmetry Renewal - 2022","0061G00000Ofz98QAB"
"61851173898","Geowealth Management Renewal - 2022","0061G00000Ofz9IQAR"
"61851173651","Miles Technologies, Inc. (Striven) Renewal - 2022","0061G00000Ofz8lQAB"
"61850097740","REI Hub, Inc. Renewal - 2022","0061G00000Ofz8jQAB"
"61849014679","Engage Holdings, LLC (IQ Ventures) Renewal - 2022","0061G00000Ofz9CQAR"
"61849014623","Odoo, Inc. Renewal - 2022","0061G00000Ofz94QAB"
"61848076675","Certegy Payment Solutions, LLC Renewal - 2022","0061G00000Ofz8iQAB"
"61847926681","Luxury Lease Partners Renewal - 2022","0061G00000Ofz9VQAR"
"61847466410","Integrated Rewards Renewal - 2022","0061G00000Ofz9bQAB"
"61847148567","Stock Rover LLC Renewal - 2022","0061G00000Ofz95QAB"
"61847148468","Qualia Labs Renewal - 2022","0061G00000Ofz7tQAB"
"61846841863","Carcione Technologies Corp. Renewal - 2022","0061G00000Ofz7EQAR"
"61846841767","United First Financial(Worth Unlimited) Renewal - 2022","0061G00000Ofz8zQAB"
"61846687344","Brightplan LLC Renewal - 2022","0061G00000Ofz8ZQAR"
"61846687243","Anchor Bookkeeping Renewal - 2022","0061G00000Ofz7XQAR"
"61845760525","CountAbout Corporation Renewal - 2022","0061G00000Ofz7qQAB"
"61845448760","Action Factory Inc Renewal - 2022","0061G00000Ofz8DQAR"
"61845291538","Blueleaf Wealth, Inc. Renewal - 2022","0061G00000Ofz90QAB"
"61844836787","RightCapital LLC Renewal - 2022","0061G00000Ofz7lQAB"
"61844836774","Actum Processing, LLC Renewal - 2022","0061G00000Ofz7AQAR"
"61844670519","Tiller LLC Renewal - 2022","0061G00000Ofz9DQAR"
"61844366423","BJSGS Enterprises LLC Renewal - 2022","0061G00000Ofz9NQAR"
"61844366415","Prog Leasing LLC Renewal - 2022","0061G00000Ofz6uQAB"
"61844210222","NinjaTrader Clearing, LLC Renewal - 2022","0061G00000Ofz8PQAR"
"61843895647","DYN365 Inc Renewal - 2022","0061G00000Ofz77QAB"
"61843590453","CircleBlack, Inc Renewal - 2022","0061G00000Ofz9ZQAR"
"61843590325","Dynamic Ideas Financial Renewal - 2022","0061G00000Ofz92QAB"
"61843440169","Jetson Systems Renewal - 2022","0061G00000Ofz8RQAR"
"61842354536","Cornerstone Home Lending, Inc. Renewal - 2022","0061G00000Ofz6yQAB"
"61842193961","OWL Finance Renewal - 2022","0061G00000Ofz7bQAB"
"61842193935","KMD Partners, LLC d/b/a CreditNinja Renewal - 2022","0061G00000Ofz7yQAB"
"61841886322","SpringAhead (Virtual Software) Renewal - 2022","0061G00000Ofz8QQAR"
"61841733543","WealthTrace Renewal - 2022","0061G00000Ofz7nQAB"
"61841733488","Compound Financial, Inc. Renewal - 2022","0061G00000Ofz7TQAR"
"61841585203","BQE Software Renewal - 2022","0061G00000Ofz7sQAB"
"61841428513","Income Laboratory, LLC Renewal - 2022","0061G00000Ofz7PQAR"
"61840500227","Borderless Renewal - 2022","0061G00000Ofz8hQAB"
"61839725417","Nexonia Renewal - 2022","0061G00000Ofz7iQAB"
"61839725326","Yellow Labs Software Renewal - 2022","0061G00000Ofz7eQAB"
"61839569520","BackendB.com, LLC Renewal - 2022","0061G00000Ofz8MQAR"
"61820534790","ReconArt Inc Renewal - 2022","0061G00000Ofz93QAB"
"61820237130","Nimble Accounting Renewal - 2022","0061G00000Ofz7MQAR"
"61820237061","Aero Payments LLC Renewal - 2022","0061G00000Ofz89QAB"
"61819763751","Buildium, LLC Renewal - 2022","0061G00000Ofz9aQAB"
"61819146542","Financial Soundings, LLC Renewal - 2022","0061G00000Ofz7NQAR"
"61819146350","EveryIncome, Inc. Renewal - 2022","0061G00000Ofz7zQAB"
"61818225472","Paysign Inc Renewal - 2022","0061G00000Ofz83QAB"
"61817906085","Inventime Renewal - 2022","0061G00000Ofz7jQAB"
"61817603400","Paragon Computer Solutions LLC aka TripsWare Renewal - 2022","0061G00000Ofz7LQAR"
"61816984647","Simply Studio System Renewal - 2022","0061G00000Ofz9YQAR"
"61816674323","Elderscan Renewal - 2022","0061G00000Ofz7cQAB"
"61816674135","HTMA Holdings Renewal - 2022","0061G00000Ofz9EQAR"
"61816513972","Paycom Renewal - 2022","0061G00000Ofz7uQAB"
"61816513953","Kubera Apps Inc Renewal - 2022","0061G00000Ofz7KQAR"
"61816513942","MoneyEdge, Inc. Renewal - 2022","0061G00000Ofz8fQAB"
"61816203548","Buxfer Renewal - 2022","0061G00000Ofz8bQAB"
"61816046623","ICMA Renewal - 2022","0061G00000Ofz99QAB"
"61815431228","VeryFi Renewal - 2022","0061G00000Ofz75QAB"
"61814343545","Prog Leasing LLC Renewal - 2022","0061G00000Ofz96QAB"
"61812805793","Phlo, Inc. (ZipBooks) Renewal - 2022","0061G00000Ofz6zQAB"
"61812022682","OpeningBell LLC Renewal - 2022","0061G00000Ofz7WQAR"
"61811713308","AccountingSeed Renewal - 2022","0061G00000Ofz9dQAB"
"61811102510","The Neat Company Renewal - 2022","0061G00000Ofz71QAB"
"61811102480","Moneyspire, Inc Renewal - 2022","0061G00000Ofz70QAB"
"61810785854","ProNvest, Inc. Renewal - 2022","0061G00000Ofz78QAB"
"61810627125","Capitect, Inc Renewal - 2022","0061G00000Ofz7mQAB"
"61810478472","VectorVest, Inc Renewal - 2022","0061G00000Ofz8EQAR"
"61810317744","Seidr, LLC Renewal - 2022","0061G00000Ofz7xQAB"
"61810008088","BitRail, LLC Renewal - 2022","0061G00000Ofz9MQAR"
"61808615801","Checkbook Renewal - 2022","0061G00000Ofz9JQAR"
"61808309136","Possible Financial Inc Renewal - 2022","0061G00000Ofz8dQAB"
"61808155163","Vantage Card Services, Inc. Renewal - 2022","0061G00000Ofz7aQAB"
"61808003425","Blackbaud Renewal - 2022","0061G00000Ofz8SQAR"
"61806762926","Sequoia Benefits and insurance Services, LLC Renewal - 2022","0061G00000Ofz7pQAB"
"61843288884","Principal 2023 Renewal New Booking","0061G00000OfyvQQAR"
"61841115176","DST Retirement Solutions AGG 2022 Renewal","0061G00000OfwycQAB"
"61852416362","FormFree - Renewal 2022","0061G00000OfwtmQAB"
"61843440154","Kabbage - 2022 Renewal","0061G00000OfwLjQAJ"
"61814973783","Boston Financial 2022 Renewal","0061G00000OfwJJQAZ"
"61812492450","DecisionLogic - 2022 Renewal","0061G00000OfwFTQAZ"
"61843288984","ACA (pka Cordium) 2022 Renewal","0061G00000Ofvu2QAB"
"61848697382","Kitsap Bank- Q2- AI Contact Center","0061G00000Ofk0OQAR"
"61807070731","Morgan Stanley Microsavings","0061G00000Ofa4EQAR"
"61845760405","Morgan Stanley FinCheck","0061G00000Ofa0PQAR"
"61819611486","JH - sync extracts","0061G00000OfS1PQAV"
"61851790501","Truist June 2022 Renewal New Software","0061G00000OfMNIQA3"
"61811871788","Amex_SMB Solutions_Comml Risk Team","0061G00000OfLjqQAF"
"61843288928","Venmo - SMB","0061G00000OfIN4QAN"
"61816674180","Working Capital SMB","0061G00000OfIA3QAN"
"61848545637","Assetmark CDP","0061G00000OfByNQAV"
"61843288974","SAP Concur CDP","0061G00000OfBztQAF"
"61818534020","RealPage SMB","0061G00000OfBx4QAF"
"61807384116","Fifth Third CDP","0061G00000OfBuDQAV"
"61841886117","M&T CDP","0061G00000OfBsdQAF"
"61845760605","TDE & PFM - Open Banking RFP","0061G00000OfBrLQAV"
"61820073370","HB SMB","0061G00000OfBfaQAF"
"61815743508","Fifth Third SMB","0061G00000OfBdYQAV"
"61814194508","Axos SMB","0061G00000OfBJLQA3"
"61844981620","Alkami- Abe.ai -Carolinas Telco FCU","0061G00000OfAvhQAF"
"61811713192","Wealthfront CDP","0061G00000Of9bGQAR"
"61842503683","Alkami - Abe.ai - Quontic Bank","0061G00000Of489QAB"
"61808003598","Truist - New MSA","0061G00000Of2bdQAB"
"61847311793","Amex _SOW_Custom Reports_By Journey","0061G00000Of261QAB"
"61819923721","BAC SMB","0061G00000Oed8lQAB"
"61816825708","Facet Wealth - Aggregation","0061G00000OeXhjQAF"
"61841886267","Morgan Stanley Financial Forecast","0061G00000OeU1LQAV"
"61844836776","Yahoo Microsavings","0061G00000OeTy1QAF"
"61818995738","Lumiant - Agg","0061G00000OeQkyQAF"
"61840025108","IGG Software 2022 Renewal","0061G00000OeQKEQA3"
"61846378145","Vanguard - IAV/ACATs renewal","0061G00000OePxlQAF"
"61815431299","Vanguard - AGG/IAV/TOA renewal","0061G00000OePvnQAF"
"61807384229","Vanguard - EA Stage Env Renewal","0061G00000OePtiQAF"
"61849475992","Alkami - Abe.ai - Star Financial","0061G00000OePiZQAV"
"61816513966","Interactive Brokers - Renewal","0061G00000OePhlQAF"
"61838796880","CIT - Renewal","0061G00000OePYKQA3"
"61812186701","Alerus - Contract Renewal","0061G00000OePTAQA3"
"61847622163","Reckon Limited Renewal - 2022","0061G00000OeJ96QAF"
"61841428348","Myaccountant Technology Pty Ltd - Mins Agreement","0061G00000OeJ9GQAV"
"61840803160","SVX Holdings Renewal - 2022","0061G00000OeJ9WQAV"
"61840647231","Future Penny Pty Ltd(Picture Wealth) Renewal - 2022","0061G00000OeJ9AQAV"
"61816357748","My Prosperity Pty Ltd Renewal - 2022","0061G00000OeJ9cQAF"
"61815743608","Software Assistant Renewal - 2022","0061G00000OeJ9JQAV"
"61815588948","Cha Ching (MoneyBrilliant) Renewal - 2022","0061G00000OeJ9bQAF"
"61814663439","Saasu Pty Ltd Renewal - 2022","0061G00000OeJ98QAF"
"61813110944","Data Trends Australia (Credit Sense) Renewal - 2022","0061G00000OeJ9LQAV"
"61812332376","WeMoney Pty Ltd Renewal - 2022","0061G00000OeJ9UQAV"
"61811102585","Frollo Australia Pty Ltd Renewal - 2022","0061G00000OeJ9XQAV"
"61810172949","86400 Technology(Cuscal) Renewal - 2022","0061G00000OeJ9OQAV"
"61809398536","Moneysoft Renewal - 2022","0061G00000OeJ9MQAV"
"61808309170","Xero Limited Renewal - 2022","0061G00000OeJ9NQAV"
"61808309161","Mortgage House of Australia Renewal - 2022","0061G00000OeJ95QAF"
"61807384221","VGW US Renewal - 2022","0061G00000OeJ9TQAV"
"61807225217","Booster Financial Services Ltd (Company No. 891419) Renewal - 2022","0061G00000OeJ9CQAV"
"61812332449","CO #1 WT Duration Extension","0061G00000Oe8qVQAR"
"61811411045","USAA Insights Engine for Banking","0061G00000Odv1zQAB"
"61839263381","Principal ACATs","0061G00000OduuJQAR"
"61849014790","IAV Renewal","0061G00000OdjeVQAR"
"61841115011","Thomson Reuters - 2022 Renewal","0061G00000OdhW0QAJ"
"61809243550","Lifelock - Subscription Renewal 2022","0061G00000OdhV7QAJ"
"61843895637","Alkami- Desert Financial CU- Abe.ai","0061G00000OdalVQAR"
"61816514146","Laurel Road_Bank Data Platform & SMB","0061G00000OdYUQQA3"
"61818534052","NWM Sync API Consulting","0061G00000OdYM0QAN"
"61839097446","Yahoo Finance - FLv4 Upgrade","0061G00000OdY0zQAF"
"61815117868","PNC Credit Card TDE PS","0061G00000OdXgvQAF"
"61819611471","Principal 2023 Renewal","0061G00000OdRh2QAF"
"61815892661","HB Consumer Data Platform","0061G00000OdRS5QAN"
"61842193811","Concur Technologies, Inc. 2022 Renewal","0061G00000OdNbPQAV"
"61813111082","Webull - 2022 Renewal","0061G00000OdNXSQA3"
"61847926588","Wells Fargo - Agg for SMB Dashboard","0061G00000OdNWUQA3"
"61852416405","UBS_IAV/CDV Renewal","0061G00000OdNLtQAN"
"61847001237","Alkami - Abe.ai - Hawaii USA","0061G00000OdN51QAF"
"61818225541","Scotiabank - POC (Agg/TDE)","0061G00000OdMpcQAF"
"61849166209","SOW for Sync Extracts Consulting","0061G00000OdMooQAF"
"61806456994","Advisor Solutions: IAV for onboarding","0061G00000OdMnlQAF"
"61838949233","Global Merchant Lending: IAV Credit","0061G00000OdMiHQAV"
"61807841387","Navy Federal: Agg/Apps/Extracts","0061G00000OdMeAQAV"
"61842503738","JPMC_Aggregation_Webhooks Customization_SOW","0061G00000OdHRkQAN"
"61809548723","VG - T&M Consulting SOW","0061G00000OdECgQAN"
"61842970731","Iplicit - Open Banking UK","0061G00000OdDMlQAN"
"61808615833","Axos FastLink4","0061G00000OdC7eQAF"
"61807691577","Millennium Trust Account Verification","0061G00000OdAHnQAN"
"61815588968","ETrade IAV Renewal","0061G00000OdAEUQA3"
"61806762881","Lumin Agg and IAV Renewal","0061G00000OdADHQA3"
"61810626953","Lumin- Abe.ai - Shell FCU","0061G00000Od6ccQAB"
"61839725382","PNC Credit Card TDE - Pilot","0061G00000Ocn7TQAR"
"61815273990","UBS_Custom FinApp Maintenance Fee","0061G00000Ock59QAB"
"61849315987","TRP_ACATs/ATV","0061G00000OciK3QAJ"
"61808155206","Amex _Digital Labs_P2P Verification","0061G00000OciFmQAJ"
"61838643891","UBS: Insights Engine (Standard out-of-the box)","0061G00000OciBVQAZ"
"61849787730","Truist  - SunTrust GUID Conversion","0061G00000OchVzQAJ"
"61852416552","Aggregation","0061G00000OceaAQAR"
"61846219070","Testing Opportunity 1.12.22","0061G00000Ocdy2QAB"
"61851022253","Grazitti Testing1","0061G00000Ocdo9QAB"
"61812805756","Testing Grazitti","0061G00000Ocdj5QAB"
"61852575792","Baird Mobile App Development T&M","0061G00000OcRo2QAF"
"61852416402","RBC PFM 2022 Debooking","0061G00000OcRiyQAF"
"61819146529","My Prosperity Pty Ltd 2021 Renewal","0061G00000OcHXhQAN"
"61841115033","T. Rowe Price - Amendment_AI FinCheck License","0061G00000OcHCBQA3"
"61806916998","T. Rowe Price - MSA Full year renewal","0061G00000OcH2nQAF"
"61841733555","T. Rowe Price - July/October 2021 New Software De-booking","0061G00000OcGjgQAF"
"61810172948","Cetera:  Renewal 2021","0061G00000OXnHqQAL"
"61819308368","2020 CitiGroup CO#1 to SOW #7 Maintenace","0061G00000OXmZDQA1"
"61816514154","Dedicated Data Team - 2021","0061G00000OXmPGQA1"
"61812332383","SOW #17 Monthly Support (Q4'21)","0061G00000OXmEeQAL"
"61849166260","Closing Docs - Document Download","0061G00000OXVCUQA5"
"61808155152","Worldpay IQ Now Renewal","0061G00000OXRiMQAX"
"61812332448","ACI - Renewal 2022","0061G00000OX6KVQA1"
"61810172566","Moneylabs 2021 Renewal","0061G00000OWxzoQAD"
"61842354520","SOW#34 PS Renewal Q4 2021","0061G00000OWxylQAD"
"61849787814","T. Rowe Price - MSA 120 Day T4C","0061G00000OWwnWQAT"
"61843742816","United First Financial Upgrade FL4","0061G00000OWwkrQAD"
"61818225503","Liberty Group Limited Debooking","0061G00000OWwkIQAT"
"61815431333","Alkami - Agg / TDE / IAV - True Up Booking","0061G00000OWwZtQAL"
"61814663493","Axos - SMS Fees 2021 Renewal","0061G00000OWwPKQA1"
"61852416420","TransferWise 2021 Renewal (MSA) Debooking","0061G00000OWqMeQAL"
"61845137052","TransferWise 2021 Renewal (MSA)","0061G00000OWqMdQAL"
"61849627220","Buxfer Inc.  2021 Renewal","0061G00000OWpWKQA1"
"61808925040","CIBC US - Goalkeeper","0061G00000OWkSlQAL"
"61843288978","BrightPlan-Upgrade FL4 and 1.1","0061G00000OWkN7QAL"
"61844525494","Blackbaud Upgrade to 1.1 and latest FL","0061G00000OWkJKQA1"
"61814504079","ICMA-RC Mission Square Upgrade to 1.1 and latest FL","0061G00000OWkH6QAL"
"61852260407","BOK - Goalkeeper","0061G00000OWk2EQAT"
"61818679335","Regions - Goalkeeper","0061G00000OWk1kQAD"
"61839263266","First Horizon - Goalkeeper","0061G00000OWk17QAD"
"61816513960","Santander - Goalkeeper","0061G00000OWk0IQAT"
"61818368072","Edward Jones Aggregation Renewal","0061G00000OWN8XQAX"
"61849787699","Target - CO#3 To SOW#4 Annual Maintenance","0061G00000OWFz7QAH"
"61839410003","PayPal 2mo Pricing Extension","0061G00000OWFodQAH"
"61817133408","Charles Schwab IAV renew option 2022","0061G00000OW8qXQAT"
"61851494057","USAA Q4 2022 Renewal","0061G00000OW5JOQA1"
"61814813189","BMO Harris Insights New Booking","0061G00000OW5GPQA1"
"61849166152","NSR Fast Track","0061G00000OW4ouQAD"
"61815588868","Alkami - Abe.ai - 800 mil bank","0061G00000OW4j5QAD"
"61809082969","Edward Jones Consumer Insights","0061G00000OW18ZQAT"
"61843742789","KeyBank - INSIGHTS","0061G00000OVvhOQAT"
"61810938251","Aggregation Renewal","0061G00000OVu2RQAT"
"61819923713","FinGoal: IAV and TDE- Channels","0061G00000OVh2hQAD"
"61852416519","Citizens: Agg","0061G00000OVeAFQA1"
"61810627081","Hermitage Consulting LLC-Agg","0061G00000OVTc7QAH"
"61810008183","Wealthfront Duration Extension","0061G00000OVISSQA5"
"61852416558","Morgan Stanley 2022 T&M Consulting","0061G00000OVHttQAH"
"61816514135","Alkami - Abe.ai - Copper State CU PS Fees","0061G00000OVHdcQAH"
"61814504203","Discover Enhanced Account Holder Details","0061G00000OVDoXQAX"
"61810938228","PNCI Digital Account Opening","0061G00000OV98AQAT"
"61850558234","PNCI Goalkeeper (Microinvesting)","0061G00000OV97vQAD"
"61841428521","PNCI Thematic Embedded Investing","0061G00000OV97bQAD"
"61850245154","PNCI IAV","0061G00000OV97CQAT"
"61810172600","PNCI ACATs","0061G00000OV96dQAD"
"61847622205","PS SOW - Cobrand","0061G00000OUv4xQAD"
"61847311739","Decision Logic - EOL fee","0061G00000OUu41QAD"
"61848697352","Alkami - Abe.ai - Heritage Grove","0061G00000OUoQIQA1"
"61840963484","Data Aggregation","0061G00000OUn7XQAT"
"61808467726","Pop I/O- Abe.ai- Claxton Bank","0061G00000OUlyEQAT"
"61808771618","Pop I/O- Abe.ai- The Atlantic FCU","0061G00000OUly9QAD"
"61848697396","Pop I/O- Abe.ai- Streator Onized Credit Union","0061G00000OUlxfQAD"
"61850409877","Enable OB","0061G00000OUkZJQA1"
"61850409886","Data AG + IAV","0061G00000OUT7YQAX"
"61819146559","Westfield Funding- Aggregation - Statements","0061G00000OUR6DQAX"
"61849166207","Lumin- Abe.ai- Jax FCU- Full VFA","0061G00000OUQfSQAX"
"61812805635","Alkami - Abe.ai - Metro FCU","0061G00000OUNaIQAX"
"61846378167","FISKL-","0061G00000OU9WsQAL"
"61818837152","Gilded: NSR Fast Track","0061G00000OU4L4QAL"
"61851790500","Truist February 2022 4 Month Extension","0061G00000OU3ghQAD"
"61850558066","Westpac - Data Aggregation (DDC+OB)","0061G00000OU2dfQAD"
"61815892567","Alkami - Abe.ai - Marine CU","0061G00000OTyOzQAL"
"61849627191","FIS - 2022 PS Retainer","0061G00000O0IrgQAF"
"61845603247","McAfee - Aggregation","0061G00000NzsrvQAB"
"61809398376","Alkami - Abe.ai - Mountain America Credit Union","0061G00000NzsHhQAJ"
"61820237179","Alkami - Abe.ai - Unitus Credit Union","0061G00000NzsH3QAJ"
"61845137190","Berkshire Bank: Harvest - Goalkeeper","0061G00000NzoerQAB"
"61810478369","Merrimack County Savings Bank","0061G00000NzoVcQAJ"
"61844836686","Union Savings Bank: Harvest - Goalkeeper","0061G00000NzoHqQAJ"
"61808309294","Atlantic Union Bank: Harvest - Goalkeeper","0061G00000NzoHlQAJ"
"61819452529","First Hawaiian Bank: Harvest Goalkeeper","0061G00000NznpVQAR"
"61809083009","Carson Wealth - Insights","0061G00000NznRGQAZ"
"61841115053","SOW #7 to CO#06","0061G00000NzjclQAB"
"61851790626","Harvest - Goalkeeper","0061G00000NzgrpQAB"
"61815274022","Mercer Advisors- Aggregation","0061G00000NzdtCQAR"
"61807532908","Groups Enhancement for MSO","0061G00000NzaX6QAJ"
"61810172933","USOB Enablement SOW","0061G00000NzZgdQAF"
"61845291567","Frollo Upgrade to FL4.0","0061G00000NzPbaQAF"
"61809548580","Alkami - Abe.ai - Bristol County Savings Bank","0061G00000NzC39QAF"
"61814973845","TIAA_Emergency Savings_FL4","0061G00000Nz1xxQAB"
"61817905991","Mercer: Agg","0061G00000NykCVQAZ"
"61847926644","Temenos 2021 Renewal","0061G00000NyiQDQAZ"
"61849476207","Profile Data (EAHD) - Trial Period","0061G00000NyiP1QAJ"
"61850097572","Lumin- Abe.ai - Service 1st Credit Union FULL VFA","0061G00000NyiBuQAJ"
"61841733526","Lumin- Abe.ai - Service 1st Credit Union PS OPP","0061G00000NyiANQAZ"
"61809243520","FIS - IAV for another LOB - RealNet Payments","0061G00000NyhXJQAZ"
"61844836684","Data Aggregation","0061G00000Nyg3vQAB"
"61820073498","FIS - webhooks adapter","0061G00000NyewbQAB"
"61846687295","T. Rowe Price - New FL3 Instance for RPS Client","0061G00000NyeM5QAJ"
"61846378259","Alkami - Abe.ai - Peoples CU","0061G00000NyV6rQAF"
"61850558133","PWM Asset Re-Classification","0061G00000NyV4vQAF"
"61843440051","Alkami - Abe.ai - NIH Credit Union PS Opp","0061G00000NyUxpQAF"
"61809398412","Biz2Credit, Inc. Amendment 6","0061G00000NyOMwQAN"
"61839263287","Biz2Credit, Inc. Price change debooking","0061G00000NyOM9QAN"
"61851337007","SOW #17 Monthly Support (Aug+Sep)","0061G00000NyNmtQAF"
"61816825757","Sterling Administration-IAV","0061G00000NyNRzQAN"
"61818995736","TekFriday Processing Solutions Private Limited  2021 Renewal","0061G00000NyLvuQAF"
"61842663990","WealthCare Cap | Renewal | 2021","0061G00000NyLiBQAV"
"61838643862","SunTrust Renewal Amendment 3 Debooking","0061G00000NyLhBQAV"
"61838796893","Citi_IAV 30 Day RENEWAL","0061G00000NyLevQAF"
"61839263358","TransferWise 2021 Renewal (Amendment 2)","0061G00000NyLcJQAV"
"61851022183","2021 Confirmation of Renewal","0061G00000NyLXMQA3"
"61852260476","Synchrony_Integrate Balance Refresh","0061G00000NyLJfQAN"
"61842503603","Alkami - Abe.ai - SF Fire CU","0061G00000NyL41QAF"
"61839409964","Morgan Stanley FL4 Upgrade","0061G00000NyKiGQAV"
"61813579307","Amex_2021 Enhanced Support & Svcs Model_SOW","0061G00000Ny936QAB"
"61846841926","Alkami - Abe.ai - Sandia Area CU","0061G00000Ny8zaQAB"
"61817449524","Cha-Ching (Money Brilliant) Renewal 2022","0061G00000NxbFsQAJ"
"61850710896","ICMA Retirement Corporation  2021 Renewal","0061G00000NxXO5QAN"
"61840180852","Amex _Intl Expansion_Platform Updates","0061G00000NxTcHQAV"
"61819146550","Advisor360: Aggregation","0061G00000NxSaPQAV"
"61851022236","JPMC_ACATS_CO#1 Duration Extension","0061G00000NxQZrQAN"
"61808309290","SOW9 CO Duration Extension","0061G00000NxFH8QAN"
"61841886288","Change Order #02 to  Statement of Work #02 T&M","0061G00000NxBgEQAV"
"61814343567","BOL - IAV for Money Transfers","0061G00000NxAuvQAF"
"61813419408","Lumin - Investment Aggregation","0061G00000NxATXQA3"
"61848849926","Schwab CDV Redirect","0061G00000Nx4yOQAR"
"61818837256","Scotiabank Agg/TDE","0061G00000Nx4RpQAJ"
"61820073325","DST Retirement Solutions LLC IAV 2021 Renewal","0061G00000Nwz78QAB"
"61812950382","ExplorIT CC-","0061G00000NwxPiQAJ"
"61846219110","Alkami_3 Year Renewal","0061G00000NwvsSQAR"
"61808155144","Vanguard - Expand IAV to another LOB","0061G00000NwdLrQAJ"
"61844981684","LifeLock Canada Territory Fee 2021 Renewal","0061G00000NwY3kQAF"
"61816046622","Stronghold (Action Factory) 2021 Renewal","0061G00000NwXzOQAV"
"61809243572","C1B Change Order 3 to SOW 1 (Ongoing test environment)","0061G00000NwVbeQAF"
"61842664072","C1B Change Order 2 to SOW 1 (Launch Support)","0061G00000NwVXYQA3"
"61813419367","Synchrony_Upgrade to FL4","0061G00000NwSyAQAV"
"61850245258","Channel Reseller - YCA/AGG/IAV","0061G00000NwMY4QAN"
"61848545794","Q2 SMS 2021 Renewal","0061G00000NwLePQAV"
"61817449494","Axos - SOW #5","0061G00000NwLZ1QAN"
"61846378290","TIAA:  ACATS w DocDownload +  FastLink 4 Agg Upgrade","0061G00000NwHgsQAF"
"61847622158","BMO Harris Account Verification","0061G00000NwHMXQA3"
"61806762886","Thomson Reuters - 2021 Renewal","0061G00000LpRR5QAN"
"61814813293","NWM CO 1 to SOW 13","0061G00000LpLhnQAF"
"61816513952","Discover IAV Auto Purge Service","0061G00000LpLA2QAN"
"61851173905","NWM 60 Day Contract Extension 4/30/21-6/30/21 Debooking","0061G00000LpJfMQAV"
"61813733805","T. Rowe Price - Amendment #20 - May Extension (14 dys)","0061G00000LpJAhQAN"
"61809548647","Yahoo Finance - PFM PS Duration Extension","0061G00000LpIw9QAF"
"61842820256","Paysign Inc-IAV","0061G00000LpGydQAF"
"61816825730","Count About-AGG","0061G00000LpGwXQAV"
"61807691542","Aero Payments - IAV","0061G00000LpGsBQAV"
"61808003602","M&T Insights","0061G00000LpEXkQAN"
"61842193926","2021 Renewal","0061G00000LpDrCQAV"
"61808771594","Fifth Third Corporate Analytics","0061G00000LpDgYQAV"
"61841585333","Fifth Third Bank Agg","0061G00000LpDfaQAF"
"61842193838","CDV for Huntington","0061G00000LpBgTQAV"
"61812950409","3-year Renewal","0061G00000Lp8hsQAB"
"61814813294","Morgan Stanley- Completeness Score & FI Event Detection Insights","0061G00000Lp5xDQAR"
"61809398364","H2 2021 Bottomline CSI","0061G00000Louz5QAB"
"61845448769","C/O to SOW 5 extention of time","0061G00000LoZ76QAF"
"61844051352","CIBC (US):  IAV","0061G00000LoWvNQAV"
"61816674339","Hancock Whitney: Agg, IAV & Goalkeeper","0061G00000LoVvbQAF"
"61812332405","Abe.ai- Pop i/o Partnership","0061G00000LoRnkQAF"
"61841428484","Comerica Securities: Yodlee AGG Platform for Wealth","0061G00000LoPTuQAN"
"61811561886","TD: Aggregation for WM","0061G00000LoOVGQA3"
"61850097675","Transamerica 2021-2022 Renewal","0061G00000LoLeGQAV"
"61846841880","Tradesmith - Adding Devportal Account","0061G00000LoDDBQA3"
"61815431316","C/O 2 month extension to upgrade SOW","0061G00000Lo56SQAR"
"61842049198","CircleBlack Upgrade v1.1","0061G00000LnyPpQAJ"
"61851494054","Alkami - Abe.ai - St Mary's Bank","0061G00000LnlmxQAB"
"61819308549","Alkami - Abe.ai -El Paso Area Teachers FCU","0061G00000LnllpQAB"
"61808309300","BB&T (Truist) - 7 Month Extension","0061G00000Lnd9iQAB"
"61852416350","Chase Bank - SnapShot Comml PoC","0061G00000LncilQAB"
"61811872006","Argus - Aggregation","0061G00000LnbTpQAJ"
"61816513931","Wells Fargo  - SMB SnapShot","0061G00000Nsv1tQAB"
"61844525437","JH - FL4 upgrade, reskin finapps, SBT","0061G00000Nsu7nQAB"
"61847466499","KeyBank - ACATS","0061G00000NstcJQAR"
"61849627155","Voyant Integration","0061G00000NssErQAJ"
"61813733719","Venmo IAV","0061G00000NsrxVQAR"
"61844210301","Citi - Harvest for Wellness","0061G00000NsqkIQAR"
"61839263278","Millennium Trust - ACATS","0061G00000NsqXxQAJ"
"61850409819","Discover Q3 2024 Renewal","0061G00000NsjJVQAZ"
"61810785875","C1B Change Order 1 to SOW 1","0061G00000NsgqcQAB"
"61809548672","MFP Mobile Integration Duration Extension","0061G00000NsfkRQAR"
"61810626952","86 400 YCA / File Importer / PDF download","0061G00000Nsf5ZQAR"
"61806302777","CIT - upgrade IAV+ txns / PII","0061G00000NsIPnQAN"
"61843132060","BOL MFP Mobile Implementation","0061G00000NsE43QAF"
"61808771624","Aggregation Renewal: 1yr Auto Renew","0061G00000NsE3KQAV"
"61811562035","Aggregation Renewal","0061G00000NsE2vQAF"
"61812492569","Tyfone - IAV PS Duration Extension","0061G00000NsAA0QAN"
"61842193844","NetSuite - FastLink v4 PS","0061G00000Ns9vlQAB"
"61842664094","Synchrony - IAV Profile Data and Fraud Analytics","0061G00000Ns6LEQAZ"
"61840803170","Lumin- Abe.ai- First Mark FCU","0061G00000Ns4W5QAJ"
"61815892761","Lumin- Abe.ai- Jax FCU","0061G00000Ns4VbQAJ"
"61812186662","MRI Software-","0061G00000Ns0cKQAR"
"61814194602","Baird Mobile App Development","0061G00000NrvRLQAZ"
"61810785915","C/O to SOW 5 extention of time","0061G00000Nb6JHQAZ"
"61842049206","Target_IAV EAHD, Same-Day CDV, Fraud Analytics","0061G00000Nb54WQAR"
"61807841399","Synchrony - TDE for Digital Svcing (Competitive Oppty)","0061G00000Nb4y9QAB"
"61847926580","KeyBank - Amendment for 2 Yr Extension","0061G00000Nb4x6QAB"
"61811713299","Alkami- Abe.ai Rocky Mountain Law Enforcement FCU Subscription Opp","0061G00000Nb4s6QAB"
"61810317743","Alkami- Abe.ai- WyHy Credit Union Subscription","0061G00000Nb4nkQAB"
"61841428336","Backbase - Channel: TDE, Aggregation and IAV","0061G00000Nb0AxQAJ"
"61846064987","Duration Extension to SOW 10 Unbranded","0061G00000NazcrQAB"
"61844525442","Alkami - Abe.ai - Copper State CU Subscription Opportunity","0061G00000NazQRQAZ"
"61850097545","OGL-","0061G00000NaZCFQA3"
"61817603608","Booster - Data Feeds","0061G00000NaWPqQAN"
"61852416372","TIAA Annual Purge SOW","0061G00000NaTCTQA3"
"61851022388","UBS_Pre-Prod WMAP Environment_SOW","0061G00000NaSvIQAV"
"61843590422","Alkami - Abe.ai - NIH Credit Union Subscription","0061G00000NaNAIQA3"
"61840500338","Alkami - Abe.ai - America First Credit Union","0061G00000NaN91QAF"
"61848697395","ProNvest - AV (Amendment)","0061G00000NaLxAQAV"
"61848076657","US Bank Renewal","0061G00000NaK2sQAF"
"61842970525","EVEN Integration","0061G00000NaFKzQAN"
"61848849967","Comerica Treasury Mgmt: Data Push to 3rd Parties and Agg","0061G00000NaFo1QAF"
"61851494158","VG - SAML Mapping","0061G00000NaCFKQA3"
"61820534855","Dedicated Engineer Support","0061G00000NaAamQAF"
"61852416423","Amex (Australia) - CMT Demo","0061G00000Na72yQAB"
"61842049151","Synchrony_Renewal_Agg & IAV_One Year","0061G00000Na61cQAB"
"61812332389","Enhanced SLAs","0061G00000Na3hGQAR"
"61811411057","Alkami- Abe.ai - Liberty Bank","0061G00000Na39KQAR"
"61850245135","Amex CAN_FastLink Changes","0061G00000Na2ALQAZ"
"61849787737","Aggregation Renewal","0061G00000NZy51QAD"
"61819763781","Harvest Savings + Wealth","0061G00000NZxpuQAD"
"61843742794","Harvest Savings + Wealth","0061G00000NZxp6QAD"
"61808003466","Axos Micro Saving + Micro Investing","0061G00000NZxocQAD"
"61845760560","IAV Enhancement: 365 day Transactions","0061G00000NZxb9QAD"
"61848545702","BOL Duration Extension: 12 weeks","0061G00000NZxZNQA1"
"61814504073","Citi_PFM_30 Day Extension","0061G00000NZxWiQAL"
"61843132043","Data Aggregation - API - CDR","0061G00000NZwD7QAL"
"61809243549","Harvest Savings + Wealth","0061G00000NZuz8QAD"
"61840336128","Lumin- Abe.ai - Heritage Family CU","0061G00000NZuBAQA1"
"61849315986","YCA Implementation and usage","0061G00000NZtBkQAL"
"61813263633","Online Business Accounts integration","0061G00000NZpNyQAL"
"61846841858","Charles Schwab Agg Renewal","0061G00000NZpMgQAL"
"61820237105","GoalKeeper","0061G00000NZpGsQAL"
"61838796839","M&T Goalkeeper","0061G00000NZpFaQAL"
"61811410976","Duration Extension + Pilot Proposal SOW 10","0061G00000NZcvzQAD"
"61840647184","Alkami - Abe.ai - Fairmont Credit Union","0061G00000NZaIzQAL"
"61849476004","Alkami - Abe.ai - Del-One Credit Union","0061G00000NZaCdQAL"
"61816674364","Lumin- Abe.ai - Westerly Credit Union","0061G00000NZa9CQAT"
"61812492556","Lumin- Abe.ai - Service 1st Credit Union","0061G00000NZa8xQAD"
"61851022192","Rapyd Network-IAV","0061G00000NZXgYQAX"
"61810317707","Edgeco Holdings: Agg","0061G00000NZX9nQAH"
"61850558026","CreditNinja - Ninja Edge Reseller","0061G00000NZTfkQAH"
"61812186734","UBS_WMAP QA Environment - Maintenance 2021-2022","0061G00000NZN3vQAH"
"61843132023","Data Aggregation UK OB Agency Model","0061G00000NYuCJQA1"
"61815431425","Truist Harvest Goalkeeper","0061G00000NYrfQQAT"
"61841115003","Paycom Payroll LLC  2021 Renewal","0061G00000NYnEkQAL"
"61816825892","Alkami- Abe.ai- Direct FCU","0061G00000NYmATQA1"
"61807691531","Seidr - Renewal 2021","0061G00000NYf4xQAD"
"61846378151","Lumin- Abe.ai- Justice FCU","0061G00000NYWw9QAH"
"61841585417","Investec FL4.0 & FinApps","0061G00000NYWM5QAP"
"61816674341","Q2 - Abe.ai - Kitsap","0061G00000NYV9yQAH"
"61819308383","EveryIncome - Change order to Update Existing Finapps","0061G00000NYUqsQAH"
"61816674134","CIT - AGG","0061G00000NY0v8QAD"
"61813579274","Change Order #1 to SOW #2 Agg duration extension and FL 4 upgrade","0061G00000NY0raQAD"
"61817133568","Amex_Intl Dollar Card_New Customer Acquisition","0061G00000NY07RQAT"
"61815588978","Fyle-","0061G00000NXyugQAD"
"61809082978","Principal Harvest Goalkeeper","0061G00000NXxDIQA1"
"61840803129","RBC Mobile Annual Maintenance Renewal","0061G00000NXurYQAT"
"61846687292","DST Retirement Solutions - New Mins","0061G00000NXuMNQA1"
"61841585262","Backend Benchmarking-AGG","0061G00000NXtWfQAL"
"61841269174","Alkami - Abe.ai - Gulf Coast Educators FCU","0061G00000NXhe2QAD"
"61816514087","Alkami - Abe.ai - Arkansas FCU","0061G00000NXgIXQA1"
"61808155180","Alkami - Abe.ai - ServiceOne CU","0061G00000NXaNFQA1"
"61849476155","C/O to SOW 5 extention of time","0061G00000NXXcdQAH"
"61849787830","PayPal FCRA SnapShot","0061G00000NXWncQAH"
"61809548722","Alkami - Abe.ai -IQ CU","0061G00000NXWYCQA5"
"61809548705","Datastore Historical File","0061G00000NXQ6XQAX"
"61808615727","Harvest Savings + Wealth","0061G00000NXPayQAH"
"61845448770","GoalKeeper","0061G00000NXPaoQAH"
"61814663441","Citi IAV Renewal - 60 Dy Extension","0061G00000NXLfMQAX"
"61840803223","Extend running of 9x environment by 1 month","0061G00000NXKiGQAX"
"61840647248","Lifelock, Inc.  2021 Renewal DDT Q4","0061G00000NXHCYQA5"
"61814973871","Lifelock, Inc.  2021 Renewal DDT Q3","0061G00000NXHCXQA5"
"61851494055","Lifelock, Inc.  2021 Renewal DDT Q2","0061G00000NXHCIQA5"
"61847926642","Safra Pay - AGG","0061G00000NXEH4QAP"
"61842193847","Financial Symmetry - Upgrade to V1.1 and add Doc Download","0061G00000NXAOFQA5"
"61848545670","Fiduciary Trust Change Order #01 to  Statement of Work #01 Technical Consulting T&M","0061G00000NX8fKQAT"
"61850245167","Citi IAV Renewal - 30 Dy Extension","0061G00000NBuyAQAT"
"61846378266","T. Rowe Price - Amendment #19 - May Extension (30 dys)","0061G00000NBuukQAD"
"61842820264","Alkami - Abe.ai - Ascend FCU","0061G00000NBucIQAT"
"61808771615","Data Agg - Income Expense Verfication","0061G00000NBT6SQAX"
"61810785891","Stronghold (Action Factory) - Increase in Mins","0061G00000NBNFDQA5"
"61841886315","USAA Custom Manual Transactions Report","0061G00000NBDctQAH"
"61814973844","RBC My Advisor Annual Maintenance Fee","0061G00000NBDPwQAP"
"61807533105","Thrivent May 2024 Renewal","0061G00000NBDG0QAP"
"61847776327","Greyline.co-Agg","0061G00000NBCUoQAP"
"61815274035","NWM 60 Day Contract Extension 4/30/21-6/30/21","0061G00000NB8mLQAT"
"61845448723","SOW 3 CO Duration Extension","0061G00000NB1DAQA1"
"61817603492","ETAS CO Custodial Data","0061G00000NAshQQAT"
"61838796830","BMO Harris Harvest Goalkeeper","0061G00000NAiczQAD"
"61848076719","Safra Pay - AV SOW","0061G00000NAhWBQA1"
"61848076593","TD: Insights & Goalkeeper","0061G00000NAgt8QAD"
"61842503757","EveryIncome - Additional Finapps","0061G00000NAZaUQAX"
"61820237191","KeyBank - GUID to MDM ID Switch","0061G00000NAYS3QAP"
"61840500257","Platform 1.1 & FL4 Upgrade","0061G00000NAYL6QAP"
"61813733741","Lumin- Abe.ai - Vermont State Employees Credit Union","0061G00000NANSvQAP"
"61808467769","LifeLock Renewal 2021","0061G00000NANIBQA5"
"61849166168","Target Corporation 2021 Renewal","0061G00000NANFbQAP"
"61814973756","VectorVest, Inc.-AGG","0061G00000NAMWAQA5"
"61809853034","Data Aggregation","0061G00000NAFGMQA5"
"61807691588","PFM - ZIP - Data Agg & IAV","0061G00000NAF4aQAH"
"61848235858","PFM Super App","0061G00000NADOvQAP"
"61843895630","IAV Enhancements for CC/DC","0061G00000NADJeQAP"
"61819452593","Lumin- Abe.ai - LAFCU","0061G00000NAD4iQAH"
"61850097700","Alkami - SBT","0061G00000NABweQAH"
"61815274008","UBS_3 Year Auto Renewal","0061G00000NABuxQAH"
"61820534864","Flywheel Financing-Agg/IAV","0061G00000NA6ggQAD"
"61839725393","Alkami - Abe.ai - American Agcredit","0061G00000NA6IGQA1"
"61809243548","Alkami - Abe.ai - Spire CU","0061G00000NA6HXQA1"
"61820073360","Alkami - Abe.ai - CU So Cal","0061G00000NA6FWQA1"
"61843131959","Alkami - Abe.ai - Meriwest CU","0061G00000NA6C8QAL"
"61849627212","Alkami - Abe.ai - Selco CU","0061G00000NA6C3QAL"
"61807691587","Citi_IAV RENEWAL","0061G00000NA43jQAD"
"61806607184","Citi_PFM RENEWAL","0061G00000NA43nQAD"
"61847001219","Channel Environment - Customer 1 ""MG"" Debooking","0061G00000N9aBBQAZ"
"61850869268","United Cap 2021 Renewal","0061G00000N9WMjQAN"
"61849787813","RightCapital LLC  2021 Renewal","0061G00000N9WM6QAN"
"61842820407","Elderscan  2021 Renewal","0061G00000N9WJ2QAN"
"61847001152","Lifelock, Inc.  2021 Renewal DDT Q1","0061G00000N9WIsQAN"
"61809707548","Data Panel - Aust.","0061G00000N9VdtQAF"
"61838796838","Schwab Webhook notification support","0061G00000N9V76QAF"
"61842503692","Northern Trust - ACATS","0061G00000N9V6SQAV"
"61849014647","Alerus - Insights","0061G00000N9UNaQAN"
"61844981677","RBC PFM 2022-2023 Renewal","0061G00000N9QCNQA3"
"61815892605","T. Rowe Price - Amendment #18 - April Extension (30 dys)","0061G00000N9NJcQAN"
"61816203554","T. Rowe Price - Amendment #15 - March Extension (30 dys)","0061G00000N9NJ9QAN"
"61812186728","Data Aggregation = Accounting SW","0061G00000N9MBuQAN"
"61848545630","Tradesmith LLC 2022 Renewal","0061G00000N9IpmQAF"
"61842049342","Tradesmith LLC 2021 Renewal","0061G00000N9HopQAF"
"61845760411","EDJ Change Order #2","0061G00000N9ETJQA3"
"61850558058","Charles Schwab Wealth 2021 Renewal","0061G00000N9E3OQAV"
"61849014804","Fintech Pte Renewal 2021","0061G00000N9DuXQAV"
"61806762924","Huntington - IAV and Agg SOW #1 Debooking","0061G00000N9DuCQAV"
"61816046503","Amazon 2021 Renewal Q4","0061G00000N9DtTQAV"
"61840025097","Amazon 2021 Renewal Q3","0061G00000N9DnKQAV"
"61843288983","Amazon 2021 Renewal Q2","0061G00000N9DpIQAV"
"61841733492","Annual Premium Data Support Fee - Amendment 6 2021","0061G00000N9DmVQAV"
"61851952790","PNC SOW #30 Renewal 2021","0061G00000N9CdnQAF"
"61852260508","Amazon 2021 Renewal Q1","0061G00000N9ASrQAN"
"61840963496","2021 Q4 Renewal of DDT","0061G00000N9A92QAF"
"61815892649","2021 Q3 Renewal of DDT","0061G00000N9A8sQAF"
"61845137079","2021 Q2 Renewal of DDT","0061G00000N9A8nQAF"
"61811410992","2021 Q1 Renewal of DDT","0061G00000N9A5tQAF"
"61809707301","Horizon | Renewal | 90-Day Auto 2021","0061G00000N99t9QAB"
"61809083027","Edward Jones Aggregation Renewal","0061G00000N91hAQAR"
"61809398453","C/O to SOW 5 extention of time","0061G00000N8oTJQAZ"
"61845137078","DST Retirement Solutions - Janus PS & AGG","0061G00000N8nFBQAZ"
"61844051338","Online Account Open Extension to 3/31/2022","0061G00000N8VXaQAN"
"61846841882","VG - Transaction Recovery Scripting","0061G00000N8TUbQAN"
"61845137189","TransAct-AV","0061G00000N8RyjQAF"
"61814973782","MFP for Retail Mobile","0061G00000N8R08QAF"
"61838949264","Mortgage House Renewal 2022","0061G00000N8L9FQAV"
"61809083044","CDV error messaging","0061G00000N8Ks4QAF"
"61810938269","Change Order - Extn","0061G00000N8KRTQA3"
"61808467624","Alkami- Abe.ai Rocky Mountain Law Enforcement FCU PS OPP","0061G00000N871fQAB"
"61843895682","NWM - Insights","0061G00000N82XvQAJ"
"61839874402","RBC Ventures FL 4 Upgrade","0061G00000N7vcNQAR"
"61841585242","One month extention for operating 9x environment","0061G00000L1XS8QAN"
"61852575636","Mortgage House 2021 Renewal","0061G00000Mzz7PQAR"
"61851790511","MoneySoft Limited 2021 Renewal","0061G00000Mzz7NQAR"
"61850558222","Yellow Labs Software (Accounting Suite) 2021 Renewal","0061G00000Mzz8KQAR"
"61850409999","Simply Studio (17hats.com) 2021 Renewal","0061G00000Mzz7xQAB"
"61850409818","Sequoia Consulting Group 2021 Renewal","0061G00000Mzz7uQAB"
"61849166175","Financial Symmetry 2021 Renewal","0061G00000Mzz6kQAB"
"61848545645","Silver Bullet Marketing 2021 Renewal","0061G00000Mzz6AQAR"
"61847148596","Object Map 2021 Renewal","0061G00000Mzz7TQAR"
"61846841872","DST Retirement Solutions LLC AGG 2021 Renewal","0061G00000Mzz6aQAB"
"61846529957","Sage Accounting 2021 Renewal","0061G00000Mzz7tQAB"
"61846064953","DYN365 Inc dba Restaurant365 2021 Renewal","0061G00000Mzz6bQAB"
"61845603227","Frollo 2021 Renewal","0061G00000Mzz6pQAB"
"61845137165","Booster Financial Services Ltd 2021 Renewal","0061G00000Mzz6DQAR"
"61845137063","LulaLend 2021 Renewal","0061G00000Mzz7DQAR"
"61844836674","Capitect, Inc. 2021 Renewal","0061G00000Mzz6KQAR"
"61844525493","Accounting Seed 2021 Renewal","0061G00000Mzz65QAB"
"61843742570","Stock Rover 2021 Renewal","0061G00000Mzz85QAB"
"61842664019","Nexonia Inc. 2021 Renewal","0061G00000Mzz7RQAR"
"61841886127","Picture Wealth (Future Penny Pty Ltd) 2021 Renewal","0061G00000Mzz7dQAB"
"61841733512","Autobooks (dba Billhighway) 2021 Renewal","0061G00000Mzz69QAB"
"61841269271","BrightPlan 2021 Renewal","0061G00000Mzz6HQAR"
"61841269054","ZipBooks (PHLO) 2021 Renewal","0061G00000Mzz7cQAB"
"61841114993","IQ Ventures 2021 Renewal","0061G00000Mzz6dQAB"
"61840181019","United First Financial, Inc (Worth Unlimited) 2021 Renewal","0061G00000Mzz8CQAR"
"61839097403","MoneyEdgePro 2021 Renewal","0061G00000Mzz7LQAR"
"61838796871","Intelliflo 2021 Renewal","0061G00000Mzz6zQAB"
"61838644032","CreditNinja (aka KMD Partners) 2021 Renewal","0061G00000Mzz75QAB"
"61820237129","Owl Finance 2021 Renewal","0061G00000Mzz7VQAR"
"61819763628","The Neat Company 2021 Renewal","0061G00000Mzz89QAB"
"61819452539","Odoo SA 2021 Renewal","0061G00000Mzz7UQAR"
"61818995571","BudgetBakers (B-C Wallet App)(B-B Board App) 2021 Renewal","0061G00000Mzz6IQAR"
"61818837304","Frollo 2021 Renewal","0061G00000Mzz6oQAB"
"61817750926","Investec Bank 2021 Renewal","0061G00000Mzz71QAB"
"61817603625","SVX Holdings Pty Ltd / SVX Group 2021 Renewal","0061G00000Mzz86QAB"
"61816825763","Software Assistant Pty Ltd 2021 Renewal","0061G00000Mzz81QAB"
"61816357721","Geowealth Management 2021 Renewal","0061G00000Mzz6tQAB"
"61815274075","Goldfish Marketing aka Landsdowne (Trakkit App) 2021 Renewal","0061G00000Mzz76QAB"
"61815117840","Certegy Payment Solutions 2021 Renewal","0061G00000Mzz6MQAR"
"61814504050","WeMoney P/L 2021 Renewal","0061G00000Mzz8IQAR"
"61814194600","SpringAhead (Virtual Software, Inc.) (Tallie) 2021 Renewal","0061G00000Mzz82QAB"
"61813579321","HT Mobile Apps (HTMA Holdings) 2021 Renewal","0061G00000Mzz6xQAB"
"61813110942","Data Trends Australia Pty Ltd - (CreditSense) 2021 Renewal","0061G00000Mzz6XQAR"
"61812805692","Integrated Rewards Inc (Paymi) 2021 Renewal","0061G00000Mzz6yQAB"
"61811561996","myERP / Inventime (One Up) 2021 Renewal","0061G00000Mzz70QAB"
"61811411047","The IDCo (MiiCard) 2021 Renewal","0061G00000Mzz7JQAR"
"61810938273","22seven 2021 Renewal","0061G00000Mzz61QAB"
"61810785853","Wise 2021 Renewal","0061G00000Mzz8AQAR"
"61810627098","Veryfi, Inc. 2021 Renewal","0061G00000Mzz8DQAR"
"61810008179","SAVVI Financial LLC (fka Dynamic Ideas Financial LLC) 2021 Renewal","0061G00000Mzz6cQAB"
"61809853015","Jetson Systems 2021 Renewal","0061G00000Mzz72QAB"
"61809083019","CircleBlack 2021 Renewal","0061G00000Mzz6QQAR"
"61808925038","Checkbook.io 2021 Renewal","0061G00000Mzz6NQAR"
"61807691618","Moneyspire Inc 2021 Renewal","0061G00000Mzz7OQAR"
"61807533137","Borderless 2021 Renewal","0061G00000Mzz6EQAR"
"61807384144","WealthTrace 2021 Renewal","0061G00000Mzz8HQAR"
"61807225132","Blackbaud 2021 Renewal","0061G00000Mzz6BQAR"
"61807070613","Qualia 2021 Renewal","0061G00000Mzz7mQAB"
"61806607006","86400 (Cuscal) 2021 Renewal","0061G00000Mzz6VQAR"
"61806456886","BQE Software Inc 2021 Renewal","0061G00000Mzz6FQAR"
"61806302761","True Potential 2021 Renewal","0061G00000Mzz8BQAR"
"61806302640","Reconart, Inc. 2021 Renewal","0061G00000Mzz7qQAB"
"61850710885","JPMC_ACATS_SOW","0061G00000MzqRmQAJ"
"61841269260","Amex_SOW_Additional FL UI Enhancements","0061G00000MzqR3QAJ"
"61806762898","JPMC_Agg_CO_Duration Extension","0061G00000MzqOsQAJ"
"61809398410","Discover Global Network Instant Account Verification","0061G00000MznTAQAZ"
"61811410957","Possible Financial Inc  2021 Renewal","0061G00000MziRWQAZ"
"61845137169","TekFriday Solutions, Inc. 2021 Renewal","0061G00000Mzh9jQAB"
"61814194535","EveryIncome 2021 Renewal","0061G00000Mzh90QAB"
"61808003626","NetSuite - SSO Enablement","0061G00000Mzh5DQAR"
"61813733814","NetSuite - OB Migration","0061G00000MzZkvQAF"
"61815117879","CO Extension Data Engineer Deployment (SB)","0061G00000MzXjUQAV"
"61813263707","Checkbook.io - Mins Adjustment","0061G00000MzWvQQAV"
"61846219063","Proactive Monitoring","0061G00000MzUUqQAN"
"61844525380","Home Lending Pal-AGG","0061G00000MzSwdQAF"
"61846529937","FinGoal - Aggregation","0061G00000MzQmYQAV"
"61839569775","Polymorphic dba Anchor Bookkeeping-Agg/PDF","0061G00000MzQMWQA3"
"61842049341","Alkami- Abe.ai- WyHy Credit Union PS OPP","0061G00000M2YHRQA3"
"61846530082","Tech Risk Item - SSO to My Yodlee","0061G00000M2WgvQAF"
"61852575656","BOL CO for duration extension - Single Instance","0061G00000M2WQ8QAN"
"61820381492","PB CO for duration extension - Single Instance","0061G00000M2WORQA3"
"61817750924","TIAA Bank - TDE for Held Data ***TIAA Bank acquisition (Shari Harrer --> FIS)","0061G00000M2WApQAN"
"61851022163","Glance Co-Browse","0061G00000M2Sk6QAF"
"61816513930","OpeningBell-AGG/PDF","0061G00000M2OgLQAV"
"61812950424","Data Panel US","0061G00000M2Np2QAF"
"61814343488","KeyBank - Renewal Amendment for Contract Extension (12 months)","0061G00000M2MyfQAF"
"61818679073","Baird - Accounts FinApp Frame In","0061G00000M2MCeQAN"
"61847622005","Kabbage - PS FL 4.0 Implementation","0061G00000M2IpMQAV"
"61808309122","Citi_PFM_User Purge SOW","0061G00000M27NxQAJ"
"61848697414","Vanguard - Consulting T&M SOW#12","0061G00000M22imQAB"
"61839874441","IGG Software 2021 Renewal","0061G00000M1pq4QAB"
"61845920041","Infoarmor 2021 Renewal","0061G00000M1pigQAB"
"61820381454","Moneyguide Blocks","0061G00000M1oc0QAB"
"61849014678","Data Aggregation","0061G00000M1oRfQAJ"
"61811713026","Boston Financial 2021 Renewal","0061G00000M1oJSQAZ"
"61812022624","FormFree - Renewal 2021","0061G00000M1oI2QAJ"
"61819923634","Webull - 2021 Renewal","0061G00000M1nziQAB"
"61838796819","Kabbage - 2021 Renewal","0061G00000M1nj5QAB"
"61840500337","Paychex, Inc. (SamePage) 2021 Renewal","0061G00000M1Yr6QAF"
"61815274074","Freshbooks 2021 Renewal","0061G00000M1K6cQAF"
"61847926567","Tiller 2021 Renewal","0061G00000M1JhRQAV"
"61809398556","Zoho Renewal 2021","0061G00000M1JKjQAN"
"61816984494","FIS - AGG/PFM Run-Off Booking 1/1/21 - 5/31/21","0061G00000M1A9VQAV"
"61813263703","Saasu Pty Ltd 2021 Renewal","0061G00000M18p1QAB"
"61847311791","Reckon Renewal 2021","0061G00000M18owQAB"
"61815743598","Tic:Toc Homeloans (Aust) 2021 Renewal","0061G00000M18n0QAB"
"61839263264","Tic Toc Homeloans YCA","0061G00000M18NIQAZ"
"61851173489","NT - Renewal for Agg/IAV","0061G00000M17VjQAJ"
"61813419533","NT - PS Maintenance SOW#9 2021","0061G00000M16f4QAB"
"61809243657","Lumin- Abe.ai - UICCU","0061G00000M16beQAB"
"61838643999","IAV FL4 Upgrade","0061G00000M110SQAR"
"61845291544","API Consulting T&M","0061G00000M10zUQAR"
"61812805556","NT - CO#1 for SOW#11 Deep Linking Fastlink","0061G00000M0xuNQAR"
"61850409807","Interactive Brokers - Renewal 2022","0061G00000M0vtLQAR"
"61809707579","Change Order - Extn","0061G00000M0v2fQAB"
"61840963468","1.1. / FL 3. 0 Upgraded - SOW CO#1","0061G00000M0nvAQAR"
"61849014813","H1 2021 Bottomline CSI","0061G00000M0mgiQAB"
"61819308348","Vanguard - EA Stage Env - 10/15/21 - 10/14/22","0061G00000M0mcaQAB"
"61814813257","ONB: agg","0061G00000M0m4HQAR"
"61843742576","SunTrust Q3 2021 Renewal","0061G00000M0lcPQAR"
"61841428491","Tyfone Inc-Channel: IAV","0061G00000M0k7QQAR"
"61820237060","Abe.ai","0061G00000M0jzgQAB"
"61808467606","BB&T Platform and FL Upgrade Change Order 3 -  Limited Migration Support for 2021","0061G00000M0jmzQAB"
"61840336184","BB&T Platform and FL Upgrade Change Order 2 - UAT and Fidelity Acct # Conversion","0061G00000M0jmVQAR"
"61812186686","Wilmington Trust – a division of M&T Bank-Aggregation","0061G00000M0iWyQAJ"
"61841585329","Axos - SMS Fees","0061G00000M0g51QAB"
"61851952524","T. Rowe Price - Amendment_AI FinCheck License","0061G00000M0fgYQAR"
"61841428370","ETAS - CO DE for SOW#7 Sync API extracts","0061G00000M0aRFQAZ"
"61812950443","Compound-Agg","0061G00000M0YEJQA3"
"61847466367","SOW#34 PS Renewal Q4 2020","0061G00000M0WbJQAV"
"61814504065","NT - PS Maintenance SOW#9 2020","0061G00000M0Wb4QAF"
"61815588884","First Tennessee Bank National Association  2020 Termination","0061G00000M0WafQAF"
"61810938215","FCB AbeAI Q4 2020 Debooking","0061G00000M0WaaQAF"
"61818679083","JH - CO DE to SOW#1 - Prod launch & support delay","0061G00000M0VaQQAV"
"61808155231","DeutscheBank: IAV: DB Validate","0061G00000M0SpGQAV"
"61842663999","Mercantile 2021 Aggregation","0061G00000M0RZOQA3"
"61819452558","Mercantile Bank (Capitec Business Banking)-","0061G00000M0RZJQA3"
"61810317724","RealPage: SMB Aggregation","0061G00000M0QwsQAF"
"61840500295","2020 CitiGroup CO#1 to SOW #7 Maintenace","0061G00000M0OPVQA3"
"61841886292","Cetera:  Renewal 2020","0061G00000M0OPBQA3"
"61846687270","Concur Technologies, Inc. 2021 Renewal","0061G00000M0MwgQAF"
"61852260366","Credit 1 Bank - MM: SOW for Account Verification","0061G00000M0HHGQA3"
"61814343508","Q2 - Abe.ai - Sunrise Bank","0061G00000M07ptQAB"
"61818367887","Q2 - Abe.ai - First Commerce","0061G00000M07oWQAR"
"61807384168","Alkami - Abe.ai - First Tech Cu","0061G00000M07oRQAR"
"61810627080","Alkami - Abe.ai - Ideal FCU","0061G00000M07oMQAR"
"61846841756","Baird - ACATS","0061G00000M00M2QAJ"
"61816514130","PNC Bank Data Platform","0061G00000LzwWaQAJ"
"61810008133","TDE - Disputes, Transaction History, DC/CC, etc.","0061G00000LzwW4QAJ"
"61811410969","JPMC_Agg_CO_Webhooks - Annual Custom Maintenance Fee","0061G00000LzwTeQAJ"
"61807070617","Webull Financial - IAV Usage True Up","0061G00000LzrteQAB"
"61819146520","T. Rowe Price - Amendment #15 - 60 Dy Extension","0061G00000LzqzhQAB"
"61841733491","Kabbage - PS for TDEv2 for historical transactions","0061G00000LzkSWQAZ"
"61846378308","Yahoo Finance - PFM PS","0061G00000LzkNeQAJ"
"61813110955","Tiller Premium Support","0061G00000LzjwZQAR"
"61851336747","Infoarmor - Increase Mins","0061G00000LzjmQQAR"
"61842354349","Charles Schwab IAV renew option","0061G00000LzjiGQAR"
"61842193799","Agg expansion","0061G00000LzjYGQAZ"
"61845603201","IAV for Axos Clearing","0061G00000LzjXaQAJ"
"61817449356","EJ IAV","0061G00000LzjX1QAJ"
"61851336739","YCC access 1 year","0061G00000LziE4QAJ"
"61807225203","DecisionLogic - 2019 Renewal Debooking","0061G00000Lzi9IQAR"
"61808309175","Standard Bank SA API for retail Adjustment","0061G00000Lzi8AQAR"
"61842354559","Q2 SMS 2020","0061G00000LzhpUQAR"
"61806762912","Amazon 2020 Renewal Q4","0061G00000LzhogQAB"
"61810172597","Northwestern Mutal REST API and FastLink POC","0061G00000LzhK4QAJ"
"61810478417","PFM SDK Renewal Ext Sept 2020","0061G00000LzgHmQAJ"
"61808771650","Seidr - Renewal 2020","0061G00000LzgHIQAZ"
"61844670569","Q2 SMS 2020","0061G00000LzgGoQAJ"
"61811410967","Ameriprise - IAV Dupe*** rolled into WDP Opp","0061G00000LzAWNQA3"
"61811102389","Raiz Malaysia","0061G00000Lz1PdQAJ"
"61808771613","JH - CO to SOW#1 - customize finapp icons and postpone Financial Forecast","0061G00000LylRhQAJ"
"61819923801","Single Instance - delta file enhancement","0061G00000LyckQQAR"
"61844525411","Autobooks (dba Billhighway)-","0061G00000LyYQkQAN"
"61843132034","2021 Upsell","0061G00000LyUwWQAV"
"61842354436","C/O to extend 9x enviornment","0061G00000LyTuAQAV"
"61814663350","Data extract for decommission","0061G00000KcRVsQAN"
"61817286581","Pocket Money Enterprise","0061G00000KcM45QAF"
"61819763721","Wedge Fintech Limited","0061G00000KcM40QAF"
"61816984353","Discover Q3 2021 Renewal","0061G00000KcL3YQAV"
"61815431227","Northwestern Mutual Q2 2021 Renewal","0061G00000KcL3TQAV"
"61846064972","TIAA_Wellness and IAV_6 Month Extension","0061G00000KcGgHQAV"
"61808155287","SpringBig - IAV","0061G00000KcGLvQAN"
"61813263646","JP Morgan Chase & Co- IAV for International","0061G00000KbZTUQA3"
"61808771643","Cha-Ching (Money Brilliant) Renewal 2021","0061G00000KbYJPQA3"
"61839409967","Xero + HubDoc - additional Environment doc download","0061G00000KbYIZQA3"
"61847001235","CIC Duration Extension","0061G00000KbX99QAF"
"61817603405","PS Change Order - Transactions","0061G00000KbWGKQA3"
"61838796901","Carson Wealth Management Group- Aggregation / Wealth","0061G00000KbSpuQAF"
"61815431337","Principal - Advice Tooling - WSRS and Consumer Products","0061G00000KbR64QAF"
"61844366364","Amex_PS SOW","0061G00000KbKvwQAF"
"61814813205","Open Banking with Fastlink for Wealthfront","0061G00000KbGklQAF"
"61852416333","TF Holdings (Equifax)-Snapshot","0061G00000KbEgjQAF"
"61820237203","NetSuite - FastLink UI Changes","0061G00000KbBStQAN"
"61808615800","Luxury Lease Partners-IAV+","0061G00000KaywkQAB"
"61847148550","Microsoft Development Center 2021 Renewal","0061G00000Kay3HQAR"
"61845760604","USAA Q2 2021 Renewal","0061G00000KaxGNQAZ"
"61806607238","PS Change Order","0061G00000Kawh3QAB"
"61809398568","RIA Compliance Technology-Agg","0061G00000KauAQQAZ"
"61810627089","Yahoo Finance - IDE","0061G00000Kau3fQAB"
"61850710967","TIAA_IAV_CDV Add On","0061G00000KapjQQAR"
"61819611403","SOW #5 Amendment 1  2020 Renewal","0061G00000KaMkNQAV"
"61850097678","WealthCare Cap | Renewal | 2020","0061G00000KaMk3QAF"
"61811102509","SOW #11 Maintenance Renewal 2020","0061G00000KaMhhQAF"
"61817133416","Change Order for SOW 5","0061G00000KaMV4QAN"
"61808615770","AssetMark Aggregation Amendment #1","0061G00000KaJpVQAV"
"61819763637","Citi_IAV Matching Svc_Config Changes_SOW_PS Consulting","0061G00000Ka9qRQAR"
"61818995599","Citi_Global Page Tagging_SOW","0061G00000Ka9pxQAB"
"61819923728","Discover IAV Change Order","0061G00000Ka96PQAR"
"61813263534","Glance Co Browse Capabilities","0061G00000Ka8UhQAJ"
"61846378315","American Express (Australia) - UI Enhancements + Credit Accelerator","0061G00000Ka8TaQAJ"
"61819146558","The IDCo (MiiCard) 2020 Renewal","0061G00000Ka7tpQAB"
"61844525431","Northwestern Mutual SOW #1 CO#1 2020","0061G00000Ka7OOQAZ"
"61816203621","RBC Ventures - IAV - New Venture Set Up (Digs)","0061G00000Ka66IQAR"
"61843742584","MDG USA INC  2020 Renewal Extension","0061G00000Ka5ygQAB"
"61843590410","MDG USA INC  2020 Renewal De-booking","0061G00000Ka5pwQAB"
"61809082983","Vanguard - Change Order for IAV","0061G00000Ka5SlQAJ"
"61811871841","22seven 2019 Renewal Debooking","0061G00000Ka4laQAB"
"61810785705","PayPal – Snapshot","0061G00000Ka4QVQAZ"
"61847001195","RFP - Discover - Wellness/Insights/TDE","0061G00000KZxkFQAT"
"61846529962","NetSuite - PS Consulting","0061G00000KZv9OQAT"
"61816674363","RBC: IAV","0061G00000KZj4mQAD"
"61814038029","PocketSmith UK Environment","0061G00000KZgd2QAD"
"61839874408","SVX UK environment","0061G00000KZgcxQAD"
"61842970514","Inhabit IQ - IAV","0061G00000KZfNpQAL"
"61810478380","American Express (Australia) - Snapshot Implementation","0061G00000KZdanQAD"
"61812022614","RBI Autoloans-Snapshot","0061G00000KZSJCQA5"
"61841115153","JPMC_Agg_CO_Webhooks, Segment Branding & Customization & Annual Fee","0061G00000KZRpHQAX"
"61847776346","E*TRADE Brokerage Integratoin","0061G00000KZPRFQA5"
"61845291424","McLedger-","0061G00000KZMMqQAP"
"61845448712","22seven 2020 Renewal","0061G00000KZH4oQAH"
"61810938250","Biz2Credit, Inc.  2019 Renewal Debooking","0061G00000KZGfVQAX"
"61852416565","SunTrust Renewal - 7 Month Extension","0061G00000KZ6OrQAL"
"61818534197","United First Financial, Inc (Worth Unlimited)-Agg","0061G00000KZ2WEQA1"
"61811872009","MS Acquisition of E*Trade Brokerage","0061G00000KYzqTQAT"
"61842354517","Target 1.1/FL3 Upgrade - SOW#4 - CO#4 - Duration Extension","0061G00000KYzCcQAL"
"61849166183","Enhanced SLAs","0061G00000KYz4sQAD"
"61850245266","Citi: IDE","0061G00000KYvzoQAD"
"61808771486","Data Engineer Deployment","0061G00000KcmT4QAJ"
"61818837264","Liberty Lending-FinApps","0061G00000KckhnQAB"
"61819763756","BMO Harris TDE","0061G00000KckT1QAJ"
"61846687161","BB&T Platform and FL Upgrade - Change Order 1","0061G00000KckScQAJ"
"61852260526","IAV - Client Account Verification","0061G00000KcboNQAR"
"61820237099","Reckon UK Instance setup and OB connection","0061G00000Kca96QAB"
"61806302841","Alkami - Abe ai - 3Rivers","0061G00000KcZ5bQAF"
"61841886237","Amex_2020 Enhanced Support & Svcs Model_SOW","0061G00000KcYLEQA3"
"61842820354","SoFi – Snapshot","0061G00000KcXiIQAV"
"61838949305","Wells Fargo Agg for Wealth","0061G00000KcXheQAF"
"61814194562","Upgrade v1.1","0061G00000KcWo3QAF"
"61808615745","RobustWealth (Principal) Financial Wellness","0061G00000KcWgzQAF"
"61816046509","Internationalization","0061G00000Jo5KYQAZ"
"61845760426","IAV  expansion to SIP","0061G00000JnynHQAR"
"61841733657","Investec v1.1 Upgrade & Migration","0061G00000JnZrqQAF"
"61817449497","Clarilogic - Insights","0061G00000JnYqtQAF"
"61807225261","RFP - SunTrust - LightStream: Enterprise: Agg+IAV","0061G00000JnXmiQAF"
"61813579339","Striven-AGG","0061G00000JnVPtQAN"
"61812950398","Add Cost Basis to MFP","0061G00000JnQlNQAV"
"61811562046","Alkami - Abe ai - USF FCU","0061G00000JnOfXQAV"
"61850409885","Alerus - Contract Renewal for Agg/IAV","0061G00000JnNTSQA3"
"61815117888","ACI - Renewal 2021","0061G00000JnNStQAN"
"61810172852","Pershing IAV Renewal","0061G00000JnNSeQAN"
"61845448623","Additoinal Account Open Functionality H2 2020","0061G00000JnNSUQA3"
"61807225220","Truist Insights","0061G00000JnHsQQAV"
"61851637913","22seven v1.1 Migration & Upgrade Payment 1 Q4 2020","0061G00000JnBM6QAN"
"61844525577","AXP_Banking_Verification for New Accounts- T&M","0061G00000Jn7PPQAZ"
"61808155222","Iplicit Ltd-","0061G00000Jn7BkQAJ"
"61817449512","UBS_Dedicated Data Team_Renewal","0061G00000Jn4xRQAR"
"61814343536","TRP_Wellness Upgrade_Duration Extension CO","0061G00000Jn2swQAB"
"61813886487","UBS_Bundled Prof Svs Proposal_FinApps","0061G00000JmyGtQAJ"
"61810317686","ReiHub-AGG","0061G00000JmCiKQAV"
"61841269249","UBS: IDE/SN3","0061G00000Jm9z0QAB"
"61819308442","May 2020 Renewal Amendment #7","0061G00000Jm9IEQAZ"
"61843288916","Vanguard: IDE","0061G00000Jm6noQAB"
"61843895651","Insights","0061G00000Jm6moQAB"
"61814194507","KeyBank - Insights","0061G00000Jm6kAQAR"
"61842970723","Alkami - Abe ai - FFCU","0061G00000Jm1zlQAB"
"61808467778","Data Aggregation -PAYG","0061G00000JlynLQAR"
"61813579268","TIAA_Wellness_3 Year Renewal","0061G00000JlxGTQAZ"
"61812950432","Actum Processing-PII","0061G00000JluRsQAJ"
"61807532901","KeyBank - TDE True-up","0061G00000JltrlQAB"
"61841115042","RBC Mobile Annual Maintenance Renewal","0061G00000JltgfQAB"
"61816674203","Charles Schwab 2020 IAV Renewal","0061G00000JltA2QAJ"
"61807070641","US Bank 2020 Year Auto Renewal","0061G00000Jlt9EQAR"
"61817603598","Sage - PS Upgrade & Migration v1.1 & FL4","0061G00000Jlt4OQAR"
"61839569759","Alpha Enterprises","0061G00000JlsweQAB"
"61844525595","ZipLingo-IAV","0061G00000JlqFsQAJ"
"61808615807","Target - CDV Alerts Custom Requirements","0061G00000JlnKRQAZ"
"61815431309","AXP_Banking_Verification for New Accounts- Fixed Fee","0061G00000JlX70QAF"
"61847001269","ACA - Contract Extension for COVID relief","0061G00000JlWdDQAV"
"61808771648","East West Bank – Snapshot","0061G00000JlWSFQA3"
"61839263272","2020 Super SOW CO1:  Historical Data Load and Duration Extension","0061G00000JlWDGQA3"
"61811871820","2020 Super SOW CO1:  Historical Data Load and Duration Extension","0061G00000JlWD6QAN"
"61819308438","Saasu Pty Ltd 2020 Renewal  Debooking","0061G00000Jl1ORQAZ"
"61812022623","Northwestern Mutual SOW #10 2020 Renewal","0061G00000Jl1EvQAJ"
"61814813255","Stronghold-IAV","0061G00000Jkzj4QAB"
"61816825729","2019 Renewal","0061G00000JkzbSQAR"
"61839409993","CitiGroup SOW #15 PS Renewal 2020","0061G00000Jkx3hQAB"
"61817603620","ACATS service","0061G00000IJUonQAH"
"61846219109","Axos Insights","0061G00000IJMivQAH"
"61838643888","Vanguard - T&M SOW for block of hours","0061G00000IJDLJQA5"
"61807384132","KMD Partners, LLC d/b/a CreditNinja  2020 Pricing Increase","0061G00000IJAgJQAX"
"61816674142","Silver Bullet Year 2 Pricing Increase","0061G00000IJAfzQAH"
"61842049203","May 2020 Renewal AMendment #4","0061G00000IJAeDQAX"
"61843440034","Execupay 2020 Renewal","0061G00000IIvluQAD"
"61816984593","Lumin | Duration Extension","0061G00000IIsGlQAL"
"61851494157","IAV & Data Agg API","0061G00000IIqd0QAD"
"61846841933","Data Aggregation - Pocketbook","0061G00000IIqRLQA1"
"61810785911","Extension of running 9x environment","0061G00000IIpW2QAL"
"61847621995","Citi Wellness Renewal 2020 - June Extension","0061G00000IIk4kQAD"
"61844836772","Thrivent May 2021 Renewal","0061G00000IIiTCQA1"
"61845603252","Infoarmor - Channel Environment","0061G00000IIhc0QAD"
"61812332316","Abe AI- Lumin Digital","0061G00000IIh76QAD"
"61815892660","Target 1.1/FL3 Upgrade - SOW#4 - CO#2 - Duration Extension","0061G00000IIeiIQAT"
"61842820385","Co-brand upgrade to 1.1 SOW","0061G00000IId88QAD"
"61838796877","Vanguard - OAuth for APIs","0061G00000IIa1hQAD"
"61847622002","Equifax - RI 2.0 Debooking","0061G00000IIVA7QAP"
"61816674152","Custom Extract to Supplement Hadoop","0061G00000IIS7eQAH"
"61813419532","Move from Transamerica 401k provider to Prudential","0061G00000IIS75QAH"
"61845920099","Spence Labs-IAV Plus w/ PII","0061G00000IIOUnQAP"
"61851952644","JPMC_IAV Upgrade_CO#1","0061G00000IIESEQA5"
"61841428347","Vanguard - Custom Extract for historical data for PAS Cobrand","0061G00000IIEPeQAP"
"61810626966","Bank OZK - Account Verification","0061G00000IIDuJQAX"
"61806302742","Deutsche Bank: DB Authenticate: IAV","0061G00000IIDtLQAX"
"61851952661","Hoxton Tech MSA 2020","0061G00000IIDRdQAP"
"61838643887","Axos | Investment Container","0061G00000II7xFQAT"
"61843590440","StartEngine Crowdfunding, Inc-IAV/PII","0061G00000II5oUQAT"
"61813111053","RBC My Advisor Annual Maintenance Fee","0061G00000II1MFQA1"
"61845760579","PNC SOW #29 CO#1 Renewal","0061G00000IHxumQAD"
"61812805691","RBC SOW # 24 Annual Environment Maintenance Fee","0061G00000IHYDjQAP"
"61852416419","Insights / AI FinCheck","0061G00000IHXmTQAX"
"61850558019","Citi Wellness Renewal 2020 - Second 30 dy Extension","0061G00000IHXlpQAH"
"61850558064","May 2020 Renewal Amendment #5 & 6","0061G00000JRTNEQA5"
"61842503691","Discover - custom API","0061G00000JRT6UQAX"
"61852260495","Credit Sense","0061G00000JRKzWQAX"
"61839725380","SOW migration to 1.1","0061G00000JRGxsQAH"
"61851173694","Synchrony_Matching Config_Existing IAV","0061G00000JRGbyQAH"
"61807384185","Unbranded ACH Payment Rails","0061G00000JRGVDQA5"
"61849315949","Alerus - CO for Data Feed SOW","0061G00000JRDOnQAP"
"61849627166","Accounting Seed Cobrand & Upgrade","0061G00000JR5WVQA1"
"61807070631","CO1 for SOW62:  Additoinal Account Open Functionality H1 2020","0061G00000JR3WXQA1"
"61809398407","RBC PFM 2021 Renewal of Perpetual License","0061G00000JR2vgQAD"
"61810317692","BMO Harris 3 Year Renewal","0061G00000JR2vCQAT"
"61814973760","Baird Q1 2022 Renewal","0061G00000JR2uxQAD"
"61811411034","RBC InvestEase Renewal","0061G00000JR2pnQAD"
"61850097589","Fig Loans - Snapshot","0061G00000JQzNsQAL"
"61812950406","Palladium Business Solutions-","0061G00000JQwhAQAT"
"61807070751","Count About-AGG","0061G00000JQnorQAD"
"61848545792","Axcess Financial-SnapShot","0061G00000JQmkUQAT"
"61808003431","TIAA_De-Register Active Users","0061G00000JQg5ZQAT"
"61813263621","Vanguard - CO for new Scripting for migration","0061G00000JQfIdQAL"
"61809853041","Morgan Stanley: TDE","0061G00000JQdDkQAL"
"61842970524","Rippling-AGG/IAV","0061G00000JQYGeQAP"
"61816984483","The IDCo (MiiCard) 2020 Debooking","0061G00000JQIiZQAX"
"61844210277","2020 Extension - Merrill Lynch","0061G00000JQIOZQA5"
"61851022393","Data Aggregation - PAYG","0061G00000JQ50BQAT"
"61807691193","Valley First CU","0061G00000JPzToQAL"
"61851952683","Camino FCU","0061G00000JPzTQQA1"
"61810008173","Cyprus CU","0061G00000JPzTlQAL"
"61844670517","ECCU","0061G00000JPzTkQAL"
"61843590449","Dacotah Bank","0061G00000JPzTjQAL"
"61850097673","Gulf Winds CU","0061G00000JPzT9QAL"
"61840803146","HiWay FCU","0061G00000JPzT8QAL"
"61812186668","Rockland Trust","0061G00000JPzTUQA1"
"61808155230","Advia CU","0061G00000JPzT7QAL"
"61816984649","Advia CU","0061G00000JPzTPQA1"
"61809548696","A+ FCU","0061G00000JPzTFQA1"
"61814504043","Q2 - Abe.ai - 4front CU","0061G00000JPzT6QAL"
"61816984581","Hanscom FCU","0061G00000JPzNqQAL"
"61848235705","La Capitol FCU","0061G00000JPzNlQAL"
"61839874378","Merchants and Marine","0061G00000JPzNXQA1"
"61818837108","Firefly CU","0061G00000JPzNbQAL"
"61819146304","United FCU","0061G00000JPzNWQA1"
"61809853008","Firstrust Bank","0061G00000JPzNRQA1"
"61840647230","SF Fire","0061G00000JPz9MQAT"
"61851790649","Mountain America","0061G00000JPz9LQAT"
"61812492568","Shell FCU","0061G00000JPz9PQAT"
"61815431424","Arlington Community","0061G00000JPz9KQAT"
"61815431262","Desert Financial","0061G00000JPz90QAD"
"61844051363","Quorum","0061G00000JPz8gQAD"
"61848076671","Georgia's Own FCU","0061G00000JPz8RQAT"
"61819923787","Sydney CU","0061G00000JPz7WQAT"
"61808155160","Alkami - Abe.ai - Alta Vista","0061G00000JPz7VQAT"
"61818837151","Bethpage FCU","0061G00000JPz87QAD"
"61847148590","Grow Financial","0061G00000JPz7UQAT"
"61807070733","SECU of MD","0061G00000JPz6rQAD"
"61841886319","Educators CU","0061G00000JPz5eQAD"
"61840647223","Maji/ Neorox-PAYG Aggregation 2020","0061G00000JPyrMQAT"
"61820534813","NWM 2020 2021 Renewal","0061G00000JPvlpQAD"
"61844366419","CO1 for SOW 61- FastLink 3 for PNC Wealth","0061G00000JPuRBQA1"
"61808309274","Microsoft– IAV+","0061G00000JPtzuQAD"
"61816984634","Aggregation 3 month extension to 6/27","0061G00000JPtywQAD"
"61843440131","Alkami - Abe.ai - Resource One","0061G00000JPpkzQAD"
"61846841776","Q2 - Abe.ai - CEFCU","0061G00000JPpiZQAT"
"61816357727","Tripsware - AGG","0061G00000JPpUXQA1"
"61845448570","1.1 environment setup","0061G00000JPpSqQAL"
"61841428394","LifeLock Canada Territory Fee","0061G00000JPp0RQAT"
"61810478347","Intelliflo 2020 renewal","0061G00000JPnmJQAT"
"61848545658","Transferwise 2020 renewal","0061G00000JPnluQAD"
"61818225501","BMO Harris PS Bundle as Per Amendment 9","0061G00000JPl10QAD"
"61812022707","Kubera Labs-Agg","0061G00000JPklhQAD"
"61818995607","Fintech Pte Renewal 2020","0061G00000JPkWJQA1"
"61816674305","Tradesmith LLC 2020 Renewal","0061G00000JPkPjQAL"
"61841428494","Yellow Labs Software (Accounting Suite) 2020 Renewal","0061G00000JPkJGQA1"
"61838796828","Budget Bakers 2020 Renewal","0061G00000JPkEiQAL"
"61811871899","Goldfish Marketing aka Landsdowne 2020 Renewal","0061G00000JPjsYQAT"
"61816674202","Object Map 2020 Renewal","0061G00000JPjsXQAT"
"61809548609","LulaLend 2020 Renewal","0061G00000JPjOWQA1"
"61841428393","Sammedia Q3 2020 Renewal","0061G00000JPjM1QAL"
"61842970729","Saasu Pty Ltd 2020 Renewal","0061G00000JPjIiQAL"
"61842664043","PNC SOW #30 Renewal 2020","0061G00000JPjIdQAL"
"61817603411","Mortgage House_Aggregation 2020 Renewal","0061G00000JPjIEQA1"
"61845291554","Advantis CU","0061G00000JPjI4QAL"
"61841428354","Principal API Consulting","0061G00000JPikxQAD"
"61841886306","Possible Financial-Q1 2020 True-up","0061G00000JPiksQAD"
"61847001247","AbeAI Connexus Credit 2020","0061G00000JPgahQAD"
"61809707547","Q1 2020 Renewal","0061G00000JPgY6QAL"
"61845920038","Mastercard: PBA: New Market Research SOW","0061G00000JPe6gQAD"
"61813886495","Chase IAV Renewal","0061G00000JPdPRQA1"
"61806607211","IceCap Group-Snapshot","0061G00000JPdNLQA1"
"61815588969","Abe AI- City National Bank","0061G00000JPd0IQAT"
"61850245134","Abe AI- Fifth Third Bank VFA & Platform","0061G00000JPczKQAT"
"61840647222","Sunlight Financial - Snapshot","0061G00000JPcTIQA1"
"61807070857","Mortgage Network - Snapshot","0061G00000JPcSKQA1"
"61811410991","Paysign Inc-IAV","0061G00000JPbiJQAT"
"61809243540","Cetera | Platform/FL4 Upgrade","0061G00000JPbADQA1"
"61843440161","Renewal June 2020","0061G00000JPaBbQAL"
"61841269090","Paycom - IAV","0061G00000JPZF3QAP"
"61838949258","Data Aggregation","0061G00000JPYHtQAP"
"61846219049","Liberty Group Limited 2020 Renewal","0061G00000JPVGoQAP"
"61808771649","True Potential 2020 Renewal","0061G00000JPVFMQA5"
"61846687300","Microsoft Development Center 2020 Renewal","0061G00000JPVB5QAP"
"61845448618","Citi Wellness Renewal  - 30 DY Extension April 2020","0061G00000JPRGoQAP"
"61849787661","Vanguard PAS Monthly Licensing/Stage Env AutoRenewal","0061G00000JPRFbQAP"
"61843590404","Cornerstone Home Lending - Snapshot 2.0, 1 month","0061G00000JPREiQAP"
"61849627193","Vanguard - EA Stage Env - 10/15/20 - 10/14/21","0061G00000JPQzsQAH"
"61810317713","Autobooks - Premium Support","0061G00000JPQvmQAH"
"61816203672","Axos Bank - Asset Verification","0061G00000JPQTaQAP"
"61851494028","KeyBank - Account Verification","0061G00000JPORFQA5"
"61811410872","Q4 renewal of DDE (Amendment #2)","0061G00000JPNjcQAH"
"61851022379","Q3 renewal of DDE (Amendment #2)","0061G00000JPNjLQAX"
"61839874351","Q2 renewal of DDE (Amendment #2)","0061G00000JPNeaQAH"
"61847311736","Q1 renewal of DDE (Amendment #2)","0061G00000JPNdgQAH"
"61811713052","Q4 renewal of DDE (1st Amendment)","0061G00000JPNcwQAH"
"61840025130","Q3 renewal of DDE (1st Amendment)","0061G00000JPNcfQAH"
"61809707366","Q2 renewal of DDE (1st Amendment)","0061G00000JPNbvQAH"
"61843131942","Q1 renewal of DDE (1st Amendment)","0061G00000JPNZmQAP"
"61851173699","IGG Software New 1.1 / FL 3.0 2020","0061G00000JPLjdQAH"
"61852575779","Sequoia Benefits & Insurance Services, LLC  2020 Renewal","0061G00000JPKFHQA5"
"61852260423","Buxfer Inc.  2020 Renewal","0061G00000JPKFWQA5"
"61851494212","BrightPlan LLC  2020 Renewal","0061G00000JPKFkQAP"
"61850245199","CNU Online Holdings, LLC (Enova)  2020 Renewal Q2","0061G00000JPKGIQA5"
"61849627165","Accounting Seed Inc  2020 Renewal","0061G00000JPKG6QAP"
"61848850030","CNU Online Holdings, LLC (Enova)  2020 Renewal Q4","0061G00000JPKGKQA5"
"61845603226","Jetson Systems  2020 Renewal","0061G00000JPKGLQA5"
"61845137155","CNU Online Holdings, LLC (Enova)  2020 Renewal Q3","0061G00000JPKGJQA5"
"61844981761","Lifelock, Inc.  2020 Renewal DDT Q3","0061G00000JPKFBQA5"
"61844836785","Biz2Credit, Inc.  2020 Renewal","0061G00000JPKEwQAP"
"61844366262","Geowealth Management  2020 Renewal","0061G00000JPKFxQAP"
"61844366227","Paycom Payroll LLC  2020 Renewal","0061G00000JPKF0QAP"
"61844210322","Engage Holdings, LLC  2020 Renewal","0061G00000JPKFSQA5"
"61844051361","ReconArt Inc  2020 Renewal","0061G00000JPKG3QAP"
"61843742575","ICMA Retirement Corporation  2020 Renewal","0061G00000JPKExQAP"
"61843590324","Elderscan  2020 Renewal","0061G00000JPKG2QAP"
"61843440141","Moneyspire, Inc  2020 Renewal","0061G00000JPKFvQAP"
"61843288924","Nexonia, Inc.  2020 Renewal","0061G00000JPKFYQA5"
"61842193788","MDG USA INC  2020 Renewal","0061G00000JPKF1QAP"
"61841886099","SpringAhead (Virtual Software)  2020 Renewal","0061G00000JPKF5QAP"
"61840181027","BQE Software Inc  2020 Renewal","0061G00000JPKFtQAP"
"61839569787","Buildium, LLC  2020 Renewal","0061G00000JPKF7QAP"
"61839263326","Phlo, Inc.  2020 Renewal","0061G00000JPKFeQAP"
"61838949295","OWL Finance  2020 Renewal","0061G00000JPKFUQA5"
"61838796894","Dynamic Ideas Financial  2020 Renewal","0061G00000JPKFKQA5"
"61819308387","Capitect, Inc  2020 Renewal","0061G00000JPKFyQAP"
"61818837290","Integrated Rewards  2020 Renewal","0061G00000JPKFQQA5"
"61818225514","Financial Symmetry Inc  2020 Renewal","0061G00000JPKFpQAP"
"61817449379","Stock Rover LLC  2020 Renewal","0061G00000JPKFmQAP"
"61817286583","Billy's Billing Corp  2020 Renewal","0061G00000JPKG9QAP"
"61817133386","Autobooks (Billhighway)  2020 Renewal","0061G00000JPKFzQAP"
"61816984594","Lifelock, Inc.  2020 Renewal DDT Q4","0061G00000JPKFCQA5"
"61816984582","CircleBlack, Inc.  2020 Renewal","0061G00000JPKFJQA5"
"61816674362","Lifelock, Inc.  2020 Renewal DDT Q2","0061G00000JPKFAQA5"
"61814813231","CNU Online Holdings, LLC (Enova)  2020 Renewal Q1","0061G00000JPKGGQA5"
"61813419448","MoneyEdge, Inc.  2020 Renewal","0061G00000JPKGUQA5"
"61810938226","Qualia Labs, Inc.  2020 Renewal","0061G00000JPKFuQAP"
"61810785901","CNU Online Holdings, LLC (Enova)  2020 Renewal Q1","0061G00000JPKGHQA5"
"61810478431","HTMA Holdings  2020 Renewal","0061G00000JPKGMQA5"
"61809083026","RightCapital LLC  2020 Renewal","0061G00000JPKFDQA5"
"61809083006","Tiller LLC  2020 Renewal","0061G00000JPKEvQAP"
"61808155038","Possible Financial Inc  2020 Renewal","0061G00000JPKEyQAP"
"61806917121","WealthTrace  2020 Renewal","0061G00000JPKGBQA5"
"61806917033","Odoo Inc  2020 Renewal","0061G00000JPKG0QAP"
"61806762892","Simply Studio System  2020 Renewal","0061G00000JPKFTQA5"
"61806302840","LessEverything, Inc.  2020 Renewal","0061G00000JPKFhQAP"
"61847148560","Lifelock, Inc.  2020 Renewal DDT Q1","0061G00000JPKA8QAP"
"61851336998","Checkbook Inc.  2020 Renewal","0061G00000JPJwbQAH"
"61849787796","Creditbility, Inc  2020 Renewal","0061G00000JPJwJQAX"
"61843132076","Veryfi, Inc.  2020 Renewal","0061G00000JPJwfQAH"
"61819611408","The Neat Company  2020 Renewal","0061G00000JPJwWQAX"
"61815743590","Silver Bullet Marketing, LLC  2020 Renewal","0061G00000JPJwOQAX"
"61815117728","KMD Partners, LLC d/b/a CreditNinja  2020 Renewal","0061G00000JPJwPQAX"
"61814343522","First Tennessee Bank National Association  2020 Renewal","0061G00000JPJwUQAX"
"61808771496","TekFriday Processing Solutions Private Limited  2020 Renewal","0061G00000JPJwHQAX"
"61852575778","eTech360-Snapshot","0061G00000JPG1CQAX"
"61851637943","BOSS Insights-Snapshot","0061G00000JPBPKQA5"
"61847148587","Abe AI- Comerica Bank VFA","0061G00000JPB45QAH"
"61815117867","ACI - IDE","0061G00000JP5OcQAL"
"61810478358","Blue Speck Financial(MoneyHub) 2020 Renewal","0061G00000JP403QAD"
"61808771483","US Bank - IDE","0061G00000JCFHFQA5"
"61844670542","Balance Refresh","0061G00000JC4DIQA1"
"61813263691","Nimble Accounting-AGG","0061G00000JC4AEQA1"
"61838949220","Balance Refresh","0061G00000JC48hQAD"
"61839097519","Comerica - IAV","0061G00000JC3zCQAT"
"61812805754","ENV Vision for BAC Retail","0061G00000JC3xBQAT"
"61814037902","PNC - Recon/Performance Reporting","0061G00000JC3wXQAT"
"61810785869","IAV for BAC Retail","0061G00000JC3wSQAT"
"61844366213","PNC - IDE/Recon/Performance Reporting","0061G00000JC3wDQAT"
"61839725335","Bitrail-IAV","0061G00000JC2TZQA1"
"61815117846","UBS_SOW_Custom Account Type","0061G00000JBzeHQAT"
"61839263247","FreshBooks - SSO - SAML 2","0061G00000JBz5rQAD"
"61818225506","Infoarmor - V1.1 Upgrade","0061G00000JBytHQAT"
"61816513928","LifeLock Lower User Tier Expansion","0061G00000JBytCQAT"
"61846064994","Yahoo Finance: Aggregation (PS)","0061G00000JBxh9QAD"
"61808155057","ACA - Investment Data Enrichment","0061G00000JBxIAQA1"
"61852416349","Thrivent - Platform and FL Upgrade + FinApps","0061G00000JBvCoQAL"
"61812805738","BMO Harris -Platform and FL Upgrade","0061G00000JBvAAQA1"
"61849476188","BB&T Q3 2020 Renewal","0061G00000JBv8VQAT"
"61813111069","RBC -Platform and FL Upgrade","0061G00000JBv6ZQAT"
"61807070730","My Fortress-","0061G00000JBpuIQAT"
"61843742776","Pershing - 1.1 upgrade / FL4.0","0061G00000JBpQ4QAL"
"61846378166","Vanguard - CoBrand Migration DE CO","0061G00000JBpGCQA1"
"61848076662","FL 2.0->3.0 Upgrade","0061G00000JBp0xQAD"
"61846064938","Advisor Assisted Onboarding","0061G00000JBozVQAT"
"61846687329","Credit 1 Bank - Snapshot","0061G00000JBoxjQAD"
"61812332413","FIS - AutoRenewal - 01/05/2021 to 01/04/2022","0061G00000JBogLQAT"
"61842354493","FIS - Test Environment & Support Fees - Renewal for 2020","0061G00000JBofwQAD"
"61815431257","Right Capital Upgrade 2020","0061G00000JBoXeQAL"
"61811872039","IB - 1.1/FL3.0 upgrade","0061G00000JBoUfQAL"
"61817133407","Carcione Tech - AGG_PDF","0061G00000JBmJoQAL"
"61845603240","BAC Single Instance Platform Upgrade","0061G00000JBjgkQAD"
"61847776274","Merchant Credit Partners-Snapshot","0061G00000JBjfhQAD"
"61814503979","USAA Q4 2020 6 Month Extension","0061G00000JBjK7QAL"
"61839874372","Data Agg - PFM","0061G00000JBU3yQAH"
"61843131952","CO1 for SOW 58 - Change Order - REST Platform 1.1 Upgrade w/TDE 2","0061G00000JBP1YQAX"
"61840500225","NT - Fastlink changes","0061G00000JBOI2QAP"
"61841269081","Data Aggregation -PAYG","0061G00000JBLoIQAX"
"61850097552","Change Order for Duration Extension of Single Insance Project","0061G00000JBLYhQAP"
"61812332315","Income Laboratory, LLC-AGG","0061G00000JBKIiQAP"
"61811713062","Pershing IAV Renewal - 2020","0061G00000JBIjBQAX"
"61810626974","Xero 2020 Renewal","0061G00000JB9lbQAD"
"61812186700","Tic:Toc Homeloans (Aust) 2020 Renewal","0061G00000JB9lCQAT"
"61811410990","Acorns Grow/Raiz - AUS 2020 Renewal","0061G00000JB9l7QAD"
"61807691337","Picture Wealth (Future Penny Pty Ltd) 2020 Renewal","0061G00000JB9knQAD"
"61844836681","Data Trends Australia Pty Ltd - (CreditSense) 2020 Renewal","0061G00000JB9kTQAT"
"61812950408","Aero Payments - IAV","0061G00000JB7nhQAD"
"61847776325","SVX Holdings Renewal 2020","0061G00000JB5WvQAL"
"61843131827","Reckon Renewal 2020","0061G00000JB5WlQAL"
"61850710922","Pocketsmith Inc Renewal 2020","0061G00000JB5WWQA1"
"61847776311","Moneysoft Renewal 2020","0061G00000JB5W2QAL"
"61846687257","Booster Financial Services Ltd Renewal 2020","0061G00000JB5V4QAL"
"61818995605","86400 (Cuscal) Renewal 2020","0061G00000JB5U1QAL"
"61841269173","FIS - Enterprise Exp Agg/IAV upgrade","0061G00000JB3QoQAL"
"61809083018","myERP / Inventime (One Up) 2020 Renewal","0061G00000JB3JTQA1"
"61818534153","Amex Merchant Finance_New 1.1 Instance","0061G00000JAzjZQAT"
"61839725207","NetSuite - PS Reporting","0061G00000JAw3bQAD"
"61816513970","Channel Environment - Customer 1 ""MG""","0061G00000JApzdQAD"
"61815892575","Deletion of IOOF user data","0061G00000JAjXvQAL"
"61848235803","CityNational – Aggregation","0061G00000JAf4yQAD"
"61839725322","Stage environment on AU DC 1.1","0061G00000JAZ1bQAH"
"61846841895","Morgan Stanley: Financial Insights","0061G00000JAGZMQA5"
"61811871866","Trulioo-IAV/PII","0061G00000J9ypNQAR"
"61809707335","Actum Processing-IAV/Agg","0061G00000J9yEtQAJ"
"61807225219","DecisionLogic - PS Upgrade to 1.1","0061G00000J9y1XQAR"
"61849787779","Principal - Batch Extracts 2 Months (Feb/March)","0061G00000J9u22QAB"
"61844210338","Infoarmor - 2nd Refresh","0061G00000J9opGQAR"
"61816357747","Citi Wellness Renewal 2020","0061G00000J9lliQAB"
"61811102532","EFX: Citizens Bank","0061G00000J9ffhQAB"
"61841269264","Using Aggregation to Understand Customer needs","0061G00000J9esHQAR"
"61818995762","Transamerica 2020 Renewal","0061G00000J9XfoQAF"
"61851638045","Thomson Reuters - 2020 Renewal","0061G00000J9XezQAF"
"61816203573","Target Corporation 2020 Renewal","0061G00000J9XeAQAV"
"61846687241","Software Assistant 2020 Renewal","0061G00000J9XcyQAF"
"61839725371","FreshBooks 2020 Renewal","0061G00000J9XXhQAN"
"61813419436","DST Retirement Solutions LLC - 2020 Renwal (AGG)","0061G00000J9XXfQAN"
"61810172595","Boston Financial 2020 Renewal","0061G00000J9XXeQAN"
"61839874360","Thrivent - Enterprise POC - Savings Tool for YourPathDashboard","0061G00000J9MHaQAN"
"61840647241","Move closed accounts to deleted accounts","0061G00000J9KImQAN"
"61806916991","Baird - IAV","0061G00000J9I8VQAV"
"61842354345","BB&T 2019 Maintenance Renewal","0061G00000J94YYQAZ"
"61812805652","CO#1 to SOW #7 DDT Renewal","0061G00000J94SaQAJ"
"61849476202","RBC Ventures SOW #34 Maintenance","0061G00000J94QtQAJ"
"61843131978","CitiGroup CO#1 to SOW #7 Maintenace","0061G00000J91mmQAB"
"61842354531","DecisionLogic - 2020 Renewal","0061G00000J8sNCQAZ"
"61848849932","Kabbage - 2020 Renewal","0061G00000J8rxmQAB"
"61843440013","PFM SDK Renewal","0061G00000J8pKTQAZ"
"61841269263","Cetera:  Renewal 2019","0061G00000J8oTfQAJ"
"61812950381","SOW #5 Renewal 2020","0061G00000J8oStQAJ"
"61811713189","Sable Card-SnapShot","0061G00000J8hheQAB"
"61811410974","FormFree - AGG/IAV 1.1. Upgrade","0061G00000J8ea1QAB"
"61849166135","On site discovery","0061G00000J8ZfKQAV"
"61838796724","NT - DE CO for Sync-Extracts","0061G00000J8Y91QAF"
"61820237166","Agg renewal for Comerica Central","0061G00000J8TGgQAN"
"61811872065","Citi_Retail_IAV_Funds Xfer Servicing","0061G00000J8SCnQAN"
"61844366417","Tradesmith Upgrade 2020","0061G00000J8SBzQAN"
"61816984613","Zoho Renewal 2020","0061G00000J8QCpQAN"
"61846378248","LifeLock Renewal 2020","0061G00000J8QCGQA3"
"61844210205","Infoarmor - 2020 Renewal","0061G00000J8Ko2QAF"
"61845291372","TekFriday Solutions, Inc. 2020 Renewal","0061G00000J8IBoQAN"
"61820534789","Igg Software, LLC 2020 Renewal","0061G00000J8IB5QAN"
"61815588866","Paychex, Inc. (SamePage Solutions) 2020 Renewal","0061G00000J8IAqQAN"
"61816046521","Concur Technologies, Inc. 2020 Renewal","0061G00000J8IAgQAN"
"61814343520","UBS_New QA Environment","0061G00000J8EibQAF"
"61838796888","United Cap | Renewal | 90-day Auto","0061G00000J8DtuQAF"
"61808771646","Etrade - Fastlink Implementation for IAV","0061G00000J8DtfQAF"
"61839263390","Thrivent May 2020 Renewal","0061G00000J8DpTQAV"
"61813579264","Horizon | Renewal | 90-Day Auto","0061G00000J8DkdQAF"
"61839263379","Baird Q1 2020 Renewal","0061G00000J8DjQQAV"
"61806456981","RBC PFM 2020 Renewal of Perpetual License","0061G00000J8DeyQAF"
"61819923770","BB&T Q1 2020 Renewal","0061G00000J8DcxQAF"
"61842503690","Amazon 2020 Renewal","0061G00000IznxFQAR"
"61814973761","MSA Renewal","0061G00000IznYCQAZ"
"61843895599","BNY: IAV","0061G00000Izn7NQAR"
"61807691164","Fiduciary Trust – Wealth","0061G00000Izlz6QAB"
"61844836670","Yodlee FinApp: Add help number and FAQs link","0061G00000IzlaKQAR"
"61847621937","LendingClub-Snapshot POC","0061G00000IzdjbQAB"
"61807384167","PayPal – Aggregation for SMB Lending","0061G00000IzZaDQAV"
"61818995570","Amendment #3 Additional Maintenance Fee","0061G00000IzYmzQAF"
"61841886093","SOW#34 PS Renewal Q4 2019","0061G00000IzYf8QAF"
"61817286558","NT - PS Maintenance SOW#9","0061G00000IzYetQAF"
"61812492586","LifeLock, Inc. Renewal 2019 De-booking","0061G00000IzYdHQAV"
"61808155181","Etrade SOW #5 PS Maintenace De-booking","0061G00000IzYOqQAN"
"61818995721","Lumin: Channel - IAV","0061G00000IzYAjQAN"
"61811713051","PayPal – IAV Australia","0061G00000IzIG3QAN"
"61816984579","Amex CAN_FastLink Changes","0061G00000Iz71hQAB"
"61812022663","Oppenheimer: Agg","0061G00000Iz5Y4QAJ"
"61846841873","Data Aggregation-PAYG","0061G00000IytYRQAZ"
"61849627211","Q2: Abe: SW Tulsa Teachers Credit Union (TTCU)","0061G00000IyrG2QAJ"
"61816357693","LifeLock Canada Expansion","0061G00000IynSAQAZ"
"61838949253","Credit Union of Texas- Snapshot","0061G00000IylUAQAZ"
"61809707343","Wealthfront – SOW","0061G00000IycA8QAJ"
"61840025143","Profile Data (EHAD)","0061G00000IyXYmQAN"
"61814813082","RBC Wallet - CO3 to SOW32 - Duration Extension","0061G00000IyVvSQAV"
"61843288893","Fifth Third - TDE","0061G00000IySLgQAN"
"61846530070","Huntington - IAV and Agg","0061G00000IyQZhQAN"
"61810172809","FCB AbeAI Q4 2019 Debooking","0061G00000IyFRsQAN"
"61819611448","Personal Capital  DDT 2019 Q4","0061G00000IyFQuQAN"
"61845760404","Cha-Ching Amendment #5","0061G00000IyFPXQA3"
"61845920113","2019 Renewal","0061G00000IyFPNQA3"
"61840025115","BMO CA 2019 Q3 Renewal (T for C)","0061G00000IyFO0QAN"
"61807691529","Amscot Financial-Snapshot","0061G00000IyAn1QAF"
"61850868871","2020 Super SOW for Advisor Collaboration  & Digital Private Bank","0061G00000Iy7qiQAB"
"61845920008","Batch Data Feed + API Enhancenment","0061G00000Iy7q4QAB"
"61820534863","KeyBank - Snapshot","0061G00000Iy5M2QAJ"
"61845448737","EFX: Synchrony","0061G00000Iy58UQAR"
"61841886098","Hopper-Snapshot","0061G00000Iy3aBQAR"
"61810785684","WorldPay-TDE","0061G00000Iy3UgQAJ"
"61844051381","LoanCraft-SnapShot","0061G00000Iy3TOQAZ"
"61844051380","Discover - Snapshot+ (EFX integrated version)","0061G00000Iy2tiQAB"
"61851336976","CO#1:  SOW# 8 - Insurance and Internationalization","0061G00000IxYpVQAV"
"61844366391","BAC Institutional Retirement integration to single instance","0061G00000IxYocQAF"
"61842664080","CSI for PNC:  H1 2020","0061G00000IxYNCQA3"
"61843742551","Data Aggregation - PAYG","0061G00000IxWz8QAF"
"61844836679","Combine IAV and Agg-Unified workflows","0061G00000IxWSCQA3"
"61847311894","BMO Harris 11/2019 4 month Extension","0061G00000IxVnjQAF"
"61813419371","FIS - IAV sub-brand for AAA Bank","0061G00000IxVgEQAV"
"61810626973","Concur 1.1 / FL 4.0  Upgrade","0061G00000IxUaOQAV"
"61809707591","Fifth Thrid - POC Change Order","0061G00000IxKuDQAV"
"61818837094","BMO Harris Credit Card Data Feed - Phase 2","0061G00000IxKRjQAN"
"61808003600","Q2: Abe: Tulsa Teachers Credit Union (TTCU)","0061G00000IxKE8QAN"
"61852416339","RBC US Wealth - IAV","0061G00000IxFUQQA3"
"61845603200","Axos - Platform","0061G00000IxDXPQA3"
"61849014811","Alerus - Alerts","0061G00000IwXF1QAN"
"61845448747","First Bank-","0061G00000Ivt0fQAB"
"61818368020","UBS_Change Order3_Duration Extension","0061G00000IiPljQAF"
"61811561873","Bookkeeping Express-AGG","0061G00000IiAWWQA3"
"61819308416","Kabbage - PS Upgrade to v1.1","0061G00000Igrg5QAB"
"61815273989","Design changes to Schwab’s existing UX/UI experience for the Yodlee search field","0061G00000IgFGSQA3"
"61849476012","Amex IND Renewal - 30 day Ext","0061G00000IfheJQAR"
"61846219101","SOW #11 Maintenance Renewal 2019","0061G00000IfhdLQAR"
"61841886304","Amex CA Renewal - 30 day ext Sept 2019","0061G00000IfgqFQAR"
"61817603490","Amex AUS Renewal - 30 day ext Sept 2019","0061G00000IfgpWQAR"
"61842049316","Renewal Ext Sept 2019- Product Schedule 11","0061G00000IfgnGQAR"
"61849166143","Amex_Corp Accounts Initiatve_ Svc Model","0061G00000IfZJiQAN"
"61841115031","Cincinnati Financial: Enterprise: IAV","0061G00000IfUpGQAV"
"61815431296","American Credit Acceptance-Snapshot","0061G00000IfLHUQA3"
"61841269038","TIAA_IAV_90 Dy Extension","0061G00000IfJUfQAN"
"61843288975","TIAA_PFM_90 Dy Extension","0061G00000IfJULQA3"
"61813263681","Vested and Unvested Balances Extract","0061G00000IfBmVQAV"
"61810478408","Channel setup","0061G00000If8VxQAJ"
"61813886494","Upgrade for India Installation","0061G00000If5BZQAZ"
"61841733453","Channel set up for reseller to Cuscal","0061G00000If57DQAR"
"61850245265","Premium Support","0061G00000If578QAB"
"61811102486","Interactive Brokers - Renewal","0061G00000IezR1QAJ"
"61808771607","ACI - Renewal","0061G00000IezFKQAZ"
"61819146303","Vanguard - CBDK Branding changes to EA","0061G00000Iey9FQAR"
"61807225139","NWM - Platform Upgrade + FL4 + Enable Insights APIs","0061G00000IewZgQAJ"
"61850558020","training webinar","0061G00000IevzdQAB"
"61839569571","training webinar","0061G00000IevzJQAR"
"61817133415","TIAA_SOW for Trust Feed","0061G00000HyocNQAR"
"61817603635","B2B Fix - Change in BAC Data Feed to support 2-legged OAuth Model","0061G00000HynebQAB"
"61847466566","Northwestern Mutual SOW #1 CO#1 2018","0061G00000HyjnYQAR"
"61819611493","PS - Dedicated Data Team 2019 Q2","0061G00000HyjmGQAR"
"61840803221","Amex CA Renewal - 30 day ext Aug 2019","0061G00000HyjkzQAB"
"61806456967","Amex AUS Renewal - 30 day ext August 2019","0061G00000HyjiCQAR"
"61840803201","Principal Q3 2019 Extension","0061G00000HyjevQAB"
"61807691163","Dedicated Data Team - 2020","0061G00000HyjGwQAJ"
"61807841552","Amex IND Renewal - 30 day Ext","0061G00000HydUeQAJ"
"61811562028","Liberty Group Limited 2018 Renewal - Trueup","0061G00000HydB6QAJ"
"61816825777","BMO CA 2019 Q3 Renewal (T for C)","0061G00000Hyd1uQAB"
"61845291437","Renewal Ext August 2019- Product Schedule 11","0061G00000HybhBQAR"
"61841886121","AssetMark – Reconciliation","0061G00000HyI8sQAF"
"61810478433","Chase – Wealth","0061G00000HyI8YQAV"
"61808925237","UBS_Change Order2_IAV/CDV Cobrand for Pilot","0061G00000Hy88kQAB"
"61812950448","Checkbook.io-IAV","0061G00000Hy3pnQAB"
"61810008191","Citi_Cardsl_Flex Loans IAV_Environment Fees_Amendment 1 to Appenix 4","0061G00000HxuonQAB"
"61817603421","US Bank - Retail Aggregation","0061G00000Hxt2ZQAR"
"61817286670","Platform 1.1 Upgrade of Aggregation + Verification","0061G00000HxjFMQAZ"
"61810938393","Safra Payments-AV","0061G00000HxikZQAR"
"61848076711","Synchrony_IAV Implementation_CO#2 for Addtl Scope","0061G00000HxiI9QAJ"
"61850557986","Chase IAV w/FL Upgrade","0061G00000HxgbzQAB"
"61820237202","TIAA Bank_PFM Migration from FIS_Duration Extension","0061G00000HxgbBQAR"
"61815588945","NT - Platform Upgrade Duration Ext CO#2","0061G00000HxYudQAF"
"61807532918","Rev Upside | Dummy Oppty","0061G00000HxSifQAF"
"61838796905","Tyfone Inc- MM: TDE","0061G00000HxQSjQAN"
"61815743615","UBS_SOW_Cash Flow for iOS","0061G00000HxPXAQA3"
"61808467767","Renewal Ext #2 2019- Product Schedule 11","0061G00000HxJKyQAN"
"61841269044","Amex IND Renewal - 30 day Ext","0061G00000HxJEqQAN"
"61810785796","Personal Capital  DDT 2019 Q3","0061G00000HxHzZQAV"
"61845291393","Extension of 3 DDT SOW #28","0061G00000HxHwxQAF"
"61841428381","E*TRADE Advisor Services: Agg SOW","0061G00000HxFtkQAF"
"61815892566","Amex CA Renewal - 30 day ext July 2019","0061G00000HwzG5QAJ"
"61843288883","TekFriday Processing Solutions Pvt. Ltd. (India) 2019 Renewal","0061G00000HwzF1QAJ"
"61808467749","Amex AUS Renewal - 30 day ext July 2019","0061G00000HwzDjQAJ"
"61844366348","Ingo Money-AV","0061G00000HwyNYQAZ"
"61808155235","Certegy Payment Solutions-AV","0061G00000HwnL0QAJ"
"61851952664","Schwab – Abe AI","0061G00000HwjtCQAR"
"61848235693","Western Union – IAV","0061G00000HwjSyQAJ"
"61807841420","Fidelity Clearing IAV","0061G00000HwfkWQAR"
"61847001204","Kabbage - Enable Credit Card Container ($0)","0061G00000HwdsdQAB"
"61807225117","UBS_Change Order_FAN Encryption","0061G00000HwdDaQAJ"
"61816357723","TekFriday Upgrade 2019","0061G00000HwXqUQAV"
"61849014655","Amex: IAV","0061G00000HwWa2QAF"
"61840647208","Blueleaf- AGG","0061G00000HwTHuQAN"
"61820381531","Investec OB - Upgrade","0061G00000HwNf7QAF"
"61840025163","Union Bank: Agg for Wealth","0061G00000HwKkSQAV"
"61842970540","Western Union: Abe AI","0061G00000HwKkNQAV"
"61851494202","PayPal: Abe AI","0061G00000HwKjZQAV"
"61811562073","Alerus - add INV/Mortg containers to DF + mapping","0061G00000HwIjTQAV"
"61814973834","Edward Jones Rebranding Proposal","0061G00000HwGztQAF"
"61820073484","Moneyhub & Mercer Aggregation and Insights","0061G00000HwFpeQAF"
"61815743532","ACS Full MSA 2019","0061G00000HwARfQAN"
"61818534172","FormFree - AGG/IAV Re-instatement (Jun - Aug 19)","0061G00000Hw91vQAB"
"61840647177","Progressive Leasing - Snapshot 2.0","0061G00000Hw8wqQAB"
"61848545813","Citi IAV / Balance Refresh True-up (2nd)","0061G00000Hw7SRQAZ"
"61812186671","Snapshot 2.0","0061G00000Hw6K4QAJ"
"61812492548","Credit 1 Bank - MM: Account Verification","0061G00000Hw61AQAR"
"61819611432","Snapshot 2.0 - First Republic Bank","0061G00000Hw58wQAB"
"61810626951","BMO CA 2019 Q2 Renewal (T for C)","0061G00000Hvk2KQAR"
"61819763719","Equifax - Snapshot 2.0","0061G00000HviWpQAJ"
"61815274032","Enova Financial Snapshot 2.0","0061G00000HviQcQAJ"
"61807225198","Snap Shot 2.0 / Lending Decision","0061G00000HvhxyQAB"
"61840647187","SnapShot 2.0","0061G00000HvhsyQAB"
"61847001214","Synchrony: Platform v1.1 Debooking","0061G00000Hvby5QAB"
"61819923773","PS - Dedicated Data Team 2019 Q2","0061G00000HvZ3wQAF"
"61809082928","The Closing Docs-Agg/IAV","0061G00000HvYjCQAV"
"61852260414","Separate FastLink instance for Wealth","0061G00000HvYHFQA3"
"61842503735","Pershing - configure CDV for IAV","0061G00000HvXI2QAN"
"61809243690","Cornerstone Home Lending - Snapshot 2.0","0061G00000HvWhTQAV"
"61815892618","Accelerated YCC SLAs","0061G00000HvUi8QAF"
"61852260492","Branding updates","0061G00000HvU3GQAV"
"61816674159","TIAA_PFM & IAV_1 Year Renewal","0061G00000HvS7kQAF"
"61846687159","EveryIncome-FinApps-SOW","0061G00000HvOwFQAV"
"61847466399","morgan stanley-","0061G00000HvIaPQAV"
"61843132032","CO2 SOW12 Envestnet Client Portal Integration","0061G00000HvFTDQA3"
"61818995745","Aggregation and OK2Lend","0061G00000HvDZmQAN"
"61812492343","Test/Sandox Environment | $12k","0061G00000ICijFQAT"
"61816984491","PS SOW 8&9 Extension for 6 weeks","0061G00000ICif2QAD"
"61852416421","Pilgrim Consulting (dba Ruby)-Agg","0061G00000ICf69QAD"
"61847466582","ACI - POC for IAV MS","0061G00000ICVB2QAP"
"61841269278","EJ Platform 1.1 upgrade and Finapps","0061G00000ICUoCQAX"
"61849627257","EJ Advisor Assisted Onboarding","0061G00000ICUmcQAH"
"61847622191","UI changes","0061G00000ICRfOQAX"
"61817133450","Fifth Third - ABE","0061G00000ICPfyQAH"
"61841585258","Comerica Bank - ABE","0061G00000ICPfAQAX"
"61839409995","FIS - Test Environment & Support Fees - Renewal for 2019-2020","0061G00000ICOyBQAX"
"61817603606","FIS - AutoRenewal - 01/05/2020 to 01/04/2021","0061G00000ICOtCQAX"
"61838643969","SOW# 09 UI Customization","0061G00000ICKEhQAP"
"61809243513","First Citizens Bank","0061G00000ICJKdQAP"
"61847311696","Amex IND Renewal - 60 day Ext","0061G00000IC7MzQAL"
"61842049376","Execupay 2019 Renewal","0061G00000IC7L9QAL"
"61815743539","Northwestern Mutual SOW #10 2019 Renewal","0061G00000IC7KaQAL"
"61813263680","Amex CAN Renewal - 60 day ext","0061G00000IC6ziQAD"
"61816357692","Amex AUS Renewal - 60 day ext","0061G00000IC6w5QAD"
"61808309112","CitiGroup SOW #15 PS Renewal 2019","0061G00000IC6tLQAT"
"61809548608","Renewal Ext #2 2019- Product Schedule 11","0061G00000IC6q2QAD"
"61843895618","DST: Channel - Financial Wellness","0061G00000IBk9LQAT"
"61846219015","Analytics:  Transaction Extract Proposal to Add Transactions to All Containers","0061G00000IBj9WQAT"
"61808155186","Associated Bank - Abe/Conversational","0061G00000IBigDQAT"
"61840180910","RBC Wallet Duration Extension","0061G00000IBgsNQAT"
"61816514164","T. Rowe Price - Amendment #15 - 3 Year Renewal Post 2019 Upgrade","0061G00000IBYW7QAP"
"61842049160","University Accounting Service LLC-AV/AGG","0061G00000I33cCQAR"
"61817751044","Fidelity_Custom Extract for Decommission _ Change Order#1","0061G00000I33KtQAJ"
"61818837157","CO4 - Duration Extension for Wealth Aggregation - SOW 37","0061G00000I2pydQAB"
"61816984671","PFM+FL Renewal","0061G00000I2odkQAB"
"61817449323","UBS - IAV","0061G00000I2mpcQAB"
"61812332361","Bank OZK: Mid-Market - Agg and TDE","0061G00000I2eiIQAR"
"61846841915","Fifth Third - Post POC IAV SOW Payment (already captured in PS SOW)","0061G00000I2d2EQAR"
"61818534049","Avoka: Channel - First Citizens Bank - IAV","0061G00000I2awJQAR"
"61839097443","CIT: Abe","0061G00000I2WG0QAN"
"61850097749","CO for Duration Extension of SOW#12","0061G00000I2UocQAF"
"61846219088","SOW #60 - H2 2019 SOW Online Account Open","0061G00000I2UIAQA3"
"61811102580","Benefits Online Datafeed","0061G00000I2UDjQAN"
"61843132036","KeyBank - TDE 12 months historical  (one-time fee)","0061G00000I2HEAQA3"
"61838796891","Biz2Credit IAV 2019","0061G00000I2DirQAF"
"61812805789","FreshBooks - UK Open Banking - 1.1/FL 3.0 - Upgrade","0061G00000I2AcsQAF"
"61840963505","Support Services SOW","0061G00000I270EQAR"
"61851494032","Change Order - BAC (BOA/ML) Single Instance Initiative","0061G00000I26y1QAB"
"61840500285","ACI - Change Order DE for SOW#2","0061G00000I26hXQAR"
"61847001205","Citi_Retail_IAV_Adding CDV Flow","0061G00000I1zpJQAR"
"61810008132","NT - Platform Upgrade Duration Ext","0061G00000I1zkJQAR"
"61810478430","Personal Capital  DDT 2019 Q2","0061G00000I1wTSQAZ"
"61815588946","Amex AUS Renewal - 30 day ext","0061G00000I1wAmQAJ"
"61817286550","Amex CAN Renewal - 30 day ext","0061G00000I1wASQAZ"
"61847776292","Amex IND Renewal - 30 day Ext","0061G00000I1w9mQAB"
"61846378242","Renewal - Product Schedule 11","0061G00000I1w88QAB"
"61816825701","Associated Bank- IAV","0061G00000I1uoIQAR"
"61818837113","Associated Bank - Agg and TDE","0061G00000I1tQUQAZ"
"61841585259","Translucent Computing Inc.- AV","0061G00000I1aGXQAZ"
"61808155205","TIAA_Digital Download Statements","0061G00000I1P7IQAV"
"61811102503","Citi_Cards_Flex Loans IAV SOW","0061G00000I1P5vQAF"
"61813110949","M&T: IAV","0061G00000I1O3CQAV"
"61817906047","Vanguard: Abe","0061G00000I19mFQAR"
"61819146349","Morgan Stanley True Up","0061G00000I14URQAZ"
"61812492377","DST Retirement Solutions - SOW CDV/IAV","0061G00000I0t2PQAR"
"61818995598","Master/unique ID aggregation","0061G00000I0lWiQAJ"
"61842503601","SOW #59 - Purchase of additional Small Project Hours","0061G00000I0jaLQAR"
"61843288982","Borderless-IAV","0061G00000I0iJhQAJ"
"61842354443","FIS - SOW #13(TBD) - PS Opportunity for API Consulting for TA Group","0061G00000I0cQNQAZ"
"61845603225","Amendment 1 to SOW# 3:  Risk Insight – Fraud Enhancements","0061G00000I0UiNQAV"
"61808309272","SunTrust Banks-","0061G00000I0TlGQAV"
"61814813253","Alkami: Channel - Abe.ai","0061G00000I0T5qQAF"
"61818534048","Axos: Mid-Market - Abe.aI","0061G00000I0T5HQAV"
"61815588923","Lumin: Channel - Abe","0061G00000I0T4xQAF"
"61817133434","ZipBooks (PHLO) 2019 Renewal New Usage","0061G00000I0RlPQAV"
"61812186746","SOW #34 Renewal 2019","0061G00000I0Qu1QAF"
"61816984632","S+B Enahcements","0061G00000I0QjMQAV"
"61841269115","Popular Bank: mid market - IAV","0061G00000I0Q3GQAV"
"61848235860","Infoarmor - changed users to All Active setting","0061G00000I0PzoQAF"
"61806917031","PS - Dedicated Data Team 2019","0061G00000I0PyvQAF"
"61839874377","NT - TDE historical migration","0061G00000I0OxbQAF"
"61810938248","Fintech Pte Renewal 2019","0061G00000I0O8wQAF"
"61814973846","Extension of 3 DDT to indefinite period","0061G00000I0O7oQAF"
"61815274045","Personal Capital IAV DDT 2019 Q1","0061G00000I0O5YQAV"
"61841115147","BB&T U Co-brand Integration with MGP","0061G00000I0O4fQAF"
"61849476178","Kabbage - 2019 PS/DDT Renewal","0061G00000I0FCiQAN"
"61847466567","Data Aggregation PAYG","0061G00000I0ESAQA3"
"61851494040","Interactive Brokers: Aggregation","0061G00000I0CIuQAN"
"61851638053","Amex_SAML Customization_Annual Custom Maintenance","0061G00000I0AGKQA3"
"61814037883","Amex_SAML Customization_SOW","0061G00000I0AEnQAN"
"61819308337","Amex CAN Renewal - RI/Agg","0061G00000I0ABKQA3"
"61809707353","Amex IND Renewal - RI/Agg","0061G00000I0A8GQAV"
"61809398380","UK my prosperity","0061G00000HzmOzQAJ"
"61809083036","DecisionLogic - PS Consulting","0061G00000HzgfYQAR"
"61811871840","FIS - SOW #12 - PS Opportunity for OOBA Set Up for OAC Group (API Consulting)","0061G00000Hzg5oQAB"
"61808615757","Morgan Stanley: TDE","0061G00000HzfAhQAJ"
"61849014806","Vanguard - CO DE for EA Consulting","0061G00000HzduHQAR"
"61812186724","M&T - Amend #13 - 18 Month Renewal","0061G00000HzdYoQAJ"
"61820534822","M&T - PS Opportunity - SOW #16 - User Interface Update","0061G00000HzY88QAF"
"61849014798","PNC SOW #30 Renewal 2019","0061G00000HzXkdQAF"
"61819452538","CircleBlack, Inc 2018 Renewal","0061G00000HzXF2QAN"
"61848697237","Axos Bank:  MM - Agg, PFM, TDE","0061G00000HzTM0QAN"
"61813579317","Advisor Alerts & Analytics","0061G00000HzObHQAV"
"61809398389","Goldman Sachs Asset Management: Recon and PR","0061G00000HEVPBQA5"
"61806607236","Goldman Sachs IMD: APEX File","0061G00000HEVP6QAP"
"61841269080","Yahoo Finance: Aggregation","0061G00000HzMjqQAF"
"61850245264","SOW# 8 - Insurance and Internationalization","0061G00000HzLYtQAN"
"61843440010","Schedule 3 - Dedicated Data Team #2","0061G00000HzGEMQA3"
"61850409810","Bookipi - Aggregation","0061G00000HzCoUQAV"
"61846841762","NetSuite-AGG","0061G00000Hz9pOQAR"
"61847926600","CO #2 Duration Extention","0061G00000Hz7QtQAJ"
"61809852997","AssetMark: Synergies Scoping SOW","0061G00000Hz5KhQAJ"
"61813419365","RBC Wallet Duration Extension","0061G00000HyxmvQAB"
"61815274044","EveryIncome-FinApps-MSA","0061G00000HInDcQAL"
"61812186670","RBC Ventures Customizations - OAuth and Revoke on Delete Provider API","0061G00000HIn7NQAT"
"61841269051","CO #3 Duration Extension","0061G00000HImL6QAL"
"61845603186","Alerus - IAV Duration Ext","0061G00000HIhQ5QAL"
"61845920024","Amex RI: 30 Day Extension - Product Schedule 10 (Snapshot)","0061G00000HIbJNQA1"
"61850557998","Premium Support","0061G00000HIaKlQAL"
"61842664025","Intelliflo New environment","0061G00000HIW93QAH"
"61843131954","UBS - IAV Sandbox","0061G00000HIUKSQA5"
"61814037856","Phase 2 SOW","0061G00000HISvoQAH"
"61850557979","Cha Ching (MoneyBrilliant) 2019 Renewal","0061G00000HIRsrQAH"
"61809082946","Simply Studio System 2020 Renewal","0061G00000HIRrAQAX"
"61841886087","Investec Bank 2019 Renewal Q4","0061G00000HIRqCQAX"
"61818995720","Investec Bank 2019 Renewal Q3","0061G00000HIRq2QAH"
"61809548674","Investec Bank 2019 Renewal Q2","0061G00000HIRpsQAH"
"61849476022","Blackbaud 2019 Renewal","0061G00000HIRiwQAH"
"61809548629","Alpha Turing Limited / Pariti Technologies 2019 Renewal Q4","0061G00000HIRhPQAX"
"61813886546","Alpha Turing Limited / Pariti Technologies 2019 Renewal Q3","0061G00000HIRgqQAH"
"61842049331","Alpha Turing Limited / Pariti Technologies 2019 Renewal Q2","0061G00000HIRggQAH"
"61852416378","Biz2Credit, Inc.  2019 Renewal","0061G00000HIRHQQA5"
"61849315948","Intelliflo 2019 Renewal","0061G00000HIRHSQA5"
"61847466592","Acorns Grow - AUS 2019 Renewal","0061G00000HIRHLQA5"
"61847311774","Buildium, LLC  2019 Renewal","0061G00000HIRHJQA5"
"61847148602","My Prosperity Pty Ltd 2019 Renewal","0061G00000HIRHVQA5"
"61847001267","Amex AUS Renewal - RI/Agg","0061G00000HIRI9QAP"
"61845137068","Geowealth Management  2019 Renewal","0061G00000HIRHmQAP"
"61844670591","SpringAhead (Virtual Software, Inc.) (Tallie) 2019 Renewal","0061G00000HIRHOQA5"
"61841585311","Igg Software, LLC 2019 Renewal","0061G00000HIRH5QAP"
"61840963354","Frollo 2019 Renewal","0061G00000HIRHkQAP"
"61820534832","TransferWise 2019 Renewal","0061G00000HIRHPQA5"
"61820073350","Autobooks (dba Billhighway) 2019 Renewal","0061G00000HIRHIQA5"
"61819146302","Buxfer 2019 Renewal","0061G00000HIRHsQAP"
"61818837298","CircleBlack, Inc 2019 Renewal","0061G00000HIRI1QAP"
"61816514159","TekFriday Solutions, Inc. 2019 Renewal","0061G00000HIRHyQAP"
"61814194549","Simply Studio System 2019 Renewal","0061G00000HIRI0QAP"
"61812492553","Enova Financial (CSH, Cash America International) / CNU Online Holdings, LLC 2019 Renewal","0061G00000HIRHgQAP"
"61812022597","Moneyspire Inc 2019 Renewal","0061G00000HIRHhQAP"
"61810785704","HT Mobile Apps (HTMA Holdings) 2019 Renewal","0061G00000HIRHjQAP"
"61810478476","Cha Ching (MoneyBrilliant) 2020 Renewal","0061G00000HIRIHQA5"
"61807691551","Data Trends Australia Pty Ltd - (CreditSense) 2019 Renewal","0061G00000HIRHGQA5"
"61807691342","ZipBooks (PHLO) 2019 Renewal","0061G00000HIRHtQAP"
"61806302740","Goldfish Marketing aka Landsdowne 2019 Renewal","0061G00000HIRHUQA5"
"61852260413","Possible Finance Inc 2019 Renewal","0061G00000HIREBQA5"
"61851494156","Denizen (BBVA) (Spain) 2019 Renewal","0061G00000HIRBXQA5"
"61851336995","22seven 2019 Renewal","0061G00000HIRBOQA5"
"61851022171","MDG 2019 Renewal","0061G00000HIRD3QAP"
"61850868886","Concur Technologies, Inc. 2019 Renewal","0061G00000HIREEQA5"
"61849787708","True Potential 2019 Renewal","0061G00000HIRCEQA5"
"61847001366","Accounting Seed Inc  2019 Renewal","0061G00000HIRCZQA5"
"61846219062","Engage Holdings, LLC  2019 Renewal","0061G00000HIRCxQAP"
"61846064971","HubSolv Limited 2019 Renewal","0061G00000HIRDBQA5"
"61845920092","Saasu Pty Ltd 2019 Renewal","0061G00000HIRBPQA5"
"61845448617","Rapid Capital Funding 2019 Renewal","0061G00000HIRCPQA5"
"61844836717","Owl Finance 2019 Renewal","0061G00000HIREKQA5"
"61844670510","Right Capital LLC 2019 Renewal","0061G00000HIRCqQAP"
"61843590447","Midawi Holdings Inc (Doughmain) 2019 Renewal","0061G00000HIREHQA5"
"61843288903","WealthTrace 2019 Renewal","0061G00000HIRCpQAP"
"61843131976","MoneySoft Limited 2019 Renewal","0061G00000HIRBTQA5"
"61842664091","Tic:Toc Homeloans (Aust) 2019 Renewal","0061G00000HIRCrQAP"
"61842354348","ICMA Retirement Corporation  2019 Renewal","0061G00000HIRCVQA5"
"61841733641","Investec Bank 2019 Renewal Q1","0061G00000HIRBVQA5"
"61841269043","Tiller LLC  2019 Renewal","0061G00000HIRBuQAP"
"61841114959","Alpha Turing Limited / Pariti Technologies 2019 Renewal Q1","0061G00000HIRBqQAP"
"61840963441","PocketSmith, Inc 2019 Renewal","0061G00000HIRBbQAP"
"61840803149","Elderscan (doing business as Eversafe) 2019 Renewal","0061G00000HIRC9QAP"
"61840336183","Picture Wealth (Future Penny Pty Ltd) 2019 Renewal","0061G00000HIRDPQA5"
"61840025162","Financial Symmetry Inc  2019 Renewal","0061G00000HIRCbQAP"
"61839874457","Integrated Rewards  2019 Renewal","0061G00000HIRBlQAP"
"61839874415","Kingsleybusiness online - EcoOffice 2019 Renewal","0061G00000HIRDkQAP"
"61839725406","Jetson Systems 2019 Renewal","0061G00000HIRDIQA5"
"61838796718","Yellow Labs Software (Accounting Suite) 2019 Renewal","0061G00000HIRChQAP"
"61820381510","Paycom 2019 Renewal","0061G00000HIRDqQAP"
"61820237146","Reconart, Inc. 2019 Renewal","0061G00000HIRBpQAP"
"61819763732","Capitect, Inc. 2019 Renewal","0061G00000HIRBvQAP"
"61819452585","Qualia 2019 Renewal","0061G00000HIRDvQAP"
"61819308415","1st Merchant Funding 2019 Renewal","0061G00000HIRBWQA5"
"61819146526","Nexonia Inc. 2019 Renewal","0061G00000HIRCDQA5"
"61817750897","MoneyEdgePro 2019 Renewal","0061G00000HIRE7QAP"
"61817133486","Odoo SA 2019 Renewal","0061G00000HIRBxQAP"
"61816674201","Billy's Billing (BillyApp) 2019 Renewal","0061G00000HIRDMQA5"
"61814973829","BrightPlan 2019 Renewal","0061G00000HIRDDQA5"
"61814813080","Microsoft Development Center 2019 Renewal","0061G00000HIRCcQAP"
"61814663485","SAVVI Financial LLC (fka Dynamic Ideas Financial LLC) 2019 Renewal","0061G00000HIRCdQAP"
"61814194548","Paychex, Inc. (SamePage Solutions) 2019 Renewal","0061G00000HIRBiQAP"
"61812805632","Zoho Corporation 2019 Renewal","0061G00000HIRBhQAP"
"61812492347","myERP / Inventime (One Up) 2019 Renewal","0061G00000HIRBjQAP"
"61811712947","Sequoia Consulting 2019 Renewal","0061G00000HIRDLQA5"
"61811562011","BQE Software Inc 2019 Renewal","0061G00000HIRDeQAP"
"61811410972","LulaLend 2019 Renewal","0061G00000HIRC3QAP"
"61810317685","Stock Rover 2019 Renewal","0061G00000HIRCLQA5"
"61808925248","The IDCo (MiiCard) 2019 Renewal","0061G00000HIREGQA5"
"61808309173","Reckon Limited 2019 Renewal","0061G00000HIRC1QAP"
"61807841551","Tradesmith LLC 2019 Renewal","0061G00000HIRCgQAP"
"61807691574","SVX Holdings Pty Ltd / SVX Group 2019 Renewal","0061G00000HIRBkQAP"
"61806917011","QuickFile Accounting Software 2019 Renewal","0061G00000HIRDUQA5"
"61806607010","LessEverything, Inc. 2019 Renewal","0061G00000HIRBYQA5"
"61806456970","Infoarmor, Inc. 2019 Renewal","0061G00000HIRDFQA5"
"61806302774","Liberty Group Limited 2019 Renewal","0061G00000HIRCfQAP"
"61844051345","Vanguard - migrating PAS cobrand to EA cobrand","0061G00000HIQ48QAH"
"61844525479","Tompkins Financial Corporation","0061G00000HIDZxQAP"
"61806917124","M&T - 1 Month Renewal Only - July 2019","0061G00000HICulQAH"
"61841585276","Myaccountant-","0061G00000HI6nFQAT"
"61816203635","API 1.1 Upgrade & Migration","0061G00000HI3CUQA1"
"61815743519","Q2: Channel - Abe.AI","0061G00000HHrbzQAD"
"61849476191","ACI - CO to add Cash Flow/Trans/Dashboard finapps","0061G00000HHr7hQAD"
"61847926606","Creditibility - Add IAV","0061G00000HHn4pQAD"
"61841428358","Duration Extension | Delta Credit Union","0061G00000HHmr6QAD"
"61852260365","Duration Extension | Sterling Credit Union","0061G00000HHmqIQAT"
"61813579329","WealthCare Cap | Renewal | 9.30.19 (90-day auto)","0061G00000HHetZQAT"
"61816357708","PDF doc download","0061G00000HHXUdQAP"
"61852416364","Cetera: CDV","0061G00000HHWf6QAH"
"61842193923","Santander: Wealth RFP","0061G00000HHTV7QAP"
"61851494018","SOW #58 - REST Platform 1.1 Upgrade","0061G00000HHNVGQA5"
"61813263644","RBS UK scaling","0061G00000HHH7kQAH"
"61810478479","Target - Dual Production Setup - CO#1","0061G00000HHGlFQAX"
"61849014797","CreditNinja-AGG/IAV","0061G00000HHE3tQAH"
"61819308440","Amazon Renewal Q3 2019","0061G00000HHAK2QAP"
"61850869022","Amazon Renewal Q2 2019","0061G00000HHAJxQAP"
"61813733802","Amazon Renewal Q1 2019","0061G00000HHAJsQAP"
"61849787718","RBC Ventures T&M Support","0061G00000HHAHWQA5"
"61808155040","LifeLock, Inc. Renewal 2019","0061G00000HHAACQA5"
"61843895634","Equifax RI - SOW Duration Extension","0061G00000HH9qLQAT"
"61851336758","Account Openinig & BPAA Renewal","0061G00000HH9pwQAD"
"61808155064","Aggregation Renewal","0061G00000HH9pDQAT"
"61813111055","Account Verification Renewal","0061G00000HH9p3QAD"
"61815892584","Annual Premium Data Support Fee - Amendment 6","0061G00000HH9mxQAD"
"61807384182","Kabbage - PS for TDE Historical","0061G00000HH9MZQA1"
"61817750922","Software Assistant 2019 Renewal","0061G00000HH9LlQAL"
"61844670528","Transamerica 2019 Renewal","0061G00000HH9JuQAL"
"61839874344","Thomson Reuters - 2019 Renewal","0061G00000HH9I8QAL"
"61813733755","Target Corporation 2019 Renewal","0061G00000HH9GWQA1"
"61841585228","FreshBooks 2019 Renewal","0061G00000HH9EBQA1"
"61818225512","CIT True-up for IAV","0061G00000HH7lTQAT"
"61851952501","SOW #52 CO #2 - Mobile Fund Later","0061G00000HH6lAQAT"
"61846378287","First Horizon-","0061G00000HGv4sQAD"
"61850868878","Worldpay IQ - AGG","0061G00000HdKqTQAV"
"61850409997","Productfy, Inc. - Incubator Cohort 5","0061G00000HdKd5QAF"
"61814037882","Vanguard renewal - 3 year","0061G00000HdHXXQA3"
"61844836744","Citibanamex: Enterprise: Wellness","0061G00000HdF4sQAF"
"61843288951","Amex: Conversational","0061G00000HdCqVQAV"
"61807691592","Citi: Abe AI","0061G00000HdCmuQAF"
"61844210221","Veryfi, Inc.-Agg","0061G00000Hd20XQAR"
"61814813252","Comerica: Account Verification","0061G00000Hcc5mQAB"
"61849627218","Kabbage - PS Open Banking","0061G00000HcbjpQAB"
"61843288959","Synchrony: Risk Insight POC Extension_CO#1","0061G00000HcbAIQAZ"
"61807384161","Synchrony: EFX Snapshot","0061G00000HcYQgQAN"
"61840180913","ProNvest Inc-","0061G00000HcXFpQAN"
"61808771589","ProNvest-AGG","0061G00000HcXENQA3"
"61811562045","Aggregation & Wellness","0061G00000HcVqtQAF"
"61847776290","Vanguard - SAML SSO for YCC for PAS/EA","0061G00000HcVU4QAN"
"61813733750","First Citizens Bank: Enterprise: Abe CI","0061G00000HcVNrQAN"
"61807691192","Etrade - IAV+","0061G00000HcT07QAF"
"61842820397","Amazon: Abe","0061G00000HcOCRQA3"
"61841428510","JPMC: Abe AI","0061G00000HcO9DQAV"
"61838949377","PayPal: Risk Insight","0061G00000HcO69QAF"
"61808615786","DST Retirement Solutions - IAV","0061G00000HcMeMQAV"
"61847466570","Santander Consumer: RIS","0061G00000HcLrkQAF"
"61847621931","Citi Ventures: Citigold","0061G00000HcLoHQAV"
"61807841405","Personal Capital:  Channel - aggregation wealth","0061G00000HcIsTQAV"
"61840963418","US Bank - ABE AI","0061G00000HcFFwQAN"
"61852260449","Principal Q4 2019 Renewal","0061G00000HcE48QAF"
"61850558018","BMO Harris Renewal","0061G00000HcDyKQAV"
"61847926614","Monthly Summary Alert SOW","0061G00000HcDcZQAV"
"61807841419","KeyBank - TDE Held Data Retail","0061G00000HcDSlQAN"
"61841886081","Alerus - AGG Duration Ext CO","0061G00000HcDPmQAN"
"61852416371","MUFG: Wellness","0061G00000HcDH7QAN"
"61809083043","Caxy Consulting DBA Best Money Moves- AGG","0061G00000Hc7YWQAZ"
"61809243670","Supreme Lending - Risk Insight","0061G00000Hc7QoQAJ"
"61842663967","BAC Private Bank Integration to Single Instance","0061G00000Hc6dfQAB"
"61820534834","Cornerstone - Statement Download","0061G00000Hbvs5QAB"
"61851638052","Wellness","0061G00000Hbvd8QAB"
"61841886120","Transaction Enrichment","0061G00000HbvC7QAJ"
"61809243524","Home Lending","0061G00000HbvAkQAJ"
"61817905984","Enrichment & OK.to.Lend POC","0061G00000HbuzFQAR"
"61809398402","Pershing IAV Renewal - 2019","0061G00000HbtaFQAR"
"61850097543","Amex US Renewal - Product Schedule 11 (RI/Agg)","0061G00000HbsrnQAB"
"61813886496","Renewal - Product Schedule 10 (Snapshot)","0061G00000HbsriQAB"
"61809548630","Change Order Number: #1 T&M","0061G00000HbntnQAB"
"61849475996","Vanguard - Expense finapp in Stage","0061G00000HbnGnQAJ"
"61817286579","NT - 3 year renewal for IAV","0061G00000HblasQAB"
"61839569538","Keybank 2018 Q4 Renewal","0061G00000HbjiMQAR"
"61850869166","PayPal - Renewal 2019 3 Year","0061G00000HbjD9QAJ"
"61840025155","Schwab UI Changes","0061G00000HbibCQAR"
"61815117727","Pariti - Renewal Q4 2018","0061G00000HbhXpQAJ"
"61845919918","National Funding 2018 Debooking","0061G00000HbhXQQAZ"
"61813733783","BB&T 2018 Q4 Renewal","0061G00000HbhWmQAJ"
"61841585320","Principal Q4 2018 Debooking","0061G00000HbhW8QAJ"
"61838644009","FreshBooks - Dedicated Data Engineer - Renewal Q4 2018","0061G00000HbhUlQAJ"
"61819452566","Mastercard: Pay By Account: IAV POC #1","0061G00000HbfdFQAR"
"61844525432","Equifax Consumer Services - 2020 Renewal","0061G00000Hbe1mQAB"
"61814037849","DecisionLogic - 2019 Renewal","0061G00000Hbe1hQAB"
"61815117845","Citi_Cards_IAV CO4 2019 Extension","0061G00000HbdeOQAR"
"61810785927","Kabbage - 2019 Renewal","0061G00000HbS5tQAF"
"61810785907","Kabbage - 3rd & 4th Dedicated Resources 2019","0061G00000HbS4MQAV"
"61841733518","Cornerstone - 2019 Renewal","0061G00000HbS0EQAV"
"61851022213","Investec Bank 2018 Renewal","0061G00000HbJ6PQAV"
"61815588957","DST Retirement Solutions LLC - 2019 Renwal","0061G00000HazH8QAJ"
"61819923786","HedgeOp Compliance, (aka Cordium) 2019 Renewal","0061G00000HazG3QAJ"
"61840963471","Boston Financial 2019 Renewal","0061G00000HavXbQAJ"
"61808467628","FIS - SOW #12 - PS Opportunity for MFA API Consulting","0061G00000HauHTQAZ"
"61848545812","DecisionLogic - PII Amendment","0061G00000HamgdQAB"
"61820534841","MSA Amendment - Billing Metric","0061G00000HalzyQAB"
"61807070741","US Bank - ABE AI - Proof of Concept","0061G00000HaizSQAR"
"61842970532","US Bank 2019 1 Year Auto Renewal","0061G00000HabGOQAZ"
"61816203547","BMO CA 2019 Renewal (T for C)","0061G00000HabEcQAJ"
"61845920080","RBC PFM Renewal of Perpetual License","0061G00000Hab8NQAR"
"61814813187","My Prosperity Pty Ltd 2018 Renewal","0061G00000HaYkeQAF"
"61840963492","Biz2Credit SOW2 - Developer Stage Environment","0061G00000HaYGVQA3"
"61811713050","Truist Enterprise: TDE","0061G00000HaXtlQAF"
"61814973770","SunTrust SFG APIs","0061G00000HaU0KQAV"
"61815588898","Baird Account Summary Enhancements for Alerts Handling","0061G00000HaTDbQAN"
"61812492372","Ally Financial: Enterprise: Wellness Platform","0061G00000HaTBaQAN"
"61851790639","Discover Financial Services-","0061G00000HaSkcQAF"
"61842193798","Xero | Renewal | 90-Day Auto","0061G00000HaSaMQAV"
"61812492566","United Cap | Renewal | 90-Day Auto","0061G00000HaSa2QAF"
"61850097736","Horizon | Renewal | 90-Day Auto","0061G00000HaSYdQAN"
"61838949232","Morgan Stanley: Asset Transfer","0061G00000HaQe9QAF"
"61816357738","SOW #11 Maintenance Renewal 2018","0061G00000HaQ6VQAV"
"61818837121","NT - 3 year renewal for Aggregation","0061G00000HaPk1QAF"
"61843440047","City National Bank- Aggregation","0061G00000HaOnjQAF"
"61842049194","Hancock Whitney: Enterprise: Wellness","0061G00000HaIWGQA3"
"61813733901","Citi_Retail_IAV CO2A Duration Extension","0061G00000HaHgNQAV"
"61814037861","Vanguard -EA Group - Aggregation","0061G00000HaG5QQAV"
"61846841932","M&T - Amend #12 - 3 Month Renewal Only - April 2019 thru June 2019","0061G00000HaEyvQAF"
"61807841369","Thrivent - Project Fulfill","0061G00000Ha6utQAB"
"61820381530","Silver Bullet Marketing - AGG/IAV/PDF","0061G00000HZw79QAD"
"61811871833","Axos Bank:  MM - Agg, PFM, TDE","0061G00000GpY5ZQAV"
"61842354529","Schwab ABE Synergy","0061G00000GpSo1QAF"
"61847001208","Etrade - 45 day renewal extension","0061G00000GpOZ8QAN"
"61807691294","US Bank YSL Upgrade","0061G00000GpNm1QAF"
"61815892659","Baxter Credit Union: MM - IAV","0061G00000GpMqnQAF"
"61847622145","BB&T: PWM: Recon & Perf Rep","0061G00000GpGpwQAF"
"61816984345","Vanguard - Data Reconciliation","0061G00000GpGoyQAF"
"61843895638","TRP- Data Reconciliation","0061G00000GpGoKQAV"
"61841733650","Citi: Recon and PR","0061G00000GpGeKQAV"
"61850245188","Capital One-","0061G00000GpGSQQA3"
"61816825736","Union Bank: Performance Reporting","0061G00000GpG7bQAF"
"61841886286","City National Bank: Performance Reporting","0061G00000GpG6sQAF"
"61807384131","Charles Schwab: Performance Reporting","0061G00000GpG6iQAF"
"61851173487","C/O for PS implementation","0061G00000Gp8pPQAR"
"61813110939","Northern Trust - Sync Extracts","0061G00000GozuRQAR"
"61839569501","PayPal: Aggregation","0061G00000GouYoQAJ"
"61849166142","Dedicated Data Team - Wealth","0061G00000GokhNQAR"
"61846687333","Synchrony: Big Ticket Risk Insight","0061G00000GofnQQAR"
"61807691606","2018 Renewal - 3year Upsell","0061G00000GocA8QAJ"
"61814504024","Personal Capital IAV Q4 2018 Renewal SOW #26 & 23","0061G00000Goc8lQAB"
"61819611468","RBC Wallet- Anonymized Data Load","0061G00000GoZVdQAN"
"61843288919","RBC FinFit- Data Copy, Delete and COD","0061G00000GoZVYQA3"
"61845291532","RBC - Wallet Force Refresh/RAL Consulting","0061G00000GoYV8QAN"
"61848235882","Baird - Platform 1.1 and FL Upgrade","0061G00000GoYQQQA3"
"61842820384","Mastercard-","0061G00000GoYGuQAN"
"61847001232","Mastercard: SBI: IAV SOW","0061G00000GoYC3QAN"
"61840180996","Vanguard SOW#2 Annual Stage Env AutoRenewal - 2019","0061G00000GoW5IQAV"
"61841886285","NT 2018 IAV Renewal","0061G00000GoVyLQAV"
"61842193797","SOW #52 CO #1 - 2018 Additional Small Project Hours","0061G00000GoVlWQAV"
"61848545644","SOW #6 - Persistence in FinApps","0061G00000GoVjGQAV"
"61849787784","CNB – IAV","0061G00000GoRArQAN"
"61842820369","Amazon – IAV expansion","0061G00000GoR5XQAV"
"61820381445","Avoka: Channel / Delta CU - IAV (SOW Only)","0061G00000Go0AiQAJ"
"61811410971","TIAA_Responsive Upgrade_Duration Extension CO#2","0061G00000GnksPQAR"
"61806762877","Citi_Canvas Environment_ Annual Environment Svc Fee","0061G00000Gnkn2QAB"
"61842354353","RBC Mobile Integration Duration Extension","0061G00000GnkmnQAB"
"61852260447","Discover Personal Loans - Snapshot POC","0061G00000GnjvBQAR"
"61817449377","Amazon Q3 Renewal T4C","0061G00000Gnj9rQAB"
"61845448568","Avoka: Channel / Sterling Bank and Trust - IAV SOW only","0061G00000GnhthQAB"
"61842503710","Paychex IAV","0061G00000GnhBMQAZ"
"61810626972","SunTrust SOW 1 Duration Extension","0061G00000GngizQAB"
"61810008130","Axos Bank - MM: IAV","0061G00000GncU0QAJ"
"61844525478","RBC Held Away Pricing Revision","0061G00000GnbzaQAB"
"61818534042","PS - Dedicated Data Team","0061G00000GnZVAQA3"
"61810938271","Possible Partnership with chatbot","0061G00000GnVpSQAV"
"61807225127","Reseller partner Insurance Group Australia","0061G00000GnVpIQAV"
"61845448735","Reseller Bendigo Bank partnership","0061G00000GnVpDQAV"
"61850868877","Subbrand to cobrand migration","0061G00000GnVoyQAF"
"61816203540","Subbrand to cobrand migration","0061G00000GnVotQAF"
"61841428492","PS - Refresh Suspension Report","0061G00000GnUSDQA3"
"61806762905","Avoka: Channel / Sterling Bank and Trust - IAV","0061G00000GnSVQQA3"
"61809398566","3 DDE Resources - 6 months","0061G00000GnQ4vQAF"
"61846841861","RBC Wallet - PrePopulation of RBC Accounts","0061G00000GnISBQA3"
"61848235871","2018 Renewal - 3year","0061G00000GnHNWQA3"
"61849166148","Standard Bank SA API for retail","0063700000HGbuZAAT"
"61849014816","Citi_Cards_IAV CO for Error Message Customizations","0063700000HGTMmAAP"
"61820237196","SOW to migrate data","0063700000HGRquAAH"
"61847001357","PNC Bank Mortgage - Risk Insight POC","0063700000HGO4dAAH"
"61842970510","8x Updgrade","0063700000HGNFBAA5"
"61811713194","Link accounts on behalf of end user","0063700000HG7WUAA1"
"61818995719","Union Bank: RI for Unsecured Line","0063700000HG7LjAAL"
"61819923809","City National Rochdale: Wealth","0063700000HG7JdAAL"
"61851638099","Citi_Retail and Mobile_IAV SOW_Account Funding CO2_ Annual Svc Fee for Instance","0063700000HFwShAAL"
"61806456978","Thrivent - Integration to Future Advisor","0063700000HFwR3AAL"
"61806302785","Moneylabs-","0063700000HFvjuAAD"
"61844051372","Fidelity_Custom Extract for Decommission","0063700000HFuWdAAL"
"61840500318","ReconArt 2018 Renewal","0063700000HFTMSAA5"
"61842354350","Pariti - API Renewal Q3","0063700000HFTLoAAP"
"61852416431","2018 Renewal (3-wk Extension) #2","0063700000HFSmyAAH"
"61806456990","BudgetBakers 2018 Debooking","0063700000HFCKbAAP"
"61814037924","RBC InvestEase CO2 Duration Extension","0063700000HF005AAD"
"61848235874","WO#4 CO - Duration Extension IAV & Agg Phased Launch","0063700000HExgIAAT"
"61845760580","SOW 53 - Datafeed URL change to Datapower","0063700000HExUEAA1"
"61849014815","CO3 - Duration Extension for Wealth Aggregation - SOW 37","0063700000HExDlAAL"
"61841585210","SOW #57 - CSI for PNC:  H1 2019","0063700000HEt6YAAT"
"61815431324","OK2S Implementation","0063700000HEt3lAAD"
"61808309302","RBC Ventures - Phase 2 SubBrands","0063700000HEmCiAAL"
"61808003471","Financial Soundings- AGG","0063700000HA95WAAT"
"61851173696","Etrade SOW #5 PS Maintenace","0063700000H9pCQAAZ"
"61851173653","Zoho Corporation 2018 Renewal Tier 5 Increase","0063700000H9odaAAB"
"61839263373","Boston Financial 2018 Renewal Adjustment","0063700000H9oONAAZ"
"61813733908","Kabbage - Multiple Refreshes","0063700000H9X2qAAF"
"61848235841","Webull Financial LLC-IAV","0063700000H9V9yAAF"
"61807533140","The Neat Company-AGG/PDF","0063700000H9Uv7AAF"
"61813419573","DecisionLogic - Upgrade to 1.1","0063700000H9UTFAA3"
"61845760550","IGG Software Data Migration/Upgrade PS SOW","0063700000H9SkUAAV"
"61839569530","M&T - Opportunity - PS Work for Logo Update","0063700000H9GjIAAV"
"61815273985","MoneyGuidePro - Renewal","0063700000H9GZtAAN"
"61849476219","TIAA_IAV 1.1 Upgrade","0063700000H8s2VAAR"
"61842049291","Amex_Retainer SOW_AUS and CAN Launch Support","0063700000H8PG6AAN"
"61852260521","C1: Auto Finance: SnapShot POC: EQUIFAX","0063700000H8O0QAAV"
"61815743551","Zions Bancorporation-","0063700000H85WKAAZ"
"61816514149","Zions Bancorporation-","0063700000H85WAAAZ"
"61816984500","Bank of America Phase 4 of Single Instance Initiative","0063700000H7ykZAAR"
"61850558116","Avoka - IAV, Idaho Central CU","0063700000H7rFcAAJ"
"61847776306","BB&T U Co-brand Integration with MGP","0063700000H7fuhAAB"
"61817750894","USBank November Release Support","0063700000H7UWLAA3"
"61817906032","Wellness/FinApps","0063700000H7TpLAAV"
"61846530093","GeoWealth Management, LLC-AGG","0063700000H7MCpAAN"
"61843742766","NT Q4 2018 Renewal","0063700000H7HrMAAV"
"61814037869","JPMC_IAV Extension_Aug","0063700000H78fPAAR"
"61807225134","Data Migration SOW","0063700000H7326AAB"
"61842049292","Baird - 360 Wealth Integration to Scivantage Mobile App","0063700000H6yKRAAZ"
"61808309133","Platform Upgrade","0063700000GHsRGAA1"
"61813579338","East West Bancorp, Inc.- IAV for Velo Digital Bank","0063700000GHqlHAAT"
"61840647066","Rize 2019 Agreement","0063700000GHmlAAAT"
"61806302814","SOW #5 Amendment 1 - CFAB Enhancements","0063700000GHQyVAAX"
"61807841556","Frollo 2018 Renewal","0063700000GHCoMAAX"
"61842354480","Wells Fargo - 2018 Renewal","0063700000GHCktAAH"
"61841115036","Charles Schwab:  Debooking Adj","0063700000Gy81cAAB"
"61815431230","BrightPlan - Premium Support Adj","0063700000Gy7N2AAJ"
"61810172843","BrightPlan - Premium Support New","0063700000Gy7M4AAJ"
"61817133494","Santander Bank PFM/TDE","0063700000Gy3LQAAZ"
"61850245137","Capital Good Fund-SnapShot","0063700000GxxzXAAR"
"61842820258","BMO Harris Email Alert Subdomain and SPF Change","0063700000GYgwMAAT"
"61811102519","SOW to migrate data","0063700000GYMKuAAP"
"61816984348","BB&T: Enterprise: IAV","0063700000GY9DXAA1"
"61847001263","Etrade Contract renewal_IAV","0063700000GXu85AAD"
"61815274029","Kabbage - Recover Deregistered Users","0063700000GXqdxAAD"
"61810785720","TekFriday (US) 2018 Renewal","0063700000GXVWGAA5"
"61851494207","HT Mobile Apps-AGG/IAV","0063700000GXVFrAAP"
"61841585436","BMO - Canada - Risk Insight","0063700000GXVAuAAP"
"61813419412","RBC FinFit - Revoking Access Token for RBC Users","0063700000GXQhFAAX"
"61812186691","RBC FinFit Categorization Feature Consulting","0063700000GXQfsAAH"
"61844836645","BAC Account Agg. for Retail Wellness","0063700000GXOm8AAH"
"61841886231","SOW #08 - Upgrade to YSL 1.1 & Hosted FL 3.0","0063700000GXOddAAH"
"61845603244","Vanguard 1 year autorenewal","0063700000GXObVAAX"
"61808771492","API Consulting for Innovation Studio","0063700000GXKOqAAP"
"61848849961","Citi: Asset Transfer","0063700000GXH3eAAH"
"61847001350","Innovation Accelerator:  AI Fincheck & Save for a Goal","0063700000GX8SoAAL"
"61846841764","Us bank-","0063700000GX3ngAAD"
"61840803194","2018 Renewal (3-wk Extension)","0063700000GX3PkAAL"
"61850409905","TIAA_Responsive Upgrade_Duration Extension","0063700000GX2JtAAL"
"61806456998","MDG Amendment 2 (PII, IAV + Transactions)","0063700000GWu5DAAT"
"61840647215","Execupay 2018 Renewal","0063700000GWpjAAAT"
"61809398366","US Bank - Custodial Feeds / LOA","0063700000GWnhjAAD"
"61809243533","FormFree Holdings Corporation (aka Account Chek) 2018 Q2 Renewal","0063700000GWlk6AAD"
"61839263377","T&C Extract File","0063700000GWkaHAAT"
"61816514122","Sequoia Consulting-Agg Debooking","0063700000GWipdAAD"
"61852416353","Sammedia 2018 Renewal","0063700000GWhtnAAD"
"61846841867","Sage - Retroactive Out of Term Renewal","0063700000GWhqFAAT"
"61851790603","FIS - Test Environment & Support Fees - Renewal","0063700000GWhpHAAT"
"61849166180","UBS_PFM Renewal DDT SO#2","0063700000GWhkbAAD"
"61852575784","Liberty Group Limited 2018 Renewal - Trueup","0063700000GWhizAAD"
"61847926631","Personal Capital IAV Q2 2018 Renewal SOW #26 & 23","0063700000GWhdkAAD"
"61816514160","Barclaycard - Lending","0063700000GWf93AAD"
"61813419382","Rabobank: MM - IAV","0063700000GWXe2AAH"
"61811871842","CO2 - Duration Extension for Wealth Aggregation - SOW 37","0063700000GWV1KAAX"
"61813263701","US Bank Wellness Apps Integration to MGP","0063700000GWOtiAAH"
"61846378274","Hadoop Data Extracts","0063700000GWNHWAA5"
"61841733546","TransferWise custom feed","0063700000GW9ZJAA1"
"61820237195","TIAA Bank_PFM Migration from FIS_SOW","0063700000GW91IAAT"
"61850869036","Citi_Cards_IAV CO Duration Extension","0063700000GW8q5AAD"
"61845448710","SunTrust: Omni Digital: IAV","0063700000GW0T3AAL"
"61809082991","WFS - POC API","0063700000GVzI5AAL"
"61817133488","API Consulting for Enterprise Advice team","0063700000GVvKlAAL"
"61841886269","Moneyinfo Enterprise Pricing","0063700000GVmoVAAT"
"61816513961","Fyle - Yodlee APIs","0063700000GVlJhAAL"
"61848235845","Citi_Retail and Mobile_IAV SOW_Account Funding [CO2]","0063700000GVfYGAA1"
"61808155241","Citi_PWM Integ w/MGP_Duration Extension SOW#21","0063700000GVfXcAAL"
"61838949286","UBS_FinApp Integration_CO for Duration Extension","0063700000GVfWjAAL"
"61810938384","UBS_Custom NetWorth FinApp_Annual Maintenance","0063700000GVfUMAA1"
"61851790642","FastLink for Payment of Loans","0063700000GVQmPAAX"
"61816357686","SPS and RPS:  PFM FinApps","0063700000GVQknAAH"
"61846219103","Pariti - 2018 Q3 Renewal","0063700000GVJeSAAX"
"61811411049","Investec Bank 2018 Renewal Q4 2018","0063700000GVJdtAAH"
"61811713310","Investec Bank 2018 Renewal Q3 2018","0063700000GVJdjAAH"
"61811562051","Future Penny 2018 Renewal","0063700000GVJdFAAX"
"61849476205","JPMC_IAV Extension - June","0063700000GVIoNAAX"
"61839874453","BrightPlan - Premium Support","0063700000GV3q9AAD"
"61809548622","Autobooks (Billhighway) IAV 2018","0063700000GV1dXAAT"
"61816514138","RBS API for Testing","0063700000GUpSwAAL"
"61806456919","FIS - SOW #12 - PS Opportunity for IAV for Transfer Agency","0063700000GUlrcAAD"
"61842193812","PS CO - Fastlink Launch","0063700000GUkOfAAL"
"61812805724","PS Consulting (T&M) - Fastlink Implementation","0063700000GUkOHAA1"
"61848235825","Blackbaud 2018 Renewal New Booking","0063700000GUbrmAAD"
"61842193786","CitiGroup SOW #15 PS Renewal 2018","0063700000GUbodAAD"
"61850558023","Sage - Global Framework","0063700000GUbVEAA1"
"61850869037","BAC MSP Requirements & Design Document","0063700000G9ZiWAAV"
"61808309125","Transamerica - SOW#01 - CO01","0063700000G9XxpAAF"
"61843742819","TD Bank - IAV","0063700000G9WmSAAV"
"61840500269","Oath-Agg","0063700000G9GAvAAN"
"61814973605","Charles Schwab:  IAV- PS Cancellation WO #3","0063700000G94krAAB"
"61843132028","Target Corporation 2018 Renewal Fastlink Debooking","0063700000G941jAAB"
"61817906043","SOW 5 - Transaction Description Suppression and/or other scope items","0063700000G8vP4AAJ"
"61844051385","LBG - API Deployment","0063700000G8e09AAB"
"61851337010","Schwab: Retail Analytics","0063700000G8dycAAB"
"61841269308","RBC InvestEase Duration Extension","0063700000G8QPQAA3"
"61814973774","RBC Ventures -Migration of Butter CA Data to Ventures","0063700000G8PktAAF"
"61809082942","Seidr - AGG/IAV","0063700000G8P34AAF"
"61842354356","Schwab – Retail: Risk Insights","0063700000G8P2uAAF"
"61810626969","Synchrony: Risk Insight","0063700000G8NhTAAV"
"61850409904","NT Q3 2018 Renewal","0063700000G8ATXAA3"
"61806763022","RBC-  InvestEase - IAV - SW","0063700000G8AH8AAN"
"61818225518","Union Bank –Retail Financial Wellness","0063700000G88tjAAB"
"61844051332","Alerus:  IAV","0063700000G82A3AAJ"
"61850409992","M&T PFM Aggregation","0063700000G7qTKAAZ"
"61809548602","US Bank FastLink Manual Account Type Changes","0063700000G7nDDAAZ"
"61817286540","RI MAV Report - Release 2","0063700000G7bFaAAJ"
"61818368016","Tradesmith Dedicated Data Engineer (2nd)","0063700000G7ZevAAF"
"61811562015","Tradesmith - Upgrade and Data Migration","0063700000G7Ze2AAF"
"61810627126","RBC My Advisor Data Extracts TIme Stamp Customization","0063700000G7ZWhAAN"
"61806302758","RBC OAuth Duration Extension","0063700000G7ZQjAAN"
"61808615810","USAA - MSA Amendment #07 - Subcontractor Language","0063700000G7VIoAAN"
"61852416385","Oppenheimer Funds - IAV","0063700000G7UNRAA3"
"61817750920","Avoka: Channel / Delta CU - IAV","0063700000G7KfrAAF"
"61811872069","2018 API Renewal","0063700000G7IIDAA3"
"61840180896","PNC Bank - Risk Insight - Unsecured Lending","0063700000G7HYFAA3"
"61838949383","Woolworths FS - API","0063700000G7B6sAAF"
"61808155167","UBS_Custom NetWorth FinApp_SOW","0063700000G7AriAAF"
"61840963500","Global Lending Services-RIS","0063700000G79x9AAB"
"61840963482","Citi IAV / Balance Refresh True-up","0063700000G76DxAAJ"
"61818837136","Thrivent De-Register Users","0063700000G6vH7AAJ"
"61820073502","Sequoia amendment to remove premium support and dedicated engineer","0063700000G6oI4AAJ"
"61838796897","T. Rowe Price -  Aggregation / HSA Accounts","0063700000G6nXDAAZ"
"61810785874","ANZ Wellness Mobile","0063700000G6R8RAAV"
"61808467752","LBG - API Pilot","0063700000G6R4QAAV"
"61819308468","Personal Capital IAV Q1-2018 Renewal SOW #26","0063700000G6IxMAAV"
"61844366228","Goldman Sachs PWM:  Synergies Full Implementation Proposal","0063700000G6G6HAAV"
"61814973748","Personal Capital IAV Q1 2018 Renewal SOW #26 Reclass","0063700000G6Ei2AAF"
"61818534192","Pariti - API Renewal","0063700000G6BtpAAF"
"61845448574","TIAA - Asset Transfer Service","0063700000G65pIAAR"
"61839874434","Manzil-AGG/IAV","0063700000G5oJ6AAJ"
"61811871823","JPMC_IAV Extension - May","0063700000G5dDbAAJ"
"61851493977","FastLink 3.0","0063700000G5cnzAAB"
"61838643993","TDE 2 Opportunity","0063700000G5cn6AAB"
"61815117722","TDE 2 Upgrade","0063700000G5cgoAAB"
"61851494151","Redesign FA Customer Experience for MFP","0063700000G5aUvAAJ"
"61818837110","BOA - OKTS/AI Fincheck","0063700000G5aTJAAZ"
"61810317727","BAC (BOA/ML) Single Instance Initiative","0063700000G5aQoAAJ"
"61851790502","FIS - PS Opportunity - Upgrade for IAV Only to v1.1","0063700000G5ZAtAAN"
"61808155227","T. Rowe Price - Opportunity - Wellness & TDE - DUPLICATE OPPORTUNITY","0063700000G5Z2BAAV"
"61807691348","USAA -Platform and FL Upgrade","0063700000G5Z07AAF"
"61813111046","USAA - PS Opportunity - Platform Upgrade","0063700000G5YziAAF"
"61817133455","Alkami - Opportunity - Wellness Apps","0063700000G5Ya1AAF"
"61815743593","Thrivent - Enterprise Responsive FinApps and TDE","0063700000G5Y6yAAF"
"61839263365","Target - Dual Production Setup","0063700000FoQXpAAN"
"61812492374","Synchrony_GPShopper_Wellness API PoC","0063700000FoOSZAA3"
"61807384194","8x to 10x Application Upgrade","0063700000FoMHiAAN"
"61817286710","PayPal: Balance Refresh","0063700000FoJv7AAF"
"61851336793","CommonBond AGG","0063700000FoDQOAA3"
"61817750957","migration of CapOne accts to etrade","0063700000Fo8IsAAJ"
"61841585416","Regions: Mortgage: SnapShot: EQUIFAX","0063700000Fo884AAB"
"61851494059","UBS - Risk Insight","0063700000Fo7FtAAJ"
"61843742579","Citizens - Risk Insight","0063700000Fo7EgAAJ"
"61843590434","Scotia Bank - Risk Insight","0063700000Fo7CJAAZ"
"61813111050","RBC- Risk Insight","0063700000Fo795AAB"
"61843132047","Citizens Direct Bank - IAV","0063700000Fo6gcAAB"
"61843132069","AI FinCheck","0063700000Fo6SxAAJ"
"61843590460","RealPage: IAV+: Income/Payment Validation","0063700000FnzxQAAR"
"61847622012","USOB Migration","0063700000FnyksAAB"
"61841114999","Booster FInancial Services - Service Agreement","0063700000Fnv3RAAR"
"61844366393","KeyBank - Retail Aggregation _User Migration","0063700000Fnu8eAAB"
"61850558136","Data Extracts","0063700000FnthsAAB"
"61814973864","FIS - PS Opportunity for Dedicated Upgrade (to v12) Assistance","0063700000FndjIAAR"
"61817133394","BudgetBakers 2018 API","0063700000FnaS1AAJ"
"61812332319","Kabbage - 3rd & 4th Dedicated Resources 2018","0063700000FnHF9AAN"
"61809548619","softgiving-agg/iav Debooking","0063700000FnHDXAA3"
"61813111067","United Capital - Synergy Renewal 2018","0063700000FnH7gAAF"
"61818679337","JPMC IAV_2018 Renewal Extension April","0063700000FnH69AAF"
"61838949249","BMO Harris CO#1 to SOW#22 Project Termination","0063700000FnH13AAF"
"61852575638","Northwestern Mutual SOW #1 CO#1 2018","0063700000FnFOaAAN"
"61842503723","Northwestern Mutual SOW #9 2018 Q1 Ext","0063700000FnFMQAA3"
"61849476145","Northwestern Mutual SOW #9 2018 Q1 Renewal","0063700000FnFKmAAN"
"61847621951","Comerica Amendment #6 2018 Renewal","0063700000FnFEvAAN"
"61845920108","moneysoft - 2018 Debooking","0063700000FnBmIAAV"
"61813419534","Personal Capital IAV Q1 2018 Renewal SOW #26","0063700000FnBGcAAN"
"61808003487","Charles Schwab:  IAV- Software","0063700000Fn9YUAAZ"
"61809398417","Goldman Sachs: PWM Wealth Software","0063700000Fn9XlAAJ"
"61811561991","Goldman Sachs PWM:  Synergies Scoping SOW","0063700000Fn9WnAAJ"
"61819611464","New Aggregation Co Brand","0063700000FmuDuAAJ"
"61847466560","CO1 to WO 3 -FL3.0 & Platform 1.1","0063700000FmuC8AAJ"
"61815588965","WO# 4 - Upgrade of existing Aggregation Cobrand FL3.0 & Platform 1.1","0063700000Fmu8fAAB"
"61843590428","BMO Harris Q4 2018 Renewal","0063700000FmoVNAAZ"
"61819308444","Principal Q4 2018 Renewal","0063700000FmoSOAAZ"
"61818995718","Yodlee Analytics","0063700000FmoMFAAZ"
"61842820372","Yodlee Account Verification Matching Service","0063700000FmoJzAAJ"
"61814973850","JPMC IAV_2018 Renewal Extension March","0063700000FmlVXAAZ"
"61810172576","RBC Ventures Multi-Tenant Implementation","0063700000Fml51AAB"
"61816825754","T&M SOW for Replatforming effort","0063700000Fmkj6AAB"
"61840025166","Citi: Banamex","0063700000FmjoVAAR"
"61820381534","Citi: Risk Insight","0063700000FmjoBAAR"
"61851494178","FIS - SOW #1x - PS Opportunity for Bulk Purge of Old IAV Credentials","0063700000FmcdfAAB"
"61806302803","Biz2Credit Canadian Reseller SOW #1 2018","0063700000Fmc1iAAB"
"61841115030","Fintech Pte Renewal 2018","0063700000FmOcLAAV"
"61848545705","UBS_PFM Extension_CO#2 to SO#1","0063700000FmOB7AAN"
"61849476192","USAA - 2020 Renewal via USAA Option","0063700000FmMXjAAN"
"61843742797","Igg Software, LLC 2018 Premium Support","0063700000FmMLWAA3"
"61811410952","E-trade - CO to SOW#4","0063700000FmLnEAAV"
"61839409959","Restaurant365-Agg","0063700000FmJSHAA3"
"61811561893","Synchrony_IAV Implementation_Duration Extension CO","0063700000FmEqwAAF"
"61814663450","Northwestern Mutual 30 Day Extension","0063700000FmEi6AAF"
"61810938383","Citi Banamex","0063700000FmCKJAA3"
"61851337012","FinancialForce-Agg","0063700000FlsJ8AAJ"
"61820073326","2018 Client Portal and MoneyGuidePro Implementation  | SOW #3","0063700000FlongAAB"
"61810627094","UBS_CO#1 to SOW #8_Expansion to Mobile","0063700000FlkhxAAB"
"61842193840","Fidelity_PFM Extension (Jun - Sep)","0063700000Flkh4AAB"
"61848697404","SOW #3 - Post FL Support post 03/26/2018","0063700000FlitJAAR"
"61849627247","Goldman Sachs Risk Insight","0063700000FlhJdAAJ"
"61846687334","Personal Capital IAV Q1 2018 Renewal SOW #23","0063700000FldpJAAR"
"61839410006","JPMC IAV_2018 Renewal Extension Q1","0063700000Fldp4AAB"
"61847466585","PNC SOW #30 Renewal 2018","0063700000FldozAAB"
"61840180895","Baird - Asset Transfer","0063700000FlVmQAAV"
"61818995581","Amex_US Risk Plaform_Migration to 1.1","0063700000FlTuMAAV"
"61852575750","UBS_Advisor Assisted Onboarding","0063700000FlTsBAAV"
"61808155166","UBS_AI FinCheck PoC_Institutional","0063700000FlTknAAF"
"61816674206","UBS_FinApp Integration_ADDTL SCOPE","0063700000FlTimAAF"
"61839874397","Vanguard - upgrade FastLink / Advisor Onboarding","0063700000FlTZuAAN"
"61811102489","FreshBooks - Dedicated Data Engineer - Renewal","0063700000FlTOzAAN"
"61808003601","Xoom US and Canada Co Brand","0063700000FlTGgAAN"
"61851022208","CSI SOW for PNC:  H2 2018","0063700000FlTFEAA3"
"61814663496","Edward Jones - Liabilities & Canadian Aggregation and Advisor Onboarding","0063700000FlTEzAAN"
"61849627194","SOW 4 - Batch Data Feed for Executive Comp, Fraud Enhancements","0063700000FlTDDAA3"
"61806917039","Amendment No 5 to SOW 1","0063700000FlTCoAAN"
"61847001376","Cordium - Container to site Migration (As part of Upgrade)","0063700000FKw0eAAD"
"61819611473","FormFree - Enable PDF Download (PS + Consultancy)","0063700000FKvzlAAD"
"61812492573","Zoho - Dedicated Data Engineer","0063700000FKvSUAA1"
"61813263628","KeyBank - Wealth integration","0063700000FKrDTAA1"
"61817906020","KeyBank - IAV","0063700000FKrBSAA1"
"61840803225","Alkami - AutoRenewal for 07/2018 to 06/2019","0063700000FKqwPAAT"
"61851952792","Edward Jones - IDE","0063700000FKgcIAAT"
"61851952681","Edward Jones - Asset Transfer","0063700000FKgboAAD"
"61807691347","Coast Capital Savings - MM: IAV","0063700000FKecVAAT"
"61843131982","Sammedia New UKDC Platfrom 1.1 & FL3.0","0063700000FKcxzAAD"
"61847926590","RBC-  InvestEase - IAV - PS","0063700000FKa4xAAD"
"61817286675","Amazon Q3 Renewal T4C","0063700000FKXjQAAX"
"61812950396","Amazon Q2 Renewal T4C","0063700000FKXjBAAX"
"61844210272","Amazon Q1 Renewal T4C","0063700000FKXiSAAX"
"61812022699","PFM+ FL Renewal","0063700000FKTNoAAP"
"61849476008","Comerica - Retail access to Comerica Central","0063700000FKSMuAAP"
"61849315930","BB&T OK to Spend","0063700000FKNUEAA5"
"61808155213","Kerr Consulting (Intaact)-Agg","0063700000FKJSoAAP"
"61852260482","CO - Duration Extension for Wealth Aggregation - SOW 37","0063700000FKIokAAH"
"61848850034","NT - platform upg 1.1 (FL/IAV w/TDE2)","0063700000FKGYfAAP"
"61808615802","Creditbility (dba ZINGO Credit)-Agg","0063700000FK9ySAAT"
"61843440022","Biz2Credit Canadian Reseller 2018","0063700000FK8M4AAL"
"61820534805","Dedicated Data Team","0063700000FK0CMAA1"
"61839874437","Kingsleybusiness 2018 Renewal","0063700000FJt1oAAD"
"61850558225","Sequoia Benefits and insurance Services, LLC 2018 Renewal","0063700000FJszMAAT"
"61847001385","My Prosperity Pty Ltd 2017 Renewal","0063700000FJt0FAAT"
"61845448742","ICMA 2018 Renewal","0063700000FJszaAAD"
"61842049304","InfoArmor, Inc 2018 Renewal","0063700000FJszSAAT"
"61841886301","Quickbridge Funding 2017 Renewal Debooking","0063700000FJszGAAT"
"61840336215","Software Assistant 2018 Renewal","0063700000FJt0EAAT"
"61819923750","Britannica 2018 Renewal","0063700000FJt00AAD"
"61819146567","Integrated Rewards 2018 Renewal","0063700000FJsztAAD"
"61818679078","miiCard 2018 Renewal","0063700000FJt0AAAT"
"61816514059","Iplicit 2018 Renewal","0063700000FJt07AAD"
"61814343516","Equifax Consumer Services LLC 2019 Renewal","0063700000FJszAAAT"
"61812332440","Rapid Capital Finance, LLC 2018 Renewal","0063700000FJszUAAT"
"61811871822","Brightplan LLC 2018 Renewal","0063700000FJszTAAT"
"61810785930","CircleBlack, Inc 2018 Renewal","0063700000FJszqAAD"
"61809707588","Qualia Labs 2018 Renewal","0063700000FJszfAAD"
"61809083041","True Potential LLC 2018 Renewal","0063700000FJt0DAAT"
"61851336779","Cha-Ching 2018 Renewal","0063700000FJsunAAD"
"61850869270","LulaLend 2018 Renewal","0063700000FJsw7AAD"
"61850558218","Nyhart Consulting, LLC 2018 Renewal","0063700000FJsxhAAD"
"61850409861","Odoo SA 2018 Renewal","0063700000FJsx1AAD"
"61849787664","myERP / Inventime (One Up) 2018 Renewal","0063700000FJsuxAAD"
"61849315891","Accounting Seed 2018 Renewal","0063700000FJsxjAAD"
"61847926640","Microsoft Development Center 2018 Renewal","0063700000FJsvNAAT"
"61847776329","Buildium 2018 Renewal","0063700000FJsxtAAD"
"61847466531","TransferWise 2018 Renewal","0063700000FJsvQAAT"
"61847001178","MoneySoft Limited 2018 Renewal","0063700000FJswMAAT"
"61846378247","Liberty Group Limited 2018 Renewal","0063700000FJsvPAAT"
"61845920058","SAVVI Financial LLC (fka Dynamic Ideas Financial LLC) 2018 Renewal","0063700000FJswsAAD"
"61845603160","LifeLock, Inc. 2018 Renewal","0063700000FJswRAAT"
"61845448571","Tradesmith LLC 2018 Renewal","0063700000FJsvAAAT"
"61844670552","LessEverything, Inc. 2018 Renewal","0063700000FJsweAAD"
"61844210238","HedgeOp Compliance, (aka Cordium) 2018 Renewal","0063700000FJswLAAT"
"61844210230","WealthTrace 2018 Renewal","0063700000FJsvnAAD"
"61843590450","Tiller / Maclean Industries LLC 2018 Renewal","0063700000FJsxgAAD"
"61843288896","Autobooks (dba Billhighway) 2018 Renewal","0063700000FJswNAAT"
"61842820423","TekFriday Processing Solutions Pvt. Ltd. (India) 2018 Renewal","0063700000FJswTAAT"
"61842354471","Target Corporation 2018 Renewal","0063700000FJsvkAAD"
"61842193785","Capitect, Inc. 2018 Renewal","0063700000FJsvcAAD"
"61842049381","Acorns Grow - AUS 2018 Renewal","0063700000FJswBAAT"
"61840336208","Biz2Credit 2018 Renewal","0063700000FJsxmAAD"
"61840180904","Simply Studio (17hats.com) 2018 Renewal","0063700000FJsuuAAD"
"61839725354","Buxfer 2018 Renewal","0063700000FJswtAAD"
"61839569789","Paychex, Inc. (SamePage Solutions) 2018 Renewal","0063700000FJsxsAAD"
"61818837301","Investec Bank 2018 Renewal Q2 2018","0063700000FJsvXAAT"
"61818368033","PocketSmith, Inc 2018 Renewal","0063700000FJsvUAAT"
"61817750904","Xero Limited 2018 Renewal","0063700000FJsvzAAD"
"61817133418","Midawi Holdings Inc (Doughmain) 2018 Renewal","0063700000FJsveAAD"
"61816514169","Owl Finance 2018 Renewal","0063700000FJswrAAD"
"61816046495","FormFree Holdings Corporation (aka Account Chek) 2018 Renewal","0063700000FJsusAAD"
"61815431349","SpringAhead (Virtual Software, Inc.) (Tallie) 2018 Renewal","0063700000FJsw5AAD"
"61814973842","Transamerica / Diversified (DBA Money Services) 2018 Renewal","0063700000FJswkAAD"
"61814813256","Data Trends Australia Pty Ltd - (CreditSense) 2018 Renewal","0063700000FJswJAAT"
"61814663481","Right Capital LLC 2018 Renewal","0063700000FJsvTAAT"
"61814343539","SVX Holdings Pty Ltd / SVX Group 2018 Renewal","0063700000FJswcAAD"
"61814037867","Elderscan (doing business as Eversafe) 2018 Renewal","0063700000FJsvLAAT"
"61814037866","Concur Technologies, Inc. 2018 Renewal","0063700000FJsuwAAD"
"61813419413","1st Merchant Funding 2018 Renewal","0063700000FJswSAAT"
"61811712950","National Funding 2018 Renewal","0063700000FJsvxAAD"
"61810785719","Saasu Pty Ltd 2018 Renewal","0063700000FJsuvAAD"
"61810478493","22seven 2018 Renewal","0063700000FJsv2AAD"
"61810317709","Zoho Corporation 2018 Renewal","0063700000FJswfAAD"
"61810008197","Stock Rover 2018 Renewal","0063700000FJsx6AAD"
"61808925270","Financial Symmetry 2018 Renewal","0063700000FJsxNAAT"
"61808615778","Igg Software, LLC 2018 Renewal","0063700000FJsvaAAD"
"61808467772","QuickFile Accounting Software 2018 Renewal","0063700000FJswyAAD"
"61808003604","Boston Financial 2018 Renewal","0063700000FJswVAAT"
"61808003457","Nexonia Inc. 2018 Renewal","0063700000FJsvJAAT"
"61807691578","Yellow Labs Software (Accounting Suite) 2018 Renewal","0063700000FJsv4AAD"
"61807384210","Blackbaud 2018 Renewal","0063700000FJsvyAAD"
"61807384173","Intelliflo 2018 Renewal","0063700000FJsx0AAD"
"61807225183","Jetson Systems 2018 Renewal","0063700000FJsviAAD"
"61807225133","Reckon Limited 2018 Renewal","0063700000FJsv5AAD"
"61806302765","HubSolv Limited 2018 Renewal","0063700000FJsvgAAD"
"61846064932","Charles Schwab- Stockplan Svcs- Wellness FinApps","0063700000FJs0xAAD"
"61846841906","API Software Licence","0063700000FJomCAAT"
"61810172684","Pershing - Enable Spanish Translation to Fastlink","0063700000FJk5nAAD"
"61808003413","extended PS support of the DMA/UBVP","0063700000FJk2PAAT"
"61809548634","SpotMe Lending-Agg/IAV","0063700000FJeSkAAL"
"61810938253","SOW# 12:  1849/Wealth Agg & FinApps on ENV Client Portal","0063700000FJdgIAAT"
"61839725400","Alkami-Channel: TDE (platform), IAV","0063700000FJddOAAT"
"61811562012","Object Map Service Agrement","0063700000FJamrAAD"
"61808771507","Option Trading Coach - AGG","0063700000FJZyRAAX"
"61841115137","Synchrony: Risk Insight POC","0063700000FJTrtAAH"
"61844366373","UBS_Test Data Enhancement_Full Prod Load_SOW","0063700000FJMG8AAP"
"61820073393","Goldman 2018 Renewal","0063700000FJIWFAA5"
"61819763745","Capital One: SMB: Risk Insight Pilot","0063700000FJH6YAAX"
"61819146312","Sammedia UK & US Stage FL Enablement","0063700000FJGSuAAP"
"61806302766","IT Works Group Consulting-","0063700000FJD5JAAX"
"61848545656","Possible Finance Inc-Agg/IAV","0063700000FJD4kAAH"
"61843132066","HelloWallet - 2018 Extension","0063700000FJ9PDAA1"
"61840336170","Northwestern Mutual 2 Year Renewal","0063700000FJ9BNAA1"
"61819763630","Vanguard SOW#2 Annual AutoRenewal","0063700000FJ8wwAAD"
"61841585411","JPMC_IAV Renewal (w/MSA Update)","0063700000FJ8t9AAD"
"61816825765","RBC - API Data Extracts (FinFit)","0063700000FJ4J2AAL"
"61811562077","Fingage-Agg","0063700000FJ3I5AAL"
"61850558130","DST Retirement Solutions LLC-AGG","0063700000FJ0bSAAT"
"61816674130","Baird - Advisor Managed Custom Accounts","0063700000FIxhmAAD"
"61852575628","PayPal- Global Data for Open Banking","0063700000FIrFAAA1"
"61815117895","US Bank Retail - IAV","0063700000FIoMYAA1"
"61840180920","GRP Funding-","0063700000FIPYIAA5"
"61838949294","MiiCard US Cobrand 10011952 YCC Set Up","0063700000FIMvjAAH"
"61812950433","Amex_AUS Implementation_PII","0063700000FILv0AAH"
"61840336195","ACI - platform upgrade, finapps/Fincheck, IAV","0063700000FIKkQAAX"
"61848697383","Staging environment setup","0063700000FII9bAAH"
"61817449499","Lumin - Channell Agg - Wellness TDE","0063700000FIHI9AAP"
"61841733558","NT Q2 2018 Renewal","0063700000FIDSuAAP"
"61851952676","NT Q1 2018 Renewal","0063700000FIDRDAA5"
"61818367878","RBC Duration Extension for Alpha Bank - CO4 to SOW 24","0063700000FI3qMAAT"
"61807691615","MM: Tyfone - agg","0063700000FHyNAAA1"
"61847466598","Advisor Innovation Labs: Production","0063700000FHyLTAA1"
"61847148563","FIS - Amendment #4 - Run Out Period for Citizens Bank","0063700000FHwVfAAL"
"61814813214","FIS - Contract (Auto)Renewal - 01/05/2018 to 01/04/2019","0063700000FHvVsAAL"
"61814194533","Risk Insights - product customization","0063700000FHqeeAAD"
"61810938219","ETrade_IAV checkbookless flow SOW","0063700000FHqdMAAT"
"61848545809","2017 Renewal","0063700000FHnYzAAL"
"61818534002","Fidelity PFM_Debooking Q4 2017","0063700000FHnVlAAL"
"61816984662","2017 Renewal","0063700000FHnKGAA1"
"61852260409","UBS_Supply Order #4 Renewal","0063700000FHnIoAAL"
"61850245169","Equifax Renewal 2017","0063700000FHnGxAAL"
"61810317714","JPMC IAV_2017 Renewal Extension","0063700000FHnCOAA1"
"61841269112","American Century - Private Securities Classification","0063700000FHmdZAAT"
"61846530140","Principal: Wellness FinApps","0063700000FHm0nAAD"
"61812186656","M&T 2018 Renewal","0063700000FHlxzAAD"
"61842354483","UBS_PFM Renewal","0063700000FHlvaAAD"
"61807384147","Accounting Seed December 2017 Renewal","0063700000FHlbSAAT"
"61849014824","Nyhart Renewal December 2017","0063700000FHlajAAD"
"61844836721","Integrated Rewards Inc (Paymi) Renewal December 2017","0063700000FHlYiAAL"
"61843590468","CitiGroup Q4 2017 Renewal","0063700000FHgKUAA1"
"61820381468","Lending Software - 2018 Renewal","0063700000FHgHbAAL"
"61843288976","Amex: Bank Validation RFP","0063700000FHfmpAAD"
"61840963425","Biz2Credit 2017 Renewal","0063700000FHeYNAA1"
"61806763015","RBC PFM Renewal of Perpetual License","0063700000FHYCQAA5"
"61816984650","Octane Lending-RIS","0063700000FHVXzAAP"
"61844981777","RBC - OAuth for Alpha Bank Duration Extension CO1 to SOW 27","0063700000FHPApAAP"
"61807532915","Buildium IAV 2018","0063700000FHFzFAAX"
"61811102599","CSI SOW for PNC:  Feb, April & June Releases","0063700000FHFy2AAH"
"61818225532","PayPal - Renewal 2018 (11th Term)","0063700000FHFueAAH"
"61817449370","Wells Fargo - SOW #13","0063700000FHFSsAAP"
"61846378139","Paychex Upgrade 2019","0063700000FHF7jAAH"
"61820073500","USAA - 2 Year Renewal - 2018 & 2019 - USAA Option for 2020","0063700000FHEneAAH"
"61848697385","Ally: Enterprise: DAAS","0063700000FHCUfAAP"
"61812805695","USAA: Enterprise: DAAS","0063700000FHCR7AAP"
"61809082941","BB&T: Enterprise: DAAS","0063700000FHCPaAAP"
"61838949236","BB&T Platform and FL Upgrade","0063700000FH7IlAAL"
"61811411077","Synchrony: Platform v1.1","0063700000EnccMAAR"
"61840803206","Citi: Jemstep Integration","0063700000EnZQZAA3"
"61849166167","PNC Bank Mortgage - Risk Insight","0063700000EnWQsAAN"
"61842049153","Silicon Valley Bank – DaaS","0063700000EnW2iAAF"
"61844836789","Union Bank – DaaS","0063700000EnW0rAAF"
"61846687232","City National Bank – DaaS","0063700000EnVz5AAF"
"61817286672","2017 Renewal True-up","0063700000EnRFsAAN"
"61810172851","Apex Clearing - AGG, IAV, PFM","0063700000EnP1cAAF"
"61809548633","Veryfi/IQBoxy, Inc. - Incubator Cohort 4","0063700000EnMh0AAF"
"61846064975","Wealth Access: Mid Market - Agg SDK","0063700000EnLO0AAN"
"61846219071","TD Bank - TDE - Retail SW","0063700000EnIXIAA3"
"61820534804","Goldman Sachs - TDE Retail Banking","0063700000EnIX3AAN"
"61840336053","KMD Partners LLC-RIS","0063700000EnDITAA3"
"61808155184","US Bank - Test Data","0063700000EnBXcAAN"
"61847776333","Fifth Third - IAV","0063700000EnAzVAAV"
"61810938285","Synergy: Alerus aggregation","0063700000En8OHAAZ"
"61820534796","Synergy: American Century analystics","0063700000En8MzAAJ"
"61851637944","JPMC_IAV EOL Fees 2019","0063700000En0OjAAJ"
"61844525461","Oak Street Funding-AGG / IAV","0063700000EmzpuAAB"
"61850097743","USAA: Enterprise: IAV","0063700000EmzOEAAZ"
"61811713303","USAA: Enterprise: Batch IAV (Phase I)","0063700000EmzMXAAZ"
"61845448718","CO2 to SOW 39 - Duration Extension Change Order","0063700000EmhaqAAB"
"61817603628","Cetera - SOW #2 MGP and Extension","0063700000EmezfAAB"
"61849627058","Citi FinTech_Canvas 2018 Environment Fees _Maint and Support","0063700000EmdVWAAZ"
"61814813328","TIAA_Test and Learn _Environment Annual Support/Maint Fees","0063700000EmdSIAAZ"
"61815274001","TIAA_Debt EQ Application_SOW","0063700000EmdRtAAJ"
"61843590433","Amazon: IAV for Amazon.com","0063700000EmULmAAN"
"61843131981","FIS - AutoRenewal - 01/05/2019 to 01/04/2020","0063700000EmTarAAF"
"61849014668","FIS - PS Opportunity for IAV for Citizens Bank","0063700000EmTYpAAN"
"61809398552","FIS - PS Opportunity for IAV for Barclays US","0063700000EmTYQAA3"
"61840803171","Enova - RI P.S.","0063700000EmTTkAAN"
"61809398538","MoneyEdgePro-Agg","0063700000EmQW4AAN"
"61819611453","Charles Schwab:  Retail- Asset Transfer","0063700000EmOntAAF"
"61810938235","Advisor Innovation Labs: SOW for Stage","0063700000EmIhgAAF"
"61808309132","PayPal - Xoom","0063700000EmGe8AAF"
"61807691264","PayPal - Migration to SDG","0063700000EmGdPAAV"
"61852260448","LifeLock - 1H2018 PS - DDT","0063700000EmGK1AAN"
"61846841866","Sage - New UI UKDC for All Sage Products","0063700000EmFOyAAN"
"61842049208","Hello Wallet Deployment 2017","0063700000EmDUhAAN"
"61809243663","Boston Financial - New Deployments","0063700000EmDS4AAN"
"61842193820","Charles Schwab: Asset Transfer","0063700000EmC82AAF"
"61840180914","US Bank - Test Data","0063700000EmC4jAAF"
"61819923716","Tiller-Agg","0063700000Em3uRAAR"
"61841886299","Mortgage House_Aggregation API","0063700000Em0UhAAJ"
"61852416404","Engage Holdings - Service Agreement","0063700000ElwzDAAR"
"61807384137","Cornerstone Home Lending, Inc.- MAV P.S.- Hosted Phase I","0063700000ElwqUAAR"
"61816046476","RealPage - RiskInsight P.S.","0063700000ElNb9AAF"
"61815588936","Thrivent - Dedicated Data Team","0063700000ElBTXAA3"
"61812332423","TIAA_PFM Deregister Inactive Users","0063700000El82VAAR"
"61842664001","John Hancock - Aggregation -PS","0063700000El73fAAB"
"61838643864","Schedule 3 - Dedicated Data Team","0063700000El6abAAB"
"61851022221","FIS - PS Opportunity for Online Challenge Deposits for State Bank of India","0063700000El2zFAAR"
"61816357749","Fifth Third: Retail: TDE on held data","0063700000El2UgAAJ"
"61844670595","Citi FinTech_CO1 to SOW#17 for FinTech","0063700000El07FAAR"
"61807533115","Citi FinTech_SOW for Lumiere (Mobile Agg)","0063700000El06QAAR"
"61840336157","Owl Finance Upgrade (SOAP to YSL) & Migration 2017","0063700000Ekzp0AAB"
"61840025136","SOW #2","0063700000EkzhzAAB"
"61840180875","Risk Insights Data Study Proposal","0063700000EkvBUAAZ"
"61815117701","Biz2Credit 2017 Renewal","0063700000EkkNDAAZ"
"61850245260","Equifax-PS","0063700000EkazbAAB"
"61816514148","Quickfile Renewal","0063700000EkVbEAAV"
"61809243511","Standard Bank Adjustment to PS","0063700000EkSOHAA3"
"61807533139","OneMain - FL 2.0 (New Theme) Upgrade","0063700000EkSLrAAN"
"61846687294","Fintech Pte Renewal 2017","0063700000EkS4XAAV"
"61852416429","Personal Capital - Dedicated Data Team","0063700000EkRPkAAN"
"61818995757","Avoka - IAV - Flagstar","0063700000EkRNFAA3"
"61811102500","RBC - SOW #27 OAuth for Alpha Bank","0063700000EkFynAAF"
"61810317694","John Hancock - Aggregation","0063700000EkBzuAAF"
"61815892608","Reneawl PS 2017","0063700000Ek3GjAAJ"
"61844981635","Tamarace Oppty Now:  Private Banking - Aggregation and Performance Reporting","0063700000Ek25jAAB"
"61813886501","Intelligent ACH 2017 Debooking","0063700000Ek0SrAAJ"
"61814343528","Standard Bank Adjustment to PS","0063700000Ek0QBAAZ"
"61848545700","Northwestern PS Maintenance 2017 Renewal","0063700000Ek0NlAAJ"
"61814504044","Purchasing Power-","0063700000Ek0N7AAJ"
"61848697362","Target - PS Adjustment 2017","0063700000Ek0MdAAJ"
"61844051370","Target - PS Adjustment 2017","0063700000Ek0MOAAZ"
"61816357769","Hello Wallet 2017 Adjustment Booking","0063700000Ek0LBAAZ"
"61806607234","Amazon Q4 Renewal T4C","0063700000EjzlNAAR"
"61815892607","FormFree - Agg Extension","0063700000EjzebAAB"
"61818679217","Wintrust Mortgage-","0063700000Ejo4cAAB"
"61816203674","LifeLock - PS SDE Push","0063700000EjlTrAAJ"
"61807691333","Baird Advisor Assisted Onboarding and Manual Accounts","0063700000EjinuAAB"
"61817750918","Common Bond - AGG","0063700000Ejh3bAAB"
"61838949291","Citi: Citi MGP Software","0063700000EjdKNAAZ"
"61820381475","Citi: Debt Reduction App Software","0063700000EjdJZAAZ"
"61851022241","BAC: Risk Insights: Digital Mortgage App and Document Management","0063700000EYQTfAAP"
"61812022684","Iplicit Renewal","0063700000EYMHnAAP"
"61808467723","Stand Alone Savings SOW# 51","0063700000EYHjwAAH"
"61813886522","Signature Card Removal","0063700000EYHjmAAH"
"61851952680","Horizon Investments-AGG","0063700000EYCrwAAH"
"61840180887","Stock Rover 2017 Renewal","0063700000EXxvDAAT"
"61815431266","PNC SOW#11 PS Renewal - Maintenance","0063700000EXxMXAA1"
"61809243649","Dedicated Data Team - Wealth","0063700000EXwCqAAL"
"61851173644","SOW #49 FastLink IAV FT Upgrade for OAO","0063700000EXwBEAA1"
"61818837154","M&T Alerts Update","0063700000EXvubAAD"
"61846841938","RBC- Wealth Management - PS","0063700000EXuvkAAD"
"61847466371","Frollo 2017 Renewal","0063700000EXukGAAT"
"61844210289","ReconArt 2017 Renewal","0063700000EXtzOAAT"
"61816357685","MUFG Union Bank- SMB Agg & FinApps","0063700000EXn84AAD"
"61842354545","RBC - My Advisor Data Extracts","0063700000EXmwaAAD"
"61806302782","Citi_Credit Card Debt Redux MVP_Test Data Extract SOW","0063700000EXmLxAAL"
"61814343538","Baird -Secondary Classification Processing for Unclassified Securities","0063700000EXj6zAAD"
"61810172849","Additional Security Data & Duration Extension","0063700000EXiJDAA1"
"61846064956","BMO Harris OLB/Mobile Redesign Production Roll Out Support","0063700000EXhfAAAT"
"61851336778","BMO Harris OLB/Mobile Redesign - Two Way SSL for Data Feed","0063700000EXhY3AAL"
"61850409855","LifeLock - 1H2018 Renewal","0063700000EXe5WAAT"
"61850245147","Progressive Refresh Enablement Prod","0063700000EXR8eAAH"
"61819611456","BMO Harris CO#1 to SOW#22 Project Duration Ext.","0063700000EXOnjAAH"
"61815588886","IGG Software Premium Support","0063700000EXI6VAAX"
"61812022710","Sage - New UI for All Sage Products","0063700000EXFPeAAP"
"61839409985","Sammedia UKDC Production","0063700000EXACaAAP"
"61851494165","Buxfer-Agg","0063700000EFsGLAA1"
"61848697415","NT - Billing Report","0063700000EFmcZAAT"
"61844525497","Progressive Refresh Enablement","0063700000EFjMxAAL"
"61843742804","Citi: Digital-Debt Reduction App","0063700000EFfdGAAT"
"61812186719","CIT: Debt Reduction App","0063700000EFfWtAAL"
"61813263709","SourceFunding.org","0063700000EFbjjAAD"
"61811713283","KeyBank - Retail Aggregation New Cobrand","0063700000EFZGvAAP"
"61847466543","KeyBank - Retail Aggregation","0063700000EFZGqAAP"
"61813419561","Wall Street Funding","0063700000EFXQaAAP"
"61816674354","PayPal - FastLink Australia","0063700000EFHv0AAH"
"61849316003","Aero Payments-","0063700000EFEcrAAH"
"61808309292","Amendment No 4 to SOW 1","0063700000EF1SnAAL"
"61844525382","MCC for Transactions - SOW 48","0063700000EF1A9AAL"
"61806762884","ICMA-RC P.S.","0063700000EEwfmAAD"
"61819611475","Pariti TDE","0063700000EEv8qAAD"
"61807384208","Amex_Credit Lending_Enhanced FastLink Page Tagging","0063700000EEr4oAAD"
"61810317726","Citi: IAV PS","0063700000EElexAAD"
"61816514114","BudgetBaker - Debooking","0063700000EEflGAAT"
"61807225204","Renewal Extension 3, SOW #58 PS Renewal","0063700000EEfccAAD"
"61850558070","Data Trends 2017 Renewal Adjustment (Debooking)","0063700000EEfYjAAL"
"61820381447","CIT: IAV","0063700000EEeSiAAL"
"61812805710","2016 Q3 Renewal","0063700000EEdw3AAD"
"61844670513","Lifelock - PS FastLink","0063700000EESRFAA5"
"61816825719","Vanguard: Asset Transfer Service","0063700000EES5VAAX"
"61851494173","Interactive Brokers - IAV - SW","0063700000EERNSAA5"
"61843895610","Goldman Sachs Select - IAV - SW","0063700000EERLWAA5"
"61812805689","Goldman Sachs Select - IAV - PS","0063700000EERKYAA5"
"61812805709","Interactive Brokers - IAV - PS","0063700000EER4xAAH"
"61818995572","ZipBooks-Agg","0063700000EEPlPAAX"
"61807691532","Q3 Aggregation Pilot","0063700000EEPQnAAP"
"61848235690","BosLeo Technology Private Limited-","0063700000EEOsbAAH"
"61844525445","BMO Harris Credit Card Data Feed","0063700000EEO3mAAH"
"61810008142","Reckon - renewal 2017","0063700000EELM1AAP"
"61850097719","EZ Investing-","0063700000EEJvWAAX"
"61848849959","Thomson Reuters-PS","0063700000EEGGpAAP"
"61813419571","CIT: IAV PS","0063700000EEB0GAAX"
"61816513944","M&T PFM Aggregation -PS","0063700000EEAmdAAH"
"61815743600","M&T PFM Aggregation-SW","0063700000EEAmJAAX"
"61842193784","American Century - Change Order 1","0063700000EEADMAA5"
"61809398404","Cetera - Change Order #1","0063700000EEACnAAP"
"61847776295","Joint Student Application - SOW 47","0063700000EEA0aAAH"
"61816674195","Multi HSM - SOW 46","0063700000EE9t9AAD"
"61808615790","GE Capital Yodlee data","0063700000EE9LJAA1"
"61812805753","Webster Bank: Aggregation PS","0063700000ED5m1AAD"
"61842049380","Morgan Stanley: MAV PS","0063700000ED5isAAD"
"61814504009","Pershing: Aggregation & Analytics RFP PS","0063700000ED5i4AAD"
"61813111056","Morgan Stanley: Performance Calc. PS","0063700000ED5hGAAT"
"61847621939","Pershing: Asset Transfer PS","0063700000ED5gMAAT"
"61814037888","Huntington - PS for Risk/Insight - Asset Verification","0063700000ED2QSAA1"
"61814973835","Huntington: Retail/SMB: PS for Aggregation","0063700000ED2PAAA1"
"61816357731","RealPage - RiskInsight","0063700000ECu1UAAT"
"61812950370","CO1 to SOW 39","0063700000ECtVDAA1"
"61839410219","RBC SOW 26 - Alpha Bank - Revision to Test Data Set","0063700000ECrPDAA1"
"61846064974","Sears Holding - pilot AGG","0063700000ECnzCAAT"
"61814813299","Citi: Citi Wealth-MGP Integration","0063700000EClXOAA1"
"61814663431","CIT: Risk Insight Software","0063700000EClHeAAL"
"61810785695","Target - IAV Upgrade w/ FL 3.0","0063700000ECkyMAAT"
"61850868994","Biz2Credit Reseller & Channel/Cobrand 2017","0063700000ECkutAAD"
"61815117712","Test Data","0063700000ECkptAAD"
"61844836707","Owl Finance IAV 2017","0063700000ECkTIAA1"
"61842664042","City National Bank- Wealth","0063700000ECfz7AAD"
"61849315907","Fastlink REST API Consulting","0063700000ECe9BAAT"
"61814973619","Fastlink REST API Set-up","0063700000ECe8AAAT"
"61839097394","Principal Duration Extension","0063700000ECcmrAAD"
"61816514136","TIAA_Domain Name Change_PS Oppty","0063700000ECcKIAA1"
"61851336769","Morgan Stanley: Wealth Management: Perf. Calc.","0063700000ECbywAAD"
"61846378162","CO#1 to SOW#39 Duration Extension","0063700000ECbKwAAL"
"61845920001","Standard Bank","0063700000ECZu1AAH"
"61851493960","Morgan Stanley: Wheelhouse","0063700000ECSPTAA5"
"61808615749","Denizen/BBVA","0063700000ECF37AAH"
"61812332416","Zoho - Premium Support","0063700000EBAQbAAP"
"61852575762","Transamerica - FL4 Upgrade","0063700000E7mkdAAB"
"61806607245","Transamerica - YSL & FastLink","0063700000E7lswAAB"
"61808003426","Equifax - v1.1/AGG & FL on new envt","0063700000E7i4AAAR"
"61813733918","Webster Bank: Aggregation Software","0063700000E5pKWAAZ"
"61842820387","Citi: Risk Insight","0063700000E5YBQAA3"
"61818995622","Citi: Citi Salesforce Software","0063700000E5TozAAF"
"61813733763","Pershing: Asset Transfer Software","0063700000E5ToBAAV"
"61849476015","Morgan Stanley: Risk Insight Solution","0063700000E5Pt4AAF"
"61838949235","Banking Up Auto Renewal 2017","0063700000DhQ6pAAF"
"61850558069","Cha-Ching Debooking 2017","0063700000DhNNtAAN"
"61849014712","Goldman Sachs - SOW #1","0063700000DhDByAAN"
"61848545655","Kabbage - FastLink Customization","0063700000Dgpr5AAB"
"61844981793","Sole Prop OAO Amendment No 19","0063700000DgPnQAAV"
"61847311777","Sole Prop OAO - SOW 45","0063700000DgNIxAAN"
"61850558022","UBS_CO#1 to T&M SOW#5: SigFig Duration Extension","0063700000Dg308AAB"
"61845919922","CO#2 to SOW#23 Debooking","0063700000DfuTOAAZ"
"61808467636","Baird - Google Analytics Page Tagging","0063700000DfrF5AAJ"
"61847466403","Billy's Billing (BillyApp)-Agg","0063700000DfkWGAAZ"
"61809243544","RBC - Alpha Bank/Personetics Data Sync Solution","0063700000Dfcj5AAB"
"61846841886","BMO Harris Account Verification APIs for Project Bloom (Cache)","0063700000DfcaoAAB"
"61818534173","TIAA_Brokerage Statements_Custom PS Engagement","0063700000DfcH1AAJ"
"61838796857","Discover: Student Lending: Risk Insight","0063700000DfMIwAAN"
"61818995601","Discover - Default Card","0063700000DfMIZAA3"
"61839725346","Chase: Risk Insights- PS","0063700000DeUymAAF"
"61810938241","LifeLock - UK expansion","0063700000DeTyeAAF"
"61818679059","Cash Flow Connect Holdings-Agg","0063700000DF8T7AAL"
"61815743515","SOW #44 NAS EWS Phase 2","0063700000DF5DBAA1"
"61810008202","Advisor Assisted Onboarding","0063700000DF578AAD"
"61847148595","Concur SOW #1 - PS Upgrade 2017 (Change Order)","0063700000DF56KAAT"
"61839874379","CO#9 - Dutation extension - July","0063700000DEwVBAA1"
"61820534865","Amex_India Risk_CO for Duration Extension","0063700000DEs4PAAT"
"61817906031","AssetMark Aggregation: PS","0063700000DEdLJAA1"
"61819923803","PayPal: Wellness- PS","0063700000DEdKzAAL"
"61812022675","Chase- Wealth- PS","0063700000DEdKfAAL"
"61808309177","RBC CO 3 to SOW 24 - Alpha Bank UI Changes","0063700000DEaQgAAL"
"61846064922","Amex_API Performance Enhancements_OPTION 2","0063700000DEZz1AAH"
"61838796856","Amex_API Performance Enhancements_OPTION 1","0063700000DEZyDAAX"
"61849166179","BNY: RFP","0063700000DEX3tAAH"
"61839569758","Charles Schwab:  IAV- Software","0063700000DEWjGAAX"
"61839874430","Chase TDE- PS","0063700000DEWihAAH"
"61841585410","Yodlee data","0063700000DETtCAAX"
"61848076701","2017 Renewal Debooking","0063700000DEQkzAAH"
"61808925276","Countabout - Debooking","0063700000DEQhlAAH"
"61842354544","ICMA-RC AGG","0063700000DEJinAAH"
"61843131833","Goldman Sachs - PS SOW #2","0063700000DE9xyAAD"
"61818679098","2017 Renewal","0063700000DE2XWAA1"
"61817449509","Reseller Partner Renewal","0063700000DE17PAAT"
"61841428374","Huntington -  Risk/Insight - Asset Verification","0063700000DE12OAAT"
"61806456988","Xero - 2017 Renewal (1 year)","0063700000DDw3xAAD"
"61814973855","Goldman Sachs - Back Button SOW","0063700000DDuDcAAL"
"61851493959","US Bank - SOW for Unmasked Account Numbers","0063700000DDatuAAD"
"61839097449","Baird - Advisor View for Wealth Center Apps","0063700000DDRxOAAX"
"61811872068","MLC 2017 Renewal","0063700000DDPTeAAP"
"61811713302","2017 Renewal","0063700000DD9CmAAL"
"61813111058","BrightPlan - 2017 Renewal","0063700000DD9BZAA1"
"61840336177","2017 Renewal","0063700000DD91MAAT"
"61848545610","MiiCard Amendment - New Booking UKDC","0063700000DD5apAAD"
"61808925241","FormFree 2017 Renewal May","0063700000DD4c8AAD"
"61849787816","BQE Software Inc-Agg","0063700000DD4IgAAL"
"61815431212","Northwestern SOW Q4 2017 Renewal","0063700000DCwSXAA1"
"61852575752","BPAA Renewal 2017","0063700000DCwB1AAL"
"61843132024","SOW#34 PS Renewal Q4 2017","0063700000DCw8vAAD"
"61814037928","SVX - 2017 Renewal","0063700000DCugcAAD"
"61806607239","moneysoft - Renewal","0063700000DCufPAAT"
"61850710924","Liberty Financial - API","0063700000DCuevAAD"
"61841585232","Data Trends 2017 Renewal","0063700000DCueRAAT"
"61809548710","Acorns Grow 2017 Renewal","0063700000DCueMAAT"
"61809398331","2017 Renewal","0063700000DCudJAAT"
"61811871837","True Potential 2017 Renewal","0063700000DCubrAAD"
"61839725385","2017 Renewal","0063700000DCuaFAAT"
"61847621934","2017 Renewal","0063700000DCuZRAA1"
"61817133569","Future Penny 2017 Renewal","0063700000DCuZ7AAL"
"61808925260","Renewal - 2 year","0063700000DCqwiAAD"
"61840336168","2017 Q4 Renewal","0063700000DCpUcAAL"
"61847622165","2017 Q3 Renewal","0063700000DCpV0AAL"
"61814194556","2017 Q2 Renewal","0063700000DCpTlAAL"
"61841733496","Intelliflo - Renewal 2017","0063700000DCpSdAAL"
"61817603600","Discover Financial - Credit (Duplicate Oppty)","0063700000DCpATAA1"
"61848849928","T. Rowe Price - Renewal 2017","0063700000DCnRhAAL"
"61815743609","UBS_Dedicated Data Team_Renewal","0063700000DCnNVAA1"
"61842820364","JPMC IAV_2017 Renewal Extension","0063700000DCnM8AAL"
"61806456884","Fidelity PFM_Data Team/Svcs Renewal","0063700000DCnIuAAL"
"61819308352","Citi_PFM_Renewal Q2","0063700000DCnCqAAL"
"61845137064","BMO Harris Project Bloom FastLink and API Consulting","0063700000DCmuBAAT"
"61819763713","PFM Renewal for VW - Amendment 20","0063700000DCm97AAD"
"61845603180","Vanguard 1 year autorenewal","0063700000DCm7kAAD"
"61817133442","Personal Capital IAV Q3/Q4  Renewal","0063700000DCm76AAD"
"61810008214","Personal Capital IAV Q2 Renewal","0063700000DCm71AAD"
"61848697353","Northwestern Term Renewal","0063700000DCm6hAAD"
"61845448740","Northwestern SOW Q3 2017 Renewal","0063700000DCm6SAAT"
"61812022698","Northwestern Mutual SOW Q2 2017 Renewal","0063700000DCm6NAAT"
"61848235809","TIAA_IRA Rollover_SOW #12 CO#1","0063700000DClzSAAT"
"61841585204","NT 2017 IAV Renewal","0063700000DClk1AAD"
"61813886473","Wells Fargo - 2017 Renewal","0063700000DClC9AAL"
"61839410024","T. Rowe Price - CO#1 for SOW#4 Annual Renewal","0063700000DCi28AAD"
"61841269130","OAO + BPAA Renewal","0063700000DCi02AAD"
"61814037922","Renewal - 2 year","0063700000DChvMAAT"
"61808615809","New Cobrand for IAV & Delete Work","0063700000DChtBAAT"
"61813419368","Pariti - API Renewal","0063700000DCeeyAAD"
"61811410868","LessAccoutning (LessEverything) Auto Renewal 2016","0063700000DCeeKAAT"
"61841115006","Sage Software Amendment #5 Sage Live SDK US,Canada, UK and Ireland  - Renewal (will be merged with new Global Framework)","0063700000DCdr8AAD"
"61807841389","Sage Software Amendment #4 UK Sage 50 - Renewal ( will be merged with the new Global Framework","0063700000DCdqoAAD"
"61846378146","Cumulus Funding-Agg/IAV","0063700000DCdS0AAL"
"61816514117","Sage Software Amendment #2 - Renewal(Will be merged in Global Framework)","0063700000DCd0jAAD"
"61842820377","RBC CO 2 to SOW 24 - Duration Extension","0063700000DCStpAAH"
"61841115170","United First Financial (Worth Unlimited) - Renewal 2017","0063700000DCShFAAX"
"61844366346","FreshBooks PS 2017","0063700000DCSbuAAH"
"61816984598","Comerica Bank - Incremental New","0063700000DCRTbAAP"
"61809398570","PayPal - Renewal Increase 2017","0063700000D3txSAAR"
"61820237140","2017 Renewal","0063700000D3tarAAB"
"61809083037","SpringAhead - 2017 Renewal","0063700000D3tXTAAZ"
"61847001217","SOW#9 Q1 2017 Renewal","0063700000D3tW6AAJ"
"61815588893","SOW #23 Q1 2017 Renewal Dedicated Team","0063700000D3tU5AAJ"
"61844525420","Zoho - 2017 Renewal","0063700000D3tLAAAZ"
"61809398542","Odoo - 2017 Renewal","0063700000D3tJdAAJ"
"61807841424","BMO Harris OLB/Mobile Redesign Integration","0063700000D3tACAAZ"
"61840181022","2017 Renewal","0063700000D3swFAAR"
"61807070600","Sage 2017 Renewal Amendment#3","0063700000D3su4AAB"
"61846064930","SDK - MS Dynamics","0063700000D3spxAAB"
"61817603634","Renewal 2017","0063700000D3snwAAB"
"61848545609","22Seven/Briteblue 2017 Renewal","0063700000D3sn3AAB"
"61840963473","PS Renewal 2017","0063700000D3sk4AAB"
"61843288886","Lending Software - SDK","0063700000D3sj1AAB"
"61839725367","MoneyGuidePro - 2017 Renewal","0063700000D3ruZAAR"
"61809243521","Test Bank Contract Renewal","0063700000D3rtMAAR"
"61812492555","BB&T Maintenance Renewal","0063700000D3ngfAAB"
"61807691288","Q2-Q4 2017 RBC PFM Renewal of Perpetual License","0063700000D3nHCAAZ"
"61845920097","2017 Auto-Renewal","0063700000D3g56AAB"
"61811871901","2017 Auto-Renewal","0063700000D3g14AAB"
"61839097601","HelloWallet - 2017 Renewal","0063700000D3exkAAB"
"61841269103","FormFree 2017 Renewal","0063700000D3evUAAR"
"61814504093","Concur Upside from Renewal","0063700000D3etBAAR"
"61816984355","Enova US - 2017 Renewal","0063700000D3dTqAAJ"
"61815588980","Xero - 2017 Renewal","0063700000D3dPaAAJ"
"61842664031","Yellow Labs - 2017 Renewal","0063700000D3aRBAAZ"
"61813111041","Jetson Systems - 2017 Renewal","0063700000D3aDWAAZ"
"61840180903","National Funding - 2017 Renewal","0063700000D3a8FAAR"
"61813733764","Rapid Capital Funding Auto Renewal 2017","0063700000D3Z97AAF"
"61844981622","Banking Up Auto Renewal 2017","0063700000D3Z7AAAV"
"61816674366","Owl Finance Auto Renewal 2017","0063700000D3Z25AAF"
"61840647226","Midawi Holding (Our Dough-Main)","0063700000D3YycAAF"
"61817603427","LessAccounting (LessEverything) Auto Renewal 2017","0063700000D3YvdAAF"
"61810626954","LendingFront Auto renewal","0063700000D3YufAAF"
"61815431320","Intelligent ACH / Turnkey Auto Renewal 2017","0063700000D3YsZAAV"
"61850409868","Financial Symmetry Auto Renewal 2017","0063700000D3Yk6AAF"
"61808615748","Elderscan Auto Renewal 2017","0063700000D3YcCAAV"
"61841269076","Dynamic Ideas Financial Renewal 2017","0063700000D3YY4AAN"
"61847001177","Capital Good Fund Auto Renewal 2017","0063700000D3YV5AAN"
"61846687156","Bluealeaf.com Auto Renewal 2017","0063700000D3YSQAA3"
"61850409833","Autobooks (Billhighway) Auto Renewal 2017","0063700000D3YNPAA3"
"61815274024","Contrast Investing Auto Renewal 2017","0063700000D3YMHAA3"
"61807532920","1st Merchant Funding Auto Renewal 2017","0063700000D3YGjAAN"
"61848545808","Capitect - 2017 Renewal","0063700000D3V5yAAF"
"61839725222","Synergy:  American Century: IAV","0063700000D3UHJAA3"
"61817286539","Pershing - CO#1","0063700000D3QlVAAV"
"61817449318","Grafts NZ - API Aggregation","0063700000D3BbUAAV"
"61839263281","Kingsleybusiness online","0063700000D39eaAAB"
"61808003467","CO #4 to SOW 23 My Advisor","0063700000D2xM3AAJ"
"61814813076","FA Aggregation Onboarding","0063700000D2wf5AAB"
"61851336997","American Century Investments - Premium Wealth Data","0063700000D2wJTAAZ"
"61846378306","PocketSmith PS Upgrade YSL 2017","0063700000D2vs5AAB"
"61839097406","SunTrust: Data Aggregation","0063700000D2rpeAAB"
"61818367892","Eastern Funding LLC-","0063700000D2rK5AAJ"
"61819763783","Union Bank-Asset Verification for Unsecured Lending","0063700000D2plcAAB"
"61808309124","Tradesmith LLC Auto Renewal 2017","0063700000D2nyPAAR"
"61843439984","Simply Studio Auto Renewal 2017","0063700000D2nxCAAR"
"61841733502","PocketSmith Auto Renew 2017","0063700000D2nuDAAR"
"61812492413","Nexonia Auto Renew 2017","0063700000D2npzAAB"
"61842970784","Concur SOW #1 - PS Upgrade 2017","0063700000D2nd6AAB"
"61811102535","myERP / Inventive 2017 Renewal","0063700000D2nEQAAZ"
"61811713205","IGG Software Auto Renewal 2017","0063700000D2n5RAAR"
"61848697374","CircleBlack 2017 Auto renewal","0063700000D2mpWAAR"
"61808467751","Sassu Pty Ltd Renewal","0063700000D2kXpAAJ"
"61819763724","Money Brilliant (Cha-Ching) Renewal","0063700000D2kX1AAJ"
"61818837114","SOW #6 - CFAB Reconciliation - Batch Data Feed Solution","0063700000D2b8aAAB"
"61840963506","Yodlee data","0063700000C5ouoAAB"
"61848076654","SunTrust: Enterprise: Financial Wellness / Data Aggregation +","0063700000C5n7rAAB"
"61840803155","NWM Dedicated Data Team NSR","0063700000C5n2NAAR"
"61839263282","Amex_Credit Lending_US FastLink Theme Upgrade w/Customizations","0063700000C5mkKAAR"
"61842354498","Amex_Test Data_India_CO1 SOW74","0063700000C5miJAAR"
"61847148568","Cornerstone Home Lending, Inc.- MAV","0063700000C5i2JAAR"
"61806302737","UBS: IDE","0063700000C5fdSAAR"
"61839725232","Kabbage - 3rd & 4th Dedicated Resources 2017","0063700000C5e68AAB"
"61806456852","TD Bank - Retail -SW","0063700000C5ZmZAAV"
"61815892652","BMO IAV CO 2 Add Balance and Transaction Checks","0063700000C564FAAR"
"61812805747","IAV CO #2 Add Balance and Transaction Checks","0063700000C55ywAAB"
"61815892642","Goldman Sachs Fastlink Upgrade and UI Configuration","0063700000C51niAAB"
"61843132063","Enova - Risk Insight and Term Extension","0063700000C50P9AAJ"
"61846219018","Open Lending- Risk Insight","0063700000C4vZPAAZ"
"61838644030","SOW #43 Account History","0063700000C4p7AAAR"
"61809853082","Comerica - Dashboard FinApp","0063700000C4p3rAAB"
"61842354522","FL UI Consulting Advisory","0063700000C4ow7AAB"
"61845920010","Mortgage Asset Verification Report","0063700000C4ohTAAR"
"61818837285","Equifax Information Services: RI","0063700000C4kxEAAR"
"61847622026","FormFree- MAV","0063700000C4b2cAAB"
"61813263627","Risk Insights: Digital Mortgage App and Document Management","0063700000C4Za5AAF"
"61847926581","Ingo Money-IAV","0063700000C4X2pAAF"
"61847621933","Citi: MAV","0063700000C4S7eAAF"
"61816203663","RBC -OLB FastLink Integration and TDE, contextual categorization","0063700000C4M5kAAF"
"61851173816","M&T CBDK Updates for UX Consistency","0063700000C4F7mAAF"
"61842503739","FastLink 2.0 Upgrade","0063700000C48vmAAB"
"61846378155","Right Capital LLC 2017 Renewal","0063700000C452aAAB"
"61818534155","Morgan Stanley: Salesforce FSC","0063700000C44bMAAR"
"61809082997","RBC CO 1 to SOW 24 Anonymized Prod Data in Test Region","0063700000C43K9AAJ"
"61809853035","USAA - Renewal 2017","0063700000C41e7AAB"
"61814037905","Tictoc Homeloans - API for Lending","0063700000C3x55AAB"
"61847622148","Yodlee API SOW","0063700000C3qP8AAJ"
"61844836703","Financial Symmetry-Quickstart","0063700000C3oD0AAJ"
"61851022254","SEI: Agg and IAV","0063700000C3o0tAAB"
"61819923715","Viking Funding Group-Quickstart","0063700000C3mY9AAJ"
"61849627213","TripsWare-Quickstart","0063700000C3mV0AAJ"
"61847926612","Miles Technologies- Quickstart","0063700000C3mSQAAZ"
"61820073361","Change Giving App LLC- QuickStart","0063700000C3kz0AAB"
"61839410018","BB&T Page Analytics","0063700000C3jS3AAJ"
"61839410008","Etrade_IAV API Upgrade with FastLink_Proposal","0063700000C3iBaAAJ"
"61810008090","USAA - PS Opportunity - FastLink Upgrade","0063700000C3hRlAAJ"
"61844670585","Citi: R.I. for Aus.","0063700000C3fwqAAB"
"61816984648","PlanTrac Data Feed","0063700000C3drVAAR"
"61812186711","Etrade_FastLink for IAV_Proposal","0063700000C3b4VAAR"
"61845291547","NT Q4 2017 Renewal","0063700000C3YbZAAV"
"61852575793","NT Q3 2017 Renewal","0063700000C3YbKAAV"
"61819763723","NT Q2 2017 Renewal","0063700000C3YabAAF"
"61809548581","LendingQB-Risk Insight","0063700000C3YI3AAN"
"61839410004","softgiving-agg/iav","0063700000C3U7MAAV"
"61842049187","Fidelity_FastLink for Student Loan Incubator_PS","0063700000C3TsxAAF"
"61851952502","US Bank: Retail: aggregation for eBillers","0063700000C3ToqAAF"
"61815273984","Fidelity_Addendum Modification_Data Extracts 2017","0063700000C3RvgAAF"
"61813110908","CommonBond - Student Loan","0063700000C3QrBAAV"
"61852416406","US Bank - MGP Integration","0063700000C3QpyAAF"
"61844981685","Amex: Merchant Processor Statements","0063700000C3MkFAAV"
"61844525419","Morgan Stanley: Investment Services Option","0063700000C3MjbAAF"
"61809243669","BQE Software Inc-pilot","0063700000C3HjDAAV"
"61850097760","Paycom - TDE DaaS","0063700000C3G2kAAF"
"61808925042","BB&T Extension 3/1/17 - 5/1/17","0063700000C3FpyAAF"
"61811871923","CO#8 - Everbank Data Feed & FinApp Config","0063700000C3Fo7AAF"
"61817449344","USAA: Mortgage: MAV","0063700000C2j3yAAB"
"61845920085","Vanguard SOW#2 AutoRenewal","0063700000C2g8CAAR"
"61819308341","Buildium Renewal 2017","0063700000C2fstAAB"
"61816357711","Project Estimate 1b - External account integration for BAC-built Financial Wellness apps","0063700000C2b0mAAB"
"61843895645","Phase 1 Single Instance: BAC 2017 Work:  Platform Reconfigure, external agg for Wellness, MP upgrade","0063700000C2b0SAAR"
"61818679218","Morgan Stanley: Benchmarking","0063700000C2aYmAAJ"
"61845137158","USAA Enhanced Data Merchant Geo Categorization","0063700000C2Y2cAAF"
"61817905992","Autobooks (Billhighway) - New Site Build 2017","0063700000C2VMeAAN"
"61819146508","US Bank - Trust Data","0063700000C2RiOAAV"
"61844210280","USAA - oAuth","0063700000C2RJhAAN"
"61838796841","USAA - Data Retention","0063700000C2RJcAAN"
"61810478482","MM - FirstBank","0063700000C2R8eAAF"
"61815117839","Personal Capital Dedicated Team","0063700000C2NyjAAF"
"61843288930","Blackbaud - NSR (KeyBank)","0063700000C2JywAAF"
"61844836734","Rapid Capital Funding - Premium Support","0063700000C2JiyAAF"
"61845603154","RBC - Stand Alone Mobile Integration/FastLink","0063700000C2DlEAAV"
"61819146531","Goldman Sachs 1 Year Auto-Renewal","0063700000C2Cu8AAF"
"61850245225","Western Union-IAV-SOW","0063700000C2BWLAA3"
"61849476179","BMO - Canada - IAV Co #1","0063700000C2BMFAA3"
"61807691614","Fifth Third - Account Verification for Student Loan Payoffs","0063700000C29P7AAJ"
"61812332377","PayPal - Renewal 2017","0063700000C27nSAAR"
"61809398432","PDF statement scrape for brokerage account","0063700000C27cSAAR"
"61818679077","Citi FinTech POC","0063700000C1vZ3AAJ"
"61814037897","Amex: AUS (Shared with EMEA)","0063700000C1t2bAAB"
"61844366409","CO #3 to SOW 23 My Advisor","0063700000C1t1xAAB"
"61809398414","Personal Capital 365 Days History","0063700000C1qvNAAR"
"61815431293","Citi_PFM_Responsive Upgrade","0063700000C1oLyAAJ"
"61820073336","US Bank - CO #1 - Duration Extension","0063700000C1oCRAAZ"
"61850409909","US Bank - Account Categorization","0063700000C1oBdAAJ"
"61818837313","Qualia-Agg","0063700000C1o6xAAB"
"61807225118","ProNvest-Agg","0063700000C1o3yAAB"
"61839874466","American Century Investments - Aggregation","0063700000C1n9dAAB"
"61846841860","FreshBooks - Dedicated Data Engineer - Renewal","0063700000BU42bAAD"
"61847148604","Advisor View of Aggregated Data","0063700000BTyikAAD"
"61812805557","Purchase of Bottomline Small PS Project Hours","0063700000BTyemAAD"
"61849014799","M&T Streamlined IAV Upgrade","0063700000BTyVuAAL"
"61847311744","M&T Renewal","0063700000BTyVfAAL"
"61848545672","Investec Renewal","0063700000BTVAEAA5"
"61851022240","BMO - Canada - IAV","0063700000BTQKPAA5"
"61817133435","TIAA - CREF - IAV","0063700000BTQKKAA5"
"61840803202","Citi_PFM_Renewal 2017","0063700000BTJthAAH"
"61816984597","TIAA_Responsive FL for One IRA","0063700000BTJpDAAX"
"61807225243","TIAA_Outside Assets to Mobile_FastLink","0063700000BTJoKAAX"
"61841886310","CO #7 - Everbank PFM Launch","0063700000BTF2rAAH"
"61847622175","PayPal - 365 Days of Data","0063700000BTBP4AAP"
"61839569776","Chase- Wealth- Software","0063700000BTBO1AAP"
"61851022201","Finance of America Holdings-","0063700000BT8ozAAD"
"61816674327","NT IAV 2016 Renewal","0063700000BScatAAD"
"61812492406","NT Q1 2017 Renewal","0063700000BScajAAD"
"61851022193","Wealthica-Agg","0063700000BSXf9AAH"
"61844525596","Northern Trust: Reconciliation Performance","0063700000BSU4SAAX"
"61847776324","Target - Alerts PS","0063700000BSD3hAAH"
"61840500319","RBC PFM Renewal of Perpetual License","0063700000BSADBAA5"
"61812492560","BB&T Renewal","0063700000BSA5QAAX"
"61814813225","Pershing: FastLink SSO","0063700000BS9cbAAD"
"61845603217","United Capital - Finapps & Data Extracts Upgrade","0063700000BS6LtAAL"
"61850710913","BB&T API Consulting for Goals and Spending Tiles","0063700000BRz6eAAD"
"61845760427","NEXEN APIs","0063700000BRwO7AAL"
"61815743509","Fidelity_Upgrade","0063700000BRuK2AAL"
"61809082940","Personal Capital Upgrade IAV, API, Platform","0063700000BRtOQAA1"
"61844670554","Paycom- AGG","0063700000BRqzPAAT"
"61851493976","Amex: Canada","0063700000BRqidAAD"
"61812186759","Iplicit-","0063700000BRhGiAAL"
"61817286538","Erica - Data Analytics","0063700000BRfoVAAT"
"61808467770","BNY Mellon NextGen - Account Verification","0063700000BRWzVAAX"
"61842503731","tekfriday processing solutions-agg/ri","0063700000BR22jAAD"
"61842820441","T. Rowe Price - FastLink 2.0","0063700000BQp5vAAD"
"61812186634","Amex: Agg for Credit (India)","0063700000BQZkyAAH"
"61813263617","Go Live Project - Duration Extension","0063700000BQViDAAX"
"61841269118","CO #2 to SOW 23 My Advisor","0063700000BQRq4AAH"
"61813110966","Schwab - Change Order #2 for Implementation","0063700000BQOw5AAH"
"61847926594","Sears Holding - AGG","0063700000BQOE6AAP"
"61848545797","Personal Capital Additional Statement Sites","0063700000BQABAAA5"
"61841115157","UBS_FinApp Integ and Feed Phase I","0063700000BQ9V5AAL"
"61806302763","BBVA Compass - Execupay Renewal","0063700000BQ7nWAAT"
"61813263543","Synchrony Financial - Agg and IAV","0063700000BQ7UnAAL"
"61809398429","BTL - Support for PNC Data Center Move","0063700000BQ69hAAD"
"61848545622","UBS - 401K Data","0063700000BQ3f3AAD"
"61816674353","Salesforce Integration","0063700000BQ3YfAAL"
"61843132064","BBVA Compass:  Auto Renewal - 2016","0063700000BPwksAAD"
"61810938408","AssetMark Aggregation","0063700000BH7ZeAAL"
"61851022375","Financial Symmetry-Agg","0063700000BGWqIAAX"
"61843590439","Purchase of Bottomline Support Hours","0063700000BGOXQAA5"
"61819308390","Purchase of Bottomline Small PS Project Hours","0063700000BGOXGAA5"
"61819611445","USAA - Dashboard","0063700000BFUJbAAP"
"61839874374","Morgan Stanley:Custodian Feed","0063700000BFA1sAAH"
"61848697269","TradeSmith-PS Retained Resources","0063700000BF7UFAA1"
"61844525439","Nexonia Premium Support","0063700000BF6gAAAT"
"61845603214","Frollo - YI","0063700000BEsklAAD"
"61817603495","PayPal - CO#1 for SOW#5","0063700000BEe2AAAT"
"61811102488","Fidelity_Coinbase Development SOW_FCAT","0063700000BEQ16AAH"
"61850097664","RBC Custom Data Request","0063700000BDLtsAAH"
"61849476208","RBC MyFinance Tracker Updates to Align with Mobile Rollout (contextual categorization, etc.)","00637000009dr3uAAA"
"61806456873","SOW #38 Masking CAGS Testing","00637000009dqCyAAI"
"61814194484","SOW31 CO3 - Duration Extension for Small Business Implementation","00637000009dpYHAAY"
"61808003485","Enova Decisions: Enterprise: Aggregation","00637000009dloZAAQ"
"61840500324","Morgan Stanley: Asset Transfer","00637000009dktlAAA"
"61819763782","Fidelity: FidGo Agg","00637000009dktCAAQ"
"61839097393","CO #1 to SOW 23 My Advisor","00637000009dgYcAAI"
"61850097573","Getfinancing-Agg","00637000009db1WAAQ"
"61842663969","Pilot (London Innovation Lab)","00637000009dZm3AAE"
"61818534154","SFG Report Automation","00637000009dWY5AAM"
"61849787785","CFI - Adding Business Checking Accounts","00637000009dWL2AAM"
"61839725353","MFP for Mobile","00637000009dWAwAAM"
"61818837283","Personal Capital Enhanced Test Data","00637000009dTDkAAM"
"61811562041","Contrast Investing-Agg","00637000009dM5PAAU"
"61839409976","Personal Capital Dedicated Data Team","00637000009dJQlAAM"
"61814813107","US Bank - oAuth Change Order","00637000009dJPJAA2"
"61846841908","Comerica - Data Feed","00637000009dFdrAAE"
"61810938240","Change Order #6","00637000009clHDAAY"
"61846219017","Bayview Loan Servicing- AGG, IAV, RI","00637000009ck9AAAQ"
"61849475993","Concur Data Engineer","00637000009ciefAAA"
"61814504053","RBC IAV Upgrade - FastLink and Checkbookless Flow","00637000009ciOpAAI"
"61807070634","RBC - KAI Virtual Assistant w/Intraday Updates","00637000009cQnQAAU"
"61849627202","Bee - AGG (One Financial)","00637000009cPNAAA2"
"61819611431","Citi: R.I. in U.S.","00637000009cNBXAA2"
"61849315890","Northwestern Mutual (Zero Dollar SOW) Inactive User Refresh","00637000009cLi9AAE"
"61843288952","T. Rowe Price - Data Extracts","00637000009cJx2AAE"
"61809548644","Blackbaud - Premium Support 2017","00637000009cB1oAAE"
"61813886381","PayPal: Wellness/PFM","00637000009bz9rAAA"
"61839263382","Kabbage - Container to Site Migration","0063700000AkBrTAAV"
"61847311764","Vanguard - TOA","0063700000Ak86ZAAR"
"61812332318","UBS_Advisor Alerts","0063700000Ak6hlAAB"
"61820381488","QuickFile Accounting Software-","0063700000Ak6clAAB"
"61847622010","Equifax Workplace Solutions  - Design POC","0063700000Ak3XFAAZ"
"61842820420","NPH- Synergy ENV","0063700000Ak0ZCAAZ"
"61808771645","Comerica Bank - 2016 Extension","0063700000Ak0UDAAZ"
"61814663326","Dedicated Test Environment","0063700000AjyehAAB"
"61851022376","Rest API Upgrade","0063700000AjyNdAAJ"
"61812186745","Contract Renewal","0063700000AjyAEAAZ"
"61818679058","FreshBooks PS","0063700000AjxKGAAZ"
"61847148609","Discover:  IAV","00637000009rCWEAA2"
"61844051342","Capitect - AGG user growth","00637000009r7kGAAQ"
"61850409887","Western Union-IAV Software","00637000009r66IAAQ"
"61840500296","Ameriprise: Aggregation Dupe*** rolled into WDP Opp","00637000009r4aCAAQ"
"61842354530","TIAA_PS Consuling_Responsive FL Integration_SOW","00637000009qxRgAAI"
"61839725409","UBS_Manual Account Edit for OLS_SO#6","00637000009qtYDAAY"
"61843895631","Xero (Renewal 2016)","00637000009qt2oAAA"
"61819923744","Comerica (Amended Agg Svc. Agreement)","00637000009qsuyAAA"
"61847466541","Capital Good Fund-Agg/RI","00637000009qpFiAAI"
"61844836677","Wells Fargo - Alert Restrictions","0063700000APoYDAA1"
"61815117893","Blackbaud - YCC Users","0063700000APlEfAAL"
"61840025125","Entech Consulting-Agg","0063700000APisvAAD"
"61820534792","BB&T Dev Environment Support","0063700000APbgmAAD"
"61811713055","BB&T Test Data Package","0063700000APYoFAAX"
"61812950399","BB&T PFM Uprade","0063700000APYnRAAX"
"61841114998","CommonBond AGG","0063700000APY6pAAH"
"61850097704","Pershing: Aggregation & Analytics RFP Software","0063700000APY1JAAX"
"61819308351","Personal Capital Multiple Account Refresh per Day","0063700000APVffAAH"
"61838949275","Viking Funding Group - Agg & IAV","0063700000APTuQAAX"
"61848545679","Equifax Workplace Solutions - 2-day White Board Session","0063700000APP2gAAH"
"61849014711","Kabbage - Spain OpenBank Consumer Lending Rollout","00637000008qQELAA2"
"61814663504","BMO Harris Balance Transfer Custom Extract","00637000008qOvSAAU"
"61848545704","Acorns Grow - AUS (debooking)","00637000008qKV9AAM"
"61851022395","Tangerine- BPAA (Debooking in Jun 2016)","00637000008qHWZAA2"
"61813263700","Barr Lending-agg/ri","00637000008qCGQAA2"
"61850710912","TIAA_Responsive FL for Robo_CO","00637000008qAxgAAE"
"61849787713","CO #1 to SOW 23 My Advisor","00637000008q8DUAAY"
"61808155190","Personal Capital TDE","00637000008q3ILAAY"
"61814813276","PayPal: IAV+ Software (Amendment #9)","00637000008pyuoAAA"
"61812332434","PrimeLending- MAV","00637000008pyC6AAI"
"61841269250","InfoArmor-PS Alerts","00637000008pxP1AAI"
"61817905996","Credit Lending Enhancements","00637000008pwmaAAA"
"61841269121","Cordium - 2017 Renewal","00637000008ptF4AAI"
"61847001346","Flagstar - Aggregation PFM","00637000008prSfAAI"
"61816674346","IAV Integration Duration Extension","00637000008prKaAAI"
"61847001353","Tradesmith-PS Migration Project","00637000008ppSjAAI"
"61850869265","Tradesmith-Dedicated Data Engineer","00637000008ppRLAAY"
"61841269061","Paychex Fastlink","00637000008ppHUAAY"
"61846219051","Paychex PS engagement","00637000008ppHKAAY"
"61818534176","Amex: AUS","00637000008pn94AAA"
"61845920030","Amazon 3 Year Renewal 2016","00637000008phkGAAQ"
"61850558060","Personal Capital 401K Investment Options Scrape","00637000008phfbAAA"
"61850409831","Amazon 3 Month Renewal Extension 2016","00637000008phaMAAQ"
"61808155211","Reckon - renewal","00637000008pLz5AAE"
"61846841757","Northern Trust: Retail: DaaS","00637000008pJGIAA2"
"61808771640","USAA - TDE","00637000008pJFtAAM"
"61808309291","Comerica - Data for Testing","00637000008pJCBAA2"
"61842049321","USAA - Test Data","00637000008pJBIAA2"
"61849627245","Baird: Yodlee l ENV Synergy. Aggregation","00637000008pGKBAA2"
"61814973798","Paymi - Agg","00637000008pDCcAAM"
"61841269120","Amazon- IAV for SMB","00637000008p36EAAQ"
"61846841897","Cetera:  Agg & Data Extracts","00637000008p2zZAAQ"
"61812332433","Equifax - Wellness PFM","00637000008p2abAAA"
"61814813190","TIAA_Responsive PFM Upgrade","00637000008p2HCAAY"
"61843440040","TIAA-CREF_PFM_3 Year Renewal","00637000008p2GxAAI"
"61850097593","UBS_Retainer SOW for SigFig Integration","00637000008p2FFAAY"
"61848235777","UBS_Integration SOW_SigFig_Unmasked Account Numbers","00637000008p2EuAAI"
"61850710868","Fidelity FastLink Upgrade SOW","00637000008p2BvAAI"
"61820381493","BMO Harris Renewal","00637000008p0xCAAQ"
"61819923714","Paychex Agg for Benefits","00637000008oxjRAAQ"
"61839410218","Paychex IAV","00637000008owj3AAA"
"61850869256","SAP- Hybris IAV","00637000008owYRAAY"
"61819308361","SAP-SuccessFactors Agg","00637000008owXyAAI"
"61808155289","Kabbage New Partner Rollout in Spain","00637000008orquAAA"
"61842354505","Equifax Workforce Solutions - Deployment PS","00637000008ormhAAA"
"61810938381","Future Penny - API","00637000008olLsAAI"
"61842970507","CountAbout Corporation-agg","00637000008ojP7AAI"
"61845920045","Amex_Retainer SOW_ Credit and Risk","00637000008ofhHAAQ"
"61809707582","BAC: Save for a Goal","00637000008odwlAAA"
"61814973773","MasterPass - IAV","00637000008od9uAAA"
"61810785895","TekFriday Services Agreement","00637000008ocisAAA"
"61847776173","Tokenization","00637000008oTIvAAM"
"61808771630","Goals Based Planning","00637000008oTIqAAM"
"61845448761","BB&T - Alerts Modification for Pre Pop Accounts","00637000008oRZOAA2"
"61813733891","AO Renewal","00637000008oLO8AAM"
"61816046601","Concur Fastlink","00637000008oGBUAA2"
"61806302780","Northwest Mutual - Stifel Custom OFX File Integration","00637000008oFj4AAE"
"61846841783","Amazon - IAV Upgrade","00637000008oFhSAAU"
"61807384207","Equifax Workforce Solutions - Risk Insight","00637000008oAYsAAM"
"61850409853","IAV Checkbookless Flow","00637000008o926AAA"
"61840647065","Equifax - Enable the Keep Users Active Switch","00637000008o7DkAAI"
"61812022683","NT Q3 2016 Renewal","00637000009T1X2AAK"
"61844525462","Concur Migration","00637000009T1KkAAK"
"61819452541","Moneyspire Inc-Agg","00637000009T0hDAAS"
"61848545621","Connect Lending-Agg","00637000008crp3AAA"
"61809243510","TIAA_Test Data","00637000008cqIFAAY"
"61845291438","Duration Extension until 8/31/16","00637000008cWgNAAU"
"61849627168","Enhancements to daily extracts for disappearing accounts","00637000008cPzbAAE"
"61850245180","Schwab - Change Order #1 for Implementation","00637000008cPsVAAU"
"61851022164","Ally_Transition Services_Change Order Duration Extension","00637000008cKJ9AAM"
"61815117730","TIAA_Unmasked Account Numbers and Responsive FL for One IRA","00637000008cK4wAAE"
"61841115177","John Hancock - Agg and IAV","00637000008cB2fAAE"
"61809548618","Jetson Systems-Agg API","00637000008cB0oAAE"
"61850557983","TradingValley-PILOT","00637000008btJbAAI"
"61810627132","RBC MyAdvisor - French Language Support SOW #25","00637000008boiHAAQ"
"61849166217","DecisionLogic 365","00637000008bn9cAAA"
"61851494149","Northwestern Mutual - Test Data","00637000008bgm4AAA"
"61843440038","Fidelity_Enhanced Test Data","00637000008bdF7AAI"
"61851173802","HelloWallet - 2 Dedicated Engineer- PS Renewal","00637000008bd6uAAA"
"61812805741","Schwab - Test Data","00637000008bcqMAAQ"
"61818679216","API (BBVA New Digital Business)","00637000008bcEkAAI"
"61839263339","June Release & Everbank Deployment Support","00637000008bYmtAAE"
"61812492606","Amex: Upside Revenue","00637000008bYQIAA2"
"61846219072","RBC - Responsive Framework Instance","00637000008bRieAAE"
"61808771619","HubSolv Limited-","00637000008bQ6nAAE"
"61814973873","BrightPlan-Agg/IAV","00637000008bKj4AAE"
"61813733796","BudgetBaker","00637000008X96KAAS"
"61846687293","Progressive Leasing - IAV Test","00637000008X6eYAAS"
"61841269047","Sequoia - PS","00637000008X6dBAAS"
"61813111089","Sequoia Consulting-Agg","00637000008X5JiAAK"
"61814038061","Citi FinTech_SOW for 2017 MVP","00637000008X0EqAAK"
"61807841382","Salesforce Integration - Bank of America","00637000008WycQAAS"
"61844836704","Sage Payments","00637000008WjWMAA0"
"61850868993","Amazon- Mexico Aggregation","00637000008WfrSAAS"
"61812805694","Enova US - AGG","00637000008WfHbAAK"
"61839097419","Renewal","00637000008WelhAAC"
"61807841374","Renewal","00637000008WelSAAS"
"61843131967","Renewal","00637000008WekeAAC"
"61808467722","MDG-IAV+","00637000008WY8KAAW"
"61842970526","RBC- Wealth management - SW","00637000008WUQjAAO"
"61816825887","Amendment - new booking","00637000008WQc2AAG"
"61844981786","Franklin Templeton IAV","00637000008WPDyAAO"
"61850558232","Salesforce Integration - Citi","00637000008WP16AAG"
"61842820451","Salesforce Integration - Northern Trust","00637000008WP0rAAG"
"61845291556","Avoka - Key Bank - IAV","00637000008WOOyAAO"
"61808467626","Avoka - First Republic Bank - IAV","00637000008WOO0AAO"
"61808003455","Avoka - Citi Mortgage - IAV","00637000008WONlAAO"
"61852260481","Avoka - Investors Bank- IAV","00637000008WONWAA4"
"61844366394","Salesforce Integration - Schwab","00637000008WNVUAA4"
"61810172594","BMO - Canada - IAV SOW","00637000008WNR8AAO"
"61814813235","Salesforce Integration - Fidelity","00637000008WMuxAAG"
"61848849973","Bottomline Support Hours","00637000008WKQ8AAO"
"61844051383","Upgrade CO:  Platform Upgrade, FL4 & Aggregation for Retail","00637000008WKPjAAO"
"61811872042","e-commerce network Aggregration","00637000008WKPZAA4"
"61851494021","TDE for VW","00637000008WKOqAAO"
"61842970516","RBC - Aggregation for MyAdvisor Wealth App","00637000008WJWAAA4"
"61847926617","RBC - Account Details for KAI Virtual Assistant","00637000008WJVvAAO"
"61807691346","BAC _ SFG Report Change","00637000008WJUsAAO"
"61810938281","NMLV - Performance Test Environment","00637000008WHLJAA4"
"61814037921","Flare Accounting-Agg","00637000008WFFCAA4"
"61806763014","IAV WebServices Upgrade","00637000008WCpmAAG"
"61848235879","Integration Duration Extension No. 3","00637000008WCOMAA4"
"61848545716","Unqualified Asset Tool & YCC integration","00637000008WCGSAA4"
"61847622160","Integration into ACI OLB","00637000008WC63AAG"
"61852416566","BMO Harris Error Message Customization","00637000008WAOWAA4"
"61814194582","Cordium - PS for NSRs","00637000008WA1gAAG"
"61843288907","InfoArmor-AGG","00637000008W2asAAC"
"61849014661","Union Bank-PFM","00637000008W1XGAA0"
"61852575665","MEAC Account Sharing","00637000008W1VZAA0"
"61812022606","LendingHome - Snapshot","00637000008Vz1PAAS"
"61843288944","turnkey snapshot","00637000008VlwKAAS"
"61846064973","lendingyard snapshot","00637000008VluEAAS"
"61850557999","lendingfront snapshot","00637000008VltzAAC"
"61840647242","LendingPoint Snapshot","00637000008VltuAAC"
"61811713309","Decisionlogic - Risk Insight","00637000008Vls3AAC"
"61815273913","B2Credit Snapshot","00637000008VlreAAC"
"61813263651","Cross Sell - Envestnet","00637000008VdQkAAK"
"61839874404","Personal Capital - Test Environment","00637000008VYveAAG"
"61820534856","TIAA_Responsive FL for Roboadvisor_SOW","00637000008VYlFAAW"
"61849166159","Millennium Trust: Yodlee | ENV Synergy: Aggregation","00637000008VY6vAAG"
"61816984585","Kabbage - Mexico Build PS","00637000008VXglAAG"
"61808771599","BAC SFG Custom Report Change","00637000008VWpcAAG"
"61809398537","BMO Harris Mobile Upgrade Support","00637000008VWe0AAG"
"61816674324","Hello Wallet - Aon Web Services Feed PS","00637000008VWdWAAW"
"61811102583","RBC - Mobile Integration/FastLink","00637000008VWWuAAO"
"61818534144","Marlette Funding - Snapshot for Consumer","00637000008VTT8AAO"
"61810478492","Fidelity PFM_Renewal","00637000007h5DOAAY"
"61818225442","BAC - Goal Savings Custom Report","00637000007h1npAAA"
"61810172574","Kabbage UK Environment for Openbank partnership","00637000007h1dEAAQ"
"61808925259","Amex: Agg for Credit (India)","00637000007h1KCAAY"
"61839097413","BAC Platform Reconfigure to Support Held Away Accts. in FinWell","00637000007gzd6AAA"
"61841886268","Progressive Leasing:  Risk Insight","00637000007gxasAAA"
"61820237170","Divisax-IAV","00637000007gwlvAAA"
"61809082948","Blackbaud Renewal","00637000007gunHAAQ"
"61811102497","Next Step Funding-IAV","00637000007gs5YAAQ"
"61847466401","NMLV - Site Based Aggregation SOW","00637000007grjpAAA"
"61819611405","Amex Credit Lending_Extension Duration CO","00637000007grcbAAA"
"61809707550","Accenture Mortgage Cadence-Agg/PDF","00637000007g8oFAAQ"
"61811713183","Citi: Global View of Accounts","00637000007g8DOAAY"
"61817603638","Santander: IAV RFP","006370000082KP7AAM"
"61852260446","Kabbage - 3rd & 4th Dedicated Resources","006370000082Js5AAE"
"61820534803","Xero Additional Data Engineer","006370000082Jr7AAE"
"61840647185","Kabbage - ING/Spain","006370000082JfaAAE"
"61816203640","Kabbage IAV Activation","006370000082JcqAAE"
"61807225221","UBS_Manual Account Customization_OLS","006370000082JafAAE"
"61845448822","NT Rebranding Project","006370000082IbKAAU"
"61851494042","Alkami - Integration Change Order","006370000082IFqAAM"
"61840963399","Alkami - Integration Change Order","006370000082IExAAM"
"61818368023","Charles Schwab:Salesforce FSC","006370000082AuUAAU"
"61811562034","LendingTree - Risk Insight and Verification","006370000082AnYAAU"
"61813886500","Liberty Lending - RI","006370000082AlhAAE"
"61839569766","Goldman Sachs - Credit Portfolio","006370000082AYsAAM"
"61840647078","RBC- Future Advisor","006370000082AXzAAM"
"61813579308","Wealth Aggregation - SOW 37","006370000082AXVAA2"
"61818679209","Citi Cards: TDE","0063700000828ZRAAY"
"61839874444","Thrivent Financial: Yodlee l ENV Synergy.  Aggregation","0063700000828UWAAY"
"61810478375","Concur Upside from Renewal","0063700000825JmAAI"
"61819308551","Concur Renewal","0063700000825JhAAI"
"61846378161","Oquity Funding-Agg","00637000007M53cAAC"
"61816513954","Kabbage - December, 2015 extension","00637000007M52yAAC"
"61847466606","UBS_FinApp into OLS Integration","00637000007LzbhAAC"
"61808309262","BB&T Unmasking Card Numbers","00637000007Lsl5AAC"
"61815892650","USAA Separate Entity Testing Support and Operational Changes","00637000007LrvmAAC"
"61811713282","Morgan Stanley: Future Advisors","00637000007LqndAAC"
"61818534171","TIAA_Direct Bank Prepop_SOW","00637000007LqWnAAK"
"61812805757","BMO Harris Investment Online Data Feed","00637000007LqOPAA0"
"61849787663","BAC Home Lending Duration Extension","00637000007LqNWAA0"
"61849476217","Chase: Risk Insights- Software","00637000007LlP7AAK"
"61842503712","Kabbage - Dedicated Team 2016","00637000007LgUkAAK"
"61846219102","Marlene Funding - 2016 Renewal","00637000007LgUVAA0"
"61845760531","PayPal: IAV+ Software","00637000007LgULAA0"
"61848545647","Cordium - 2016 Renewal","00637000007LgBFAA0"
"61852260424","FormFree 2016 Renewal","00637000007LgA7AAK"
"61850409908","UBS_Enhanced Test Data","00637000007LeyWAAS"
"61810938234","TRP - LDAP Clean Up","00637000007LdSgAAK"
"61815117838","NT Q4 2016 Renewal","00637000007LcYCAA0"
"61814663352","NT Q3 2016 Renewal","00637000007LcY7AAK"
"61847926671","NT Q2 2016 Renewal","00637000007LcXxAAK"
"61808003465","NT Q1 2016 Renewal","00637000007LcXsAAK"
"61808155136","RBC PFM Renewal of Perpetual License","00637000007LcXTAA0"
"61852416426","Scotia Bank - SMB","00637000007LbunAAC"
"61847466596","Goldman Sachs - Select - IAV -SW","00637000007LbuYAAS"
"61841733493","Wells Fargo - 2016 Renewal","00637000007LWuLAAW"
"61807384189","MoneyGuidePro - 2016 Renewal","00637000007LWu6AAG"
"61819923733","Comerica Bank - 2017 Renewal","00637000007LWu1AAG"
"61849627056","Pangea Universal Holdings-IAV","00637000007LW0aAAG"
"61845920103","API South Africa","00637000007LVPLAA4"
"61811872041","Alkami - Integration Change Order","00637000007LPDjAAO"
"61848235850","Equifax - Autorenewal 2016","00637000007LOpRAAW"
"61808771616","BFDS - 2016 Auto-renewal","00637000007LOosAAG"
"61820073335","US Bank: Aggregation Wealth and Robo","00637000007LMksAAG"
"61806916986","FIS - SunGard WealthStation integration","00637000007LKkEAAW"
"61816357741","Budgeting Project","00637000007LKSGAA4"
"61844051540","BOL - Pre Pop Sharing","00637000007LKRhAAO"
"61810172839","BB&T FastLink Best Practices","00637000007LIsfAAG"
"61840647202","BB&T Upgrade to Responsive","00637000007LIsaAAG"
"61843590462","BB&T API Consulting","00637000007LIsQAAW"
"61841269110","BB&T Analytics","00637000007LIsLAAW"
"61841428522","BB&T Budget Customization for Universal Spend","00637000007LIsGAAW"
"61845760586","Dedicated Test Environment","00637000007LCcbAAG"
"61852260516","Mortgage Risk Innovation","00637000007LCPOAA4"
"61839725227","Staging Environment","00637000007LCOGAA4"
"61841269084","BB&T Budget Subpage Updates","00637000007LCFXAA4"
"61842664087","Dedicated Data Team","00637000007LCBfAAO"
"61819611503","New Site Requests","00637000007LBPOAA4"
"61850409805","IGG Software - Auto Renewal","00637000007LAFsAAO"
"61849315926","PocketSmith, Inc - Auto Renewal","00637000007LAFEAA4"
"61806607218","Banking Up - Auto Renewal","00637000007LAE1AAO"
"61846378272","Elderscan - Renewal","00637000007LACjAAO"
"61839874356","Nexonia Inc. - Auto renew","00637000007LAAYAA4"
"61838796872","eCredable / Tect Sect Holdings, LLC - Renewal","00637000007L9eTAAS"
"61848076700","Tradesmith LLC - Renewal","00637000007L9ZmAAK"
"61850409813","Yellow Labs Software - Renewal","00637000007L9OIAA0"
"61813419394","Blueleaf.com (fka Value Media) - Auto Renewal","00637000007L7xQAAS"
"61844836748","BBVA Compass:  Renewal - 2016","00637000007L5xxAAC"
"61846687266","USAA Insurance Container Consulting","00637000007L2s6AAC"
"61816984578","Professional Services - 2016 Renewal","0060000000BySZJAA3"
"61807225142","National Funding - PS","0060000000ByQtnAAF"
"61848697359","Sage200","0060000000ByPeSAAV"
"61809243559","Fidelity: Salesforce Connector App","0060000000ByPZrAAN"
"61847776172","Buildium - PS","0060000000ByNAoAAN"
"61806762856","Charles Schwab-Aggregation Upside","0060000000ByLrwAAF"
"61816513950","T. Rowe Price - 2016 Refresh of Inactive Users","0060000000ByLodAAF"
"61846687155","2016 IAV Renewal Australia - New Booking","0060000000ByLSTAA3"
"61817449359","2016 IAV Renewal Australia","0060000000ByLS4AAN"
"61847622190","2016 US and Canada IAV Renewal","0060000000ByLP9AAN"
"61840500224","Target - Account Reverification Project","0060000000ByFUcAAN"
"61810172805","Accounting Seed - Agg API","0060000000ByB4IAAV"
"61845448732","BAC: Merchant Services - Aggregation / IAV","0060000000By6lNAAR"
"61850409986","Charles Schwab - Data Feed","0060000000By3aZAAR"
"61816674200","Onyx Lending-Agg","0060000000By3JuAAJ"
"61816513934","USAA CO 1 to SOW 0000012647 Custom Budget Data Extract","0060000000By1CiAAJ"
"61815892600","Northwestern Mutual - SOW#9 for Custom NSR Reporting","0060000000BxzXpAAJ"
"61845137181","Northwestern Mutual - CO#1 for SOW #8","0060000000BxzLfAAJ"
"61839874414","Funds Transfer Renewal 2016","0060000000Bxz5gAAB"
"61847001201","Card Account Mgmt","0060000000BxyP9AAJ"
"61808467627","Amex: Aggregation for Small Business Credit Solution","0060000000BxxBmAAJ"
"61820073333","Etrade Data for Advisors","0060000000BxwqoAAB"
"61848076696","Viking Funding Group-Agg","0060000000BxsMjAAJ"
"61817133575","Lending Point - Auto Renewal","0060000000BxsEcAAJ"
"61844836655","Britannica Holdings-Agg","0060000000Bxq6bAAB"
"61820381463","Amazon Lending- Snapshot","0060000000BxpkAAAR"
"61839097389","Amazon Gift-Card-Reload","0060000000BxpinAAB"
"61814973857","Boston Financial - 1 Client Hosting Fees - Oct 27, 2015","0060000000Bxj4mAAB"
"61841115063","Kabbage - November, 2015 extension","0060000000Bxj1EAAR"
"61818367875","Goldfish Marketing-","0060000000Bxi09AAB"
"61839874369","Union Bank-Wealth/ Agg & Data Extracts","0060000000Bxhb2AAB"
"61815743513","Integrated Rewards-month 11","0060000000BxfGdAAJ"
"61806607183","CashEdge Replacement","0060000000BxVhbAAF"
"61819146301","CIT: Risk Insight PS","0060000000BxUhMAAV"
"61849316001","TD Bank - Retail - PS","0060000000BxFioAAF"
"61818368019","Amex Data Extracts","0060000000BxClyAAF"
"61844836716","ICMA-RC - IAV","0060000000BxCkqAAF"
"61819146524","Knight Capital Funding - IAV + Agg","0060000000Bx91yAAB"
"61844670582","City National Rochdale-Agg & Data Extracts","0060000000Bx7pSAAR"
"61814194501","Forward Financing - IAV and Agg","0060000000Bx62vAAB"
"61812492604","Avoka - IAV","0060000000Bx4YfAAJ"
"61816674212","BB&T 2016 Consulting","0060000000Bx29UAAR"
"61845291552","Santander: EFX Snapshot","0060000000Bx1WeAAJ"
"61851637929","Subbrand Creation","0060000000Bwx5IAAR"
"61839874384","Franklin Templeton Aggregation","0060000000BwqqGAAR"
"61847622159","Amex_Credit Decision_Change Order_FastLink UI Customization","0060000000BwpjTAAR"
"61813111062","Investec UK roll out","0060000000BwobVAAR"
"61818225539","22Seven Nedbank contract renewal - long term","0060000000BwoZPAAZ"
"61811102575","Rapid Capital - Agg and IAV","0060000000Bwm6DAAR"
"61808467715","Simply Studio - Auto Renewal","0060000000BwkJ5AAJ"
"61806607247","Wealthcare Capital Management-Aggregation","0060000000BwizLAAR"
"61810627107","Wells Fargo:  Home Lending","0060000000BwicQAAR"
"61814194566","USAA - Custom Budget Data Extract","0060000000BwfoLAAR"
"61850710873","USAA Visa Card Conversion to Separate Entity","0060000000BwWuEAAV"
"61850245153","Wells Fargo - Data Feed for All Yodlee Users","0060000000BwUPvAAN"
"61818837311","NT AV Expansion to new platform","0060000000BwU1oAAF"
"61807070625","Integrated Rewards-month 10","0060000000BwTXtAAN"
"61811562053","Boston Financial - 8 Client Hosting Fees - Oct, 2015","0060000000BwLyAAAV"
"61812022695","Personal Capital - SOW 20 - SDK Consulting for Site Based","0060000000BwLOaAAN"
"61813733798","Apex - IAV","0060000000BwLHaAAN"
"61818534045","Wells Fargo - oAuth for Y.com","0060000000BwKzrAAF"
"61814813209","TIAA Branding Changes for 360 FV_SOW","0060000000Bw6uTAAR"
"61809398442","Amex_Credit Decision_Change Order_2d Use Case IAV Scope","0060000000Bw0z7AAB"
"61846065002","UBS_Batch Extract_Monthly Fees","0060000000Bw0y4AAB"
"61812186659","UBS_Batch Data Extract_PS Setup","0060000000Bw0xAAAR"
"61840500249","Things for Work-Agg","0060000000BvzUaAAJ"
"61817449397","Citi: SMB","0060000000BvyeDAAR"
"61841269176","Charles Schwab:Aggregation& Data Extracts SOW","0060000000BvwKmAAJ"
"61841886328","Amex Canada: Credit Risk","0060000000BvvW7AAJ"
"61851952540","Barclaycard US: Aggregation","0060000000BvrqHAAR"
"61806302801","BBVA Compass: Enterprise: Risk Insight","0060000000BvrhKAAR"
"61808467585","External Accounts on Portfolio & Accounts Pages","0060000000BvoQrAAJ"
"61848235819","Northwestern Mutual - CO#3 for SOW #1","0060000000BrZJLAA3"
"61809398394","Security Asset Class Identification","0060000000BrRlcAAF"
"61820237201","Add Manual Accounts to MFP","0060000000BrRlNAAV"
"61844525438","Citi: Citi Cards- IAV","0060000000BrMSwAAN"
"61844836770","Paychex Active Refresh","0060000000BrM5uAAF"
"61812805737","Kabbage - channel environment 2015","0060000000BrKzwAAF"
"61809082919","Kabbage - 2 mo extension 2015","0060000000BrKzmAAF"
"61816825750","Stock Rover-Agg","0060000000BrJLxAAN"
"61842354528","Fidelity_Tandem Proof of Concept - 2015","0060000000Br2eQAAR"
"61818837142","Nyhart-agg","0060000000Br1OkAAJ"
"61819308375","Enrich IT Consulting-PILOT","0060000000Br1OfAAJ"
"61814813063","Amex: Credit Risk Decisioning","0060000000Bqzy0AAB"
"61812332381","Springleaf (OneMain)","0060000000BqxSYAAZ"
"61845920069","Springleaf Financial - PS","0060000000BqxRpAAJ"
"61813733771","Integrated Rewards-month 9","0060000000BqwJfAAJ"
"61819452702","Paychex/Surepayroll IAV","0060000000BqvrZAAR"
"61814973746","Etrade Contract renewal_IAV","0060000000BqvNoAAJ"
"61818225527","CommonBond - IAV API","0060000000Bqv9lAAB"
"61845291604","ML:  User Refresh","0060000000Bqv7pAAB"
"61848076668","Alert Change","0060000000BquKUAAZ"
"61812805762","US Bank: Aggregation & Held Data TDE Retail","0060000000BqtWTAAZ"
"61816984669","Goldman Sachs PS Work","0060000000BqfOxAAJ"
"61847776289","Goldman Sachs - IAV","0060000000BqbtFAAR"
"61819611429","Chase TDE- Software","0060000000Bqa8hAAB"
"61851022380","Ownership Trait Online","0060000000BqWu2AAF"
"61815273988","Etrade: Aggregation and Recon","0060000000BqVtHAAV"
"61847776279","BMO Harris Renewal","0060000000BqV8KAAV"
"61816357774","M&T Deletion of B2B transactions","0060000000BqUCxAAN"
"61817905989","PNC Bank - Additional Usage","0060000000BqMdGAAV"
"61812186727","Boston Financial - 4 Client Hosting Fees","0060000000BqKRkAAN"
"61820381473","BBVA Compass - Change Order #1 to SOW #16 for Thunderbird","0060000000BqFxsAAF"
"61847001272","UBS - IAV","0060000000BqF7YAAV"
"61806763009","LendingHome - IAV + Agg","0060000000Bq2zXAAR"
"61818679303","Sage Live","0060000000Bq1D0AAJ"
"61848235831","Caring Cent-PILOT","0060000000BpvrQAAR"
"61847001213","Amex Serve_2 Way SSL - SOW","0060000000Bptx7AAB"
"61808309111","Lifelock NSR SOW & Dedicated Engineer - PS","0060000000BpqwsAAB"
"61842970523","Responsive Elements - Change Order","0060000000BpqUDAAZ"
"61816046621","FortiFI","0060000000BpqTPAAZ"
"61848697392","Personal Capital - New Usage Booking","0060000000Bplp1AAB"
"61850869021","Personal Capital - PDF Statement Site Delivery","0060000000Bpkm8AAB"
"61848235818","Buildium - Auto Renew","0060000000BpjP9AAJ"
"61811713199","Biz2Credit - Auto Renew","0060000000BpjBWAAZ"
"61845448752","Chase Small Business","0060000000BphoYAAR"
"61820237107","Northwestern Mutual - SAML to Non & PKI","0060000000BpbbSAAR"
"61852416348","Ally_Post Transition Services_SOW","0060000000BpZENAA3"
"61848076699","MFP for US Trust","0060000000BpZ5gAAF"
"61849627265","Fastlink New Site Requests","0060000000BpTzjAAF"
"61809398386","Integrated Rewards-month 8","0060000000BpPuxAAF"
"61820237180","BosLeo Technology Private Limited-","0060000000BpL8BAAV"
"61809083020","Financial Wellness","0060000000BpG8uAAF"
"61843440138","T. Rowe Price - IAV Enable","0060000000Bp5wmAAB"
"61806456902","Wells Fargo - oAuth for IAV","0060000000Bp5vZAAR"
"61843288902","Change Giving App-PILOT","0060000000BozqiAAB"
"61842664024","BBVA Compass: Cash Flow w/Forecasting FinApp","0060000000BonUTAAZ"
"61849476011","Wealthfront-Agg & IAV","0060000000BonC5AAJ"
"61815588975","Integrated Rewards-month 7","0060000000BoGYAAA3"
"61846687254","Wells Fargo - Reporting and Audit for TPB","0060000000BoGJrAAN"
"61838949376","Sage - Global Framework","0060000000BoEUtAAN"
"61839409952","Wells Fargo - CO#2 to SOW #12 OAuth Duration Extension","0060000000BoAoIAAV"
"61815892583","Sage50","0060000000Bo7nHAAR"
"61841269065","Sense","0060000000Bo7VvAAJ"
"61843132041","Sense","0060000000Bo7VqAAJ"
"61808771490","Sense","0060000000Bo7VWAAZ"
"61844525491","Sense","0060000000Bo7VHAAZ"
"61819146347","Comerica Central - Phase 1 Enhance Advisor and Client Exp","0060000000Bo3RGAAZ"
"61839725330","Comerica Central - Upgrade Phase 1 PS","0060000000Bo3Q3AAJ"
"61810478357","Personal Capital - PDF Statement Product","0060000000BnyAgAAJ"
"61852416331","Inactive User Refresh for Pre-Pop / Held Accounts","0060000000Bny9iAAB"
"61810172679","UBS_PFM Project Extension_CO#1","0060000000BnxToAAJ"
"61809548594","FIS - PS Opportunity for Online A/C Creation Group IAV Upgrade","0060000000Bnx9CAAR"
"61849627142","Xero Consulting SOW - PS","0060000000BnvmGAAR"
"61810478371","Xero Migration SOW - PS","0060000000BnvmBAAR"
"61847148546","TRP - SOW #07 - PS Opportunity - Hosted Upgrade","0060000000Bnv3KAAR"
"61851173649","RBC Tablet - API Consulting and FinApps","0060000000BnrkAAAR"
"61844981619","Liberty Financial - API","0060000000BnleoAAB"
"61839409974","PayPal:  IAV+ Data for Risk, PPWC","0060000000BngzyAAB"
"61807225174","AMEX:  Data for Increased Spending Limit Software POC","0060000000Bna12AAB"
"61840647247","Citi Enterprise API","0060000000BnYYrAAN"
"61809548600","BAC AO Phase II, Account Maintenence and Quick View Consulting","0060000000BjA73AAF"
"61839263237","BBVA Compass: Risk Innovation SOW POC","0060000000Bj62FAAR"
"61846064985","RBC IAV Upgrade CO #2 to SOW 21","0060000000Bj5riAAB"
"61849476197","Vitality booking adjustment","0060000000Bj5jUAAR"
"61814973758","Personal Capital - Renewal","0060000000Bj5g1AAB"
"61816984615","Citi_TDE POC","0060000000Bj5GZAAZ"
"61850557975","Fidelity_Tandem for HNW [Pilot]","0060000000Bj5EJAAZ"
"61809707364","BBVA Compass - Annual Subscription Fee","0060000000Bj53JAAR"
"61806917030","Barclays Retails - PFM/Aggregation","0060000000Bj3M0AAJ"
"61816825890","Barclays Wealth - Aggregation","0060000000Bj3LvAAJ"
"61817750967","Lloyds - Mortgage Application","0060000000Bj3LqAAJ"
"61852575653","TransferWise - New Buss (true up)","0060000000BimRCAAZ"
"61810478351","Chase IAV_API Updates_Data Service Integration","0060000000BimMgAAJ"
"61842193959","UBS_Dedicated Data Team","0060000000BimLOAAZ"
"61843590413","Fidelity_Security Normalization","0060000000BimIPAAZ"
"61845137166","TransferWise - TU","0060000000BilDRAAZ"
"61806302725","Tiller / Maclean Industries LLC-month 5","0060000000BikENAAZ"
"61808467615","Kabbage - Change order for Spain","0060000000Bic9BAAR"
"61811562006","RBC - SunLife Refresh Frequency Message","0060000000BiYjGAAV"
"61846378289","Integrated Rewards-month 6","0060000000BiW09AAF"
"61810785871","Zoho Corporation - Auto Renewal","0060000000BiVpkAAF"
"61819308451","Wealth Access LLC - New Contract","0060000000BiVnZAAV"
"61851173894","Owl Finance - Auto Renewal","0060000000BiVcXAAV"
"61851022137","LessEverything, Inc. - Auto Renew","0060000000BiVagAAF"
"61808467765","RBC - IAV Renewal","0060000000BiTVMAA3"
"61811102578","BPAA Renewal","0060000000BiT5RAAV"
"61842354511","AO Renewal","0060000000BiT4sAAF"
"61841428366","Capital One: SB: Card Application Data: EQUIFAX","0060000000BiT31AAF"
"61813886469","PNC Bank -SMB - SOW 33","0060000000BiRBvAAN"
"61844366438","Prospa Advance","0060000000BiM95AAF"
"61849166164","BAC - OOS Service Modifiction Regression Testing","0060000000BiAtDAAV"
"61839410202","Acorns Grow - AUS","0060000000BiASDAA3"
"61850868876","Citi_PFM Enhancements_Vulnerability Assessment","0060000000Bi9JMAAZ"
"61810008177","Cloud Counting-Agg","0060000000Bi96XAAR"
"61848849806","RBC - Spendable Balance (Sense)","0060000000Bi8xLAAR"
"61844210300","Citi_Batch Feed Change","0060000000Bi8hrAAB"
"61840803213","Wealth Access LLC - TAM","0060000000Bi6YOAAZ"
"61847466378","Lula Lend","0060000000Bi5D4AAJ"
"61809853040","Caring Cent-Agg","0060000000Bi06nAAB"
"61807384141","22Seven Fastlink PS Consulting","0060000000BhllHAAR"
"61841585274","BAC:  Financial Wellness / TDE / Held Data","0060000000BhdoYAAR"
"61820073384","ANZ - Corporate Banking","0060000000BhYmmAAF"
"61845603222","PayPal:  Balance Check","0060000000BhRgTAAV"
"61839097526","Wells Fargo - MFA for IAV","0060000000BhQjwAAF"
"61811410866","TRP - SOW #6 Refresh of Inactive Users","0060000000BhQj8AAF"
"61816514173","LendingClub - Retail","0060000000BhOOFAA3"
"61845603188","Wells Fargo-","0060000000BhFvPAAV"
"61850097715","ebay-","0060000000BhFvKAAV"
"61817449349","iLoan (OneMain) - Pilot","0060000000BhEKbAAN"
"61838643984","TIAA Datafeed Change_Trust Accounts","0060000000BhBwsAAF"
"61817133393","Personal Capital - PDF Statement","0060000000BhBJOAA3"
"61850097570","PayPal - Bill Pay","0060000000Bh9qHAAR"
"61846378246","PayPal: PPWC","0060000000Bh9q2AAB"
"61841585318","Target - Renewal 2017","0060000000Bh5hBAAR"
"61813263619","Janney - advisor aggregation","0060000000Bh0lzAAB"
"61841733556","USAA Duration Ext. Mobile FastLink","0060000000BgzOuAAJ"
"61841269071","Integrated Rewards-month 5","0060000000BgyOkAAJ"
"61849014786","Additional Alerts","0060000000BgpwzAAB"
"61851494029","Custom Maintenance Page","0060000000BgpvrAAB"
"61819763754","Kabbage - PS Resources for Spain","0060000000BgpiiAAB"
"61814343519","Securities Normalization","0060000000Bgl29AAB"
"61851637920","MFP for BOL","0060000000Bgl1LAAR"
"61814037931","OBO YCC Read Only","0060000000BgkzjAAB"
"61815743542","IAV Solution Review","0060000000BgkzKAAR"
"61849166203","Kabbage - 3 mo Renewal 2015","0060000000BgaN8AAJ"
"61848235654","1st Merchant Funding - Renewal","0060000000BgZlaAAF"
"61852416370","AMEX:  API for Risk","0060000000BgUnRAAV"
"61815431226","Fidelity_NextGen_FastLink Page Tagging","0060000000BgOyoAAF"
"61814813203","Fidelity_Synchronized API_CO#4 under SOW57","0060000000BgOtzAAF"
"61816674188","AMEX: Data for Increased Spending Limit SoW","0060000000BgNWzAAN"
"61846378165","Lifelock SOW - Training/Consulting","0060000000BgLPUAA3"
"61847621991","TIAA_Mobile FastLink","0060000000BgL0aAAF"
"61812950442","Target 2 yr renewal","0060000000BgKY4AAN"
"61848697236","Merrill Lynch - Advisor Alerts","0060000000BgJo0AAF"
"61806302770","WorkingPoint (pka Netbooks) - Renewal","0060000000BgHxpAAF"
"61843742774","BAC:  Home Lending <credit>","0060000000BgG5UAAV"
"61815743543","United First Financial (Worth Unlimited) - Auto Renewal","0060000000BgCMkAAN"
"61849316000","Regions Bank: TDE","0060000000BgBADAA3"
"61849787765","BAC SFG Change Ad Source","0060000000BgAVTAA3"
"61820381462","Chase PB PFM_Q3 Renewal","0060000000BgASZAA3"
"61813579185","BBVA Compass: IAV","0060000000BgALsAAN"
"61846378118","Capital One: SMB Bank Lending Data","0060000000Bg55TAAR"
"61844836747","IAV Plus Duration Extension","0060000000BfsiUAAR"
"61838643883","Schwab-","0060000000BfrVdAAJ"
"61809398362","T. Rowe Price - IAV with FastLink","0060000000Bfl0fAAB"
"61844210286","High Level Category Budget Alerts","0060000000Bfb9kAAB"
"61852260524","Integrated Rewards- month 4","0060000000BfLInAAN"
"61816825689","Capital One: TDE","0060000000BfIqsAAF"
"61811871814","Northwestern Mutual - SOW #7 LearnVest Merger","0060000000BfG6ZAAV"
"61818995750","Citi_Card Replacment Update_Implementation","0060000000BfBwbAAF"
"61819146321","LendingFront-Agg","0060000000Bf8RhAAJ"
"61850558124","Cetera:  Synergy ENV AdvisorNow","0060000000Bf7hUAAR"
"61847148628","Ally_BillPay_Post Migration Services_SOW#31","0060000000Bacu8AAB"
"61810172808","Ally_BillPay Transition Services_Bridge SOW","0060000000BacIjAAJ"
"61850869173","Investec Fastlink on Mobile","0060000000BabsqAAB"
"61817449475","Kabbage - Renewal 2016 Upside","0060000000BaWYuAAN"
"61813263532","Capitect-Agg","0060000000BaPQVAA3"
"61814813196","Reckon - renewal","0060000000BaK5EAAV"
"61816674322","Re-verification Project - Giact","0060000000BaJFyAAN"
"61841269037","Elderscan","0060000000BaJFKAA3"
"61845137162","Simply Studio","0060000000BaJDxAAN"
"61842970721","Yellow Labs Software","0060000000BaJ9gAAF"
"61812492346","Tradesmith LLC - PS/Dedicated Resource","0060000000BaD4FAAV"
"61808467777","MSFT POC Bing - Project Cancellation","0060000000BaAd0AAF"
"61839097445","Target 2 Month Renewal","0060000000BaAb1AAF"
"61850869164","B2B FT Next Day Service","0060000000Ba97hAAB"
"61808771482","SecureView","0060000000Ba8epAAB"
"61819146510","MFP like functionality for BOL","0060000000Ba8YSAAZ"
"61849787829","Right Capital LLC-Aggregation","0060000000BZnvfAAD"
"61816825685","IGG Software - PS","0060000000BZe4IAAT"
"61808155237","CircleBlack - PS","0060000000BZe3oAAD"
"61844366420","Key Bank PFM","0060000000BZYi4AAH"
"61849787734","Emerging Star Investment-Agg","0060000000BZKKRAA5"
"61841733551","BB&T Upgrade to  New Cash Flow FinApp","0060000000BZFxTAAX"
"61820534851","USAA - June 2015 Renewal","0060000000BZFb6AAH"
"61848545697","Fidelity_Retainer SOW 2016-1H","0060000000BZFXxAAP"
"61808003436","Additional Andera/BTL Support Hours","0060000000BZFLFAA5"
"61845137188","EWS Integration to Andera/BTL AO","0060000000BZEYSAA5"
"61808155216","Odoo SA-Agg","0060000000BZBorAAH"
"61838644022","Merrill Lynch - Data","0060000000BZAK7AAP"
"61819923757","Data Mapping Additional Product Types","0060000000BZ6vpAAD"
"61817286564","Quickbridge Funding-Agg","0060000000BZ5QKAA1"
"61843440150","Billhighway-Agg","0060000000BZ5OdAAL"
"61820534850","Billhighway-PILOT","0060000000BZ57zAAD"
"61808003495","ChangeIt- Agg API","0060000000BZ3uCAAT"
"61846529956","Mobile FastLink, Accounts FinApp, Expense Analysis and Transactions","0060000000BYrLVAA1"
"61847621956","Quickbridge Funding-PILOT","0060000000BYoDTAA1"
"61806917123","BAC Data Input Masking (GIS) Requirements","0060000000BYo2uAAD"
"61842664002","Ally_BillPay Transition Services_SOW#30","0060000000BYnnGAAT"
"61808771501","Vanguard: IAV","0060000000BYkvyAAD"
"61812805717","PNC Bank - TDE Usage Upside","0060000000BYkvoAAD"
"61812022706","Xero BillPay BETA","0060000000BYfUsAAL"
"61840336153","Wells Fargo - Segmentation for Private Bank","0060000000BYX9xAAH"
"61819611411","BAC -Enrollment Process Changes to Conform to GIS Standards","0060000000BYNV3AAP"
"61816984487","BB&T CSS Theme Presentation","0060000000BYMyaAAH"
"61847926651","Tax difference","0060000000BYKssAAH"
"61820381366","Banking Up-Agg","0060000000BYINKAA5"
"61846378286","Fidelity_CO#2 to SOW#57_Misc Consulting Svcs","0060000000BYHlVAAX"
"61844836743","Clarilogic Renewal","0060000000BY5RkAAL"
"61846687318","HelloWallet - 2nd Dedicated Engineer- PS","0060000000BXyCaAAL"
"61845448706","FormFree - PS for PDF Download","0060000000BXnUuAAL"
"61810172587","Best Egg - PS","0060000000BXnPfAAL"
"61815117866","Fidelity Stage Environment_SOW#58","0060000000BXkYJAA1"
"61820237165","Northwestern Mutual - CO#3 for SOW #4","0060000000BXjRCAA1"
"61849476002","TRP - API Calls for Advisors","0060000000BXjPBAA1"
"61845291563","Capitect, Inc.-PILOT","0060000000BXO8wAAH"
"61806302850","Personal Capital - Custom API","0060000000BXLuaAAH"
"61849787717","Citi_PFM_CBOL Error Messaging_Consulting","0060000000BXLu1AAH"
"61817449315","Transamerica - Renewal 2015","0060000000BXGqxAAH"
"61817133405","Kabbage - Renewal 2016","0060000000BXGqiAAH"
"61851494170","Equifax - Autorenewal 2015","0060000000BXGpzAAH"
"61820381529","Microsoft Commerce - IAV PS","0060000000BXFrOAAX"
"61847148622","PayPal IAV NB (Above Renewal)","0060000000BXFBdAAP"
"61847926586","Chase PB PFM_Q2 Renewal","0060000000BXCgyAAH"
"61843440006","USAA CO for FastLink Duration Extension","0060000000BXBbBAAX"
"61809398326","Wells Fargo - CO#1 to SOW #12 OAuth Duration Extension","0060000000BXBXjAAP"
"61850557974","Asset Advantage","0060000000BX9L1AAL"
"61850245197","PNC Bank - DNA","0060000000BX99HAAT"
"61807841380","Alphapack-PILOT","0060000000BX5MtAAL"
"61842820367","Emerging Star Investment Group-PILOT","0060000000BX3CfAAL"
"61841585415","ClosingBell, Inc.-Agg","0060000000BX3BhAAL"
"61840963440","Tiller-PILOT","0060000000BWs97AAD"
"61814504011","Turnkey-Agg","0060000000BWpFhAAL"
"61844525573","Investec UK Data Feeds setup","0060000000BWnq1AAD"
"61838949219","Vanguard - Institutional - SOW - extension","0060000000BWmJWAA1"
"61848076655","SVX - API","0060000000BWiPaAAL"
"61841115045","Fifth Third IAV - EWS -Like Solution - Credentialess","0060000000BWcwQAAT"
"61850868999","Fifth Third Bank Small Business","0060000000BWcwLAAT"
"61809082883","Wells Fargo Bank-","0060000000BSPD2AAP"
"61810008087","Northwestern Mutual - SAML User ID Migration","0060000000BSHmZAAX"
"61839569570","B2B Banner Update","0060000000BSDUbAAP"
"61851336737","Citi Adhoc Report for Card Only Users","0060000000BS9P4AAL"
"61849166172","Responsive Elements","0060000000BS4YtAAL"
"61846687240","Capital One","0060000000BS3pYAAT"
"61843288891","CAPITAL ONE-","0060000000BS3oVAAT"
"61842503699","RightCapital","0060000000BS27KAAT"
"61844366345","National Funding-PILOT","0060000000BS1yIAAT"
"61845760587","Colibri Lending-Agg","0060000000BRqmVAAT"
"61848545601","RBC Data POC","0060000000BRq06AAD"
"61813263665","Northwestern Mutual - CO#2 for SOW #4","0060000000BRnm9AAD"
"61843288873","SB ULOC - New Product Release","0060000000BRjK9AAL"
"61815273912","BAC Dedicated Stage Environment","0060000000BRjJfAAL"
"61816513940","National Funding-Agg & IAV","0060000000BRgxPAAT"
"61842503608","Fidelity_CO#1 to SOW#57_FastLink and Account Selection for Cinch","0060000000BRSrKAAX"
"61814663310","BB&T Account Number Truncation Customization","0060000000BRSCfAAP"
"61845291542","Paychex - PS in 2015 Renewal","0060000000BRQn3AAH"
"61814663353","Citi_PFM_Domain Name Changes","0060000000BRLOzAAP"
"61851494023","BBVA Compass: Family Initiative/Tandem","0060000000BRKkJAAX"
"61816825773","FIS - IAV Expansion","0060000000BRKB4AAP"
"61847001150","Citi_OLB Integration with API","0060000000BRHJbAAP"
"61842970789","Blackbaud - IAV","0060000000BRFL4AAP"
"61849014710","HelloWallet 2015 Renewal - PS Opp","0060000000BR9g7AAD"
"61849315947","HelloWallet - 2015 Renewal","0060000000BR9dmAAD"
"61848235653","Updates to MFP emails for FA","0060000000BR7koAAD"
"61843288918","BAC Upgrade to Syncronized API","0060000000BR3U8AAL"
"61808615744","USAA Data Report","0060000000BR1NRAA1"
"61846687247","TIAA-CREF - Data Report","0060000000BQxp7AAD"
"61811871913","BBVA Compass: Data Report","0060000000BQxgzAAD"
"61808771494","T Rowe Price - Data Report","0060000000BQxfCAAT"
"61810008138","RBC - Data Report","0060000000BQxbPAAT"
"61845448750","Aggregation POC SOW for PS","0060000000BQxJpAAL"
"61839874451","Fidelity Investments; Data Reports","0060000000BQx5OAAT"
"61849476150","Citi:Data Report","0060000000BQwwGAAT"
"61813579293","NT - Transaction API Release Support","0060000000BQulVAAT"
"61846841780","USAA - Split Transaction Consulting","0060000000BQuN9AAL"
"61851173648","Amazon SMB IAV","0060000000BQtV4AAL"
"61816674157","Lifelock FastLink Integration SOW - PS","0060000000BQsPkAAL"
"61841269042","BAC - CO to Support Testing for FL in My Portfolio","0060000000BQsKzAAL"
"61838643878","Citi_YCC Testing Environment","0060000000BQqSnAAL"
"61809398441","MoneyLendingClub","0060000000BQnpwAAD"
"61819146552","USAA OAuth","0060000000BQkFqAAL"
"61813886515","USAA - Enterprise API","0060000000BQkC3AAL"
"61847926679","BAC - TRODS Cut Over Support","0060000000BQk3CAAT"
"61843131944","Annual Renewal","0060000000BQa0tAAD"
"61840181026","Amazon CDV","0060000000BQPlWAAX"
"61808925255","ReconArt - Agg API","0060000000BQITWAA5"
"61845920082","Sage One UK - API","0060000000BQDsmAAH"
"61809398449","Northwestern Mutual - CO#1 for SOW #4","0060000000BQ6siAAD"
"61851336994","Wells Fargo - File Delivery Schedule","0060000000BQ4vDAAT"
"61819763635","Personal Capital - CO#1 for SOW #14","0060000000BQ1MkAAL"
"61809243560","CO for support hours","0060000000BPzWyAAL"
"61812186730","Healthtech Consultants-PILOT","0060000000BPyeNAAT"
"61845448766","22Seven renewal","0060000000BPraDAAT"
"61808467716","Renewal - Amex IAV Amend 2 Prod Sched 7","0060000000BPhDsAAL"
"61840647073","Q4 2015 Northern Trust Renewal","0060000000BPfFgAAL"
"61840647176","Q3 2015 Northern Trust Renewal","0060000000BPfFbAAL"
"61808925269","Q2 2015 Northern Trust Renewal","0060000000BPfFMAA1"
"61811713180","Q1 2015 Northern Trust Renewal","0060000000BPfF7AAL"
"61819923785","Pariti - API","0060000000BPcnDAAT"
"61850868885","Tangerine- Tandem","0060000000BPchKAAT"
"61851022196","Interactive Brokers - aggregation","0060000000BPchFAAT"
"61808615752","MiniDonations-PILOT","0060000000BPSvfAAH"
"61851952513","Northwestern Mutual - PS Dedicated Resources","0060000000BPQvcAAH"
"61816513917","AO POC","0060000000BPQraAAH"
"61849166157","Tangerine- SOW #2","0060000000BPIO9AAP"
"61849315924","Paychex - Renewal Upside","0060000000BPGopAAH"
"61842503579","Wells Fargo:  Institutional Retirement and Trust","0060000000BPFDSAA5"
"61816357767","Cha-Ching Renewal","0060000000BPE32AAH"
"61809707562","Ally: Data Reports","0060000000BPCncAAH"
"61852260509","TIAA-R@W_CO #3 to SOW 8","0060000000BP3eEAAT"
"61815274042","Whetstone Holdings-Agg & IAV","0060000000BOvPDAA1"
"61815743524","Bank Of America C3PM Support","0060000000BOrMsAAL"
"61808003478","SDK Implementatin","0060000000BOn7cAAD"
"61842970720","Paymi - Agg","0060000000BOmrcAAD"
"61810317695","Fidelity Family Office Advisor Dashboard","0060000000BOiwBAAT"
"61842193814","Alkami - FinApps and Aggregation","0060000000BOeAMAA1"
"61846841765","Cha-Ching New Booking","0060000000BOa7MAAT"
"61820534712","BBVA Compass: Mobile FinApps","0060000000BOPxMAAX"
"61816357746","BAC SFG Report","0060000000BOJ1IAAX"
"61846841917","Northwestern Mutual - Additional SDK Consulting SOW#4","0060000000BOBLlAAP"
"61850557978","LendingClub - RI","0060000000BOBEpAAP"
"61810008210","Citi_PFM_FastLink Customizations","0060000000BO8yAAAT"
"61813886378","BBVA Compass: Risk Innovation Amendment","0060000000BO46iAAD"
"61839263245","Comerica Strategic Wealth and Data","0060000000BNxrfAAD"
"61849166216","Yodlee Mobile FinApp Integration","0060000000BNbYGAA1"
"61847926577","Merrill Lynch - Committed PS","0060000000BNbWAAA1"
"61814813284","USAA: TDE","0060000000BNajsAAD"
"61814037873","Northwestern Mutual - PS Work for FinApps","0060000000BNZdQAAX"
"61839569578","Citi Global View / LaTAM PFM","0060000000BNYwHAAX"
"61841269170","Wells Fargo - Yodlee API refresh call","0060000000BNQzjAAH"
"61810626957","Wells Fargo - Wells API refresh call","0060000000BNQxFAAX"
"61842820414","Wells Fargo - Data Extracts CO#3","0060000000BNONJAA5"
"61844051326","BMO Harris - Forced Refresh","0060000000BNNvvAAH"
"61814973833","Bank Of America Forced Refresh","0060000000BNNfEAAX"
"61852260463","FormFree - PS SOW#2","0060000000BNMZCAA5"
"61807384130","TRP - PS Package - Solution Review","0060000000BNLaMAAX"
"61809707306","Compass - Mobile FinApp Package","0060000000BNLXrAAP"
"61838643860","Personal Capital - Streamlined IAV","0060000000BNFtFAAX"
"61819146556","PFM SDK/Channel","0060000000BNEUJAA5"
"61808003448","SVX SDK","0060000000BNE7FAAX"
"61852416358","Personal Capital - OAuth","0060000000BNCTnAAP"
"61815892564","myERP-Aggregation","0060000000BNAucAAH"
"61841886307","Video & One Pager for FAs/CAs","0060000000BN4ogAAD"
"61841733665","Northern Trust - Data Feed","0060000000BN2HRAA1"
"61816674348","USAA Data Driven Targeting","0060000000BN2HHAA1"
"61818837092","Compass - Refresh Initiative","0060000000BN29KAAT"
"61807691583","TRP - Refresh Initiative","0060000000BN28RAAT"
"61818995585","MiniDonations-PILOT","0060000000BN1QvAAL"
"61813263638","Comerica - Clickjacking","0060000000BMu8kAAD"
"61813263684","PAS - Aggregation","0060000000BMtpuAAD"
"61843590313","PS PACKAGE_Fidelity_ Refresh","0060000000BMtCjAAL"
"61819452536","Lending Point- Agg + IAV","0060000000BMt8bAAD"
"61845760590","PS PACKAGE_ETrade_Solution Review IAV","0060000000BMsjJAAT"
"61808003490","PS PACKAGE_Citi_Marketing Data Extract","0060000000BMsVHAA1"
"61841733635","TIAA_PS Package_Cross Sell FinApp","0060000000BMsSrAAL"
"61816825888","PS PACKAGE_TIAA_Mobile FinApps","0060000000BMsP9AAL"
"61838949224","RBC - IAV Plus","0060000000BMkCCAA1"
"61845760435","US Bank Credit Data for SMB","0060000000BMibNAAT"
"61809707559","Enhanced Data Categorization","0060000000BMiPHAA1"
"61840025095","Northern Trust - Held Away Data Snapshot","0060000000BMdMbAAL"
"61840336212","Kabbage Co-Brand PS Migration","0060000000BMbw4AAD"
"61809548703","RBC - CO 8 to SOW 17 - Duration Extension","0060000000BMTFuAAP"
"61812022680","Paycom-Agg","0060000000BMSGXAA5"
"61808309257","USAA - Held Away Data Snapshot","0060000000BMI1wAAH"
"61851494180","TIAA-R@W_CO #2 to SOW 8","0060000000BMBJAAA5"
"61849787794","Northwestern Mutual FastLink on OLB","0060000000BMBHsAAP"
"61808003481","Zions Bancorporation - Small Business","0060000000BMAS1AAP"
"61840647072","Wells Fargo Advisors Upgrade CO#3","0060000000BM5xeAAD"
"61813111054","Nicknames for External Accounts","0060000000BM3PpAAL"
"61818534186","Data Feed Update - Outstanding Balance in LMAs","0060000000BM2A6AAL"
"61844836746","Loanz inc - IAV API","0060000000BLxjrAAD"
"61850869017","UBS PoC","0060000000BLk6qAAD"
"61810938280","Personal Capital - Custom Statement Generation","0060000000BLcOaAAL"
"61814813195","RightCapital LLC-PILOT","0060000000BLY1SAAX"
"61839097440","RBC - 2Way SSL","0060000000BLKpKAAX"
"61811102514","MSFT Commerce - IAV","0060000000BLGv8AAH"
"61808003416","TRP - Custom Maintenance Fee for PS","0060000000BL2sTAAT"
"61843590317","WealthTrace-Agg","0060000000BKyIcAAL"
"61850558055","RBC - CO 7 to SOW 17 - Duration Extension","0060000000BKvuDAAT"
"61843440134","Amex_IAV Upgrade w/FastLink","0060000000BKuujAAD"
"61844836745","SDK/API for Digital","0060000000BKqOUAA1"
"61842970751","Northwestern Mutual Northwestern Mutual CO#1 to SOW#1","0060000000BKq5wAAD"
"61806916977","Zoho Corporation - Renewal","0060000000BKip0AAD"
"61810008200","Fidelity_Super SOW#57_2015 Initiatives","0060000000BKfKHAA1"
"61847622173","SEI Investments-GoalInvestor Aggregation","0060000000BKcyUAAT"
"61809243528","Investec UK PFM PS","0060000000BKWeFAAX"
"61839874398","B2B Footer Update","0060000000BKJkuAAH"
"61840647239","Hackahon oppty","0060000000BK49UAAT"
"61819308401","BMO-Harris Bank - SOW-CO #18","0060000000BK3CYAA1"
"61816046597","Extension - Amex IAV Schedule #7","0060000000BFpBlAAL"
"61816203525","Extension - Amex IAV Schedule #6","0060000000BFp8hAAD"
"61817750908","BB&T: Credit Score FinApp","0060000000BFeIgAAL"
"61808615772","BB&T: Mobile FinApps","0060000000BFdz0AAD"
"61819308347","Barclays - PFM/APIs","0060000000BFaZ5AAL"
"61807532911","BAC Mobile","0060000000BFaFUAA1"
"61841428365","United First - Renewal","0060000000BFYIzAAP"
"61841886086","RBC - CO 6 to SOW 17 - Duration Extension","0060000000BFX46AAH"
"61847776318","Personal Capital - Data migration for Site Based API's","0060000000BFU4LAAX"
"61816984489","SageOne - Renewal","0060000000BFOffAAH"
"61842193933","SageOne - API","0060000000BFOfaAAH"
"61812022694","Northwestern Mutual Account Summary for Advisor's CO","0060000000BFFUwAAP"
"61850097550","USAA - Opportunity - TDE","0060000000BFBvyAAH"
"61844366437","BAC Liquidity View","0060000000BFANnAAP"
"61850711062","MFP Add Security Info in Modal","0060000000BEspQAAT"
"61841269113","RBC - IAV Upgrade and 2 Way SSL","0060000000BEslSAAT"
"61810938246","USAA - Credit Card Transformation Project","0060000000BEonSAAT"
"61814663331","Tandem","0060000000BEfxKAAT"
"61810938224","Dynamic Ideas Financial- Agg API","0060000000BEduYAAT"
"61813263705","TIAA_Technology_API Consulting","0060000000BERgmAAH"
"61847001264","TIAA_PFM on Statement_POC","0060000000BEQ3hAAH"
"61816674140","Fidelity_Family Office_Advisor Transaction Categorization Solution","0060000000BEPxlAAH"
"61813419430","Compass CO #10 Monarch Hours","0060000000BEOi8AAH"
"61815117876","RBC - Resiliency Testing Support","0060000000BEH1OAAX"
"61808309260","Charles Schwab Aggregation and APIs","0060000000BEGyoAAH"
"61839410221","BBVA Compass: Future Advisor","0060000000BE8IpAAL"
"61847466547","API Consultation - Northern Trust","0060000000BE7hcAAD"
"61811562052","Remove myTaxCentre - HRB FinApp - RBC","0060000000BE78AAAT"
"61806456876","Bank of America Accounts and Txnx FinApp Updates","0060000000BE2qRAAT"
"61851637939","LendingYard - Agg API","0060000000BDsHxAAL"
"61851494052","Q4 2014 Northern Trust Renewal","0060000000BDiy8AAD"
"61816513956","QC Holdings- Agg API","0060000000BDReoAAH"
"61819146344","Account Opening for Promo Money Market","0060000000BD5zbAAD"
"61814343510","Kabbage - BillPay Service","0060000000BCs4QAAT"
"61841115016","Tradesmith LLC - New Booking","0060000000BCkjkAAD"
"61838949293","Principal Financial Group: Aggregation","0060000000BCj0hAAD"
"61846378135","MFP for prospects","0060000000BCiswAAD"
"61840500281","MoneyGuidePro - Budget/PFM Finapps","0060000000BCRP5AAP"
"61812492408","OmniScient Aggegation","0060000000BCREKAA5"
"61850868869","Best Egg (Marlette Funding, LLC) - IAV API","0060000000BCKtfAAH"
"61850557973","MasterCard Advisors Data","0060000000BCFE2AAP"
"61811102561","CBA SDK","0060000000BCE2PAAX"
"61811410986","Tradesmith LLC - Renewal","0060000000BC5AcAAL"
"61842503688","RBC - Custom Data Extract for Balance Transfer Offer","0060000000BC55IAAT"
"61807384163","Amex Consumer Bill Payment","0060000000B3DFBAA3"
"61852416381","FormFree - IAV","0060000000B3CnCAAV"
"61811871782","Mint Comparison Project","0060000000B3D01AAF"
"61815117859","MLE Project Duration Extension CO","0060000000B3Cm8AAF"
"61807225114","Microsoft AGG - PS","0060000000B36a7AAB"
"61847001245","BAC:  New Small Business","0060000000B32OqAAJ"
"61842354516","City National Bank - PFM Wealth","0060000000B2wV2AAJ"
"61841733517","Chase PB PFM_Renewal","0060000000B2q49AAB"
"61852416357","Classification Application for FAs","0060000000B2kcRAAR"
"61842193782","SOW #CW976245","0060000000B2kQMAAZ"
"61809082926","JPM Chase_IAV_Renewal","0060000000B2I9AAAV"
"61838643892","Renewal - Amex IAV for Enterprise Growth","0060000000B2I6BAAV"
"61847148584","Dynamic Ideas Financial-PILOT","0060000000B1p4bAAB"
"61841733663","BBVA - Categorisation Pilot","0060000000B1jIQAAZ"
"61847311702","PayPal - PFM SOW","0060000000B1cjtAAB"
"61820381444","CUA Expensify","0060000000B1cZjAAJ"
"61840025100","970919","0060000000B1SXOAA3"
"61814343554","BAC-ML Budget FinApp","0060000000B1NwsAAF"
"61820534882","Wells Fargo Advisors Upgrade CO#2","0060000000B1MxbAAF"
"61842820382","Wealth Access Renewal","0060000000B1HgEAAV"
"61819308385","Simply Studio Renewal","0060000000B1HWxAAN"
"61842049311","Owl Finance Renewal","0060000000B1HQtAAN"
"61845920052","Blueleaf Renewal","0060000000B1H2JAAV"
"61812186553","Biz2Credit Renewal","0060000000B1H0hAAF"
"61844981824","USAA Budget Alert Enhancements","0060000000B1F09AAF"
"61847148559","NT - IAV Duration Change Order","0060000000B1BJqAAN"
"61806762866","Charles Schwab-","0060000000B1709AAB"
"61839725333","TIAA-R@W_Proposal for Alert Mgmt","0060000000B137YAAR"
"61838949261","BB&T PFM SOW 2 SDK 100 Support Hours","0060000000B107YAAR"
"61845603209","RBS - Williams and Glynn PS Workshop Cost","0060000000B0yLLAAZ"
"61843132017","Northwestern Mutual Account Summary for Advisor's CO","0060000000B0y8xAAB"
"61844051374","Wells Fargo SOW for oAuth Consulting","0060000000B0xxzAAB"
"61847001344","BBVA - Data Categorisation","0060000000B0wOvAAJ"
"61840803197","BMO-Harris Bank - SOW-CO","0060000000B0tc0AAB"
"61841428364","Capital One-","0060000000B0sjhAAB"
"61808771481","RBC - CO 5 to SOW 17 -  IAV Duration Extension","0060000000B0rlaAAB"
"61846378302","Investec Fastlink layout re-design","0060000000B0iLlAAJ"
"61852416337","Fidelity_2014 PS_BrokerageLink_SOW #54","0060000000B0fZgAAJ"
"61807384162","RBC - CO 4 to SOW 17 -  IAV Duration Extension","0060000000B0dpLAAR"
"61845920028","UBS - Advisor - Aggregation","0060000000B0dQaAAJ"
"61813263626","BBVA Compass: API Innovation","0060000000B0d6fAAB"
"61847311872","Morgan Stanley:Synergy","0060000000B0bKXAAZ"
"61843440008","Webster Bank SMB","0060000000B0ZEnAAN"
"61852575642","CreditSense - SDK Cobrand","0060000000B0YcbAAF"
"61845291435","BAC Cash Flow FinApp","0060000000B0XsMAAV"
"61839263255","CreditSense - API","0060000000B0TB0AAN"
"61845760432","MoneyGuidePro - Cetera","0060000000B0SP2AAN"
"61839569528","Navatar - Aggregation","0060000000B0SO9AAN"
"61807225125","PNC Support Hours","0060000000B0JqZAAV"
"61816357700","IGG - Renewal","0060000000B0Es6AAF"
"61846841875","Union Bank - SMB Partner Hub","0060000000B0BmRAAV"
"61808771509","RBS - Williams and Glynn PFM Retail and SMB","0060000000B07zNAAR"
"61812492550","Keybank SMB PFM","0060000000B05fMAAR"
"61820237066","BB&T Amendment 1 - Data Extracts Product","0060000000B05D0AAJ"
"61807533118","RBC 3.0 Upgrade and UX/Navigation Enhancements","0060000000AzusGAAR"
"61841269057","FIS - InterPayment AV","0060000000AzcTaAAJ"
"61813263676","Yellow Labs Renewal","0060000000Azc9SAAR"
"61848545692","Strategic Funding Source Renewal","0060000000Azc4cAAB"
"61838949299","HelloWallet Dedicated Team","0060000000AzUpSAAV"
"61814813100","FormFree PS","0060000000AzRSBAA3"
"61843742778","HedgeOp (Cordium) -Booking","0060000000AzKKhAAN"
"61819763718","HedgeOp (Cordium) - Renewal","0060000000AzKJtAAN"
"61819308546","BB&T PFM BRD Custom Work","0060000000AzHt7AAF"
"61820534830","SVB: API & data","0060000000AzFi6AAF"
"61815743577","Boston Financial - PS Services for CDV","0060000000AzFCcAAN"
"61814813078","SVB Small Business Opp","0060000000AzDz0AAF"
"61807691336","Investec Data extracts setup","0060000000Az2y4AAB"
"61842970750","PayPal IAV Australia","0060000000AyzvpAAB"
"61811102478","BAC ML IAV CO for Extension","0060000000Ayy9pAAB"
"61850097723","USAA - Mobile FastLink","0060000000Ayx1IAAR"
"61808155203","BAC Credit Score FinApp","0060000000AysJEAAZ"
"61850097697","Merrill Lynch - Data Team","0060000000AypCQAAZ"
"61820073369","Amazon MLE Extension","0060000000AyojBAAR"
"61806302815","Northwestern Mutual PFM-SOW","0060000000AynscAAB"
"61814973831","Wells Fargo:  Small Business","0060000000AylO3AAJ"
"61838796847","Pocketsmith - New Booking","0060000000Ayik2AAB"
"61847776156","RBC - Name Matching Report","0060000000AyizfAAB"
"61842193796","CommonBond- Aggregation API","0060000000Aye2oAAB"
"61849315895","Kabbage - BillPay PS","0060000000AybmcAAB"
"61843439978","Wells Fargo Advisors Upgrade and  Data Extracts CO","0060000000AyXnbAAF"
"61841269070","Wells Fargo Advisors Data Extracts","0060000000AyXlfAAF"
"61817449493","PayPal - PFM","0060000000AyW1dAAF"
"61814663453","Yahoo-Data","0060000000AyUFQAA3"
"61811872064","Discovery Capital Mgt-","0060000000AyTv5AAF"
"61807533135","Envestnet - Aggregation","0060000000AyT5NAAV"
"61817603607","48 Factoring, Inc.- Aggregation","0060000000AyOt9AAF"
"61846064964","PNC Bank - PFM New Booking (Batch Expansion)","0060000000AyKLNAA3"
"61838796892","Kabbage Inc-Dedicated Team","0060000000AyFnBAAV"
"61845920015","M&T Stage - SOW 10 - Stage Environment","0060000000AyBtoAAF"
"61843895597","Target Corporation-Data","0060000000Ay7DbAAJ"
"61814503976","Blackbaud- IAV API","0060000000Ay1VtAAJ"
"61838949231","22Seven 12x upgrade and Fastlink implementation","0060000000Axx4MAAR"
"61817449477","BMO-Harris Bank - Experian score","0060000000Axx1rAAB"
"61812950377","PNC Bank - Experian Score","0060000000Axx1mAAB"
"61847466420","BMO-Harris Bank - IAV","0060000000Axx1cAAB"
"61841585421","BMO-Harris Bank - Data Report","0060000000Axx1XAAR"
"61808003411","BAC-ML Account Ownership","0060000000AxpnOAAR"
"61851638050","Ally: Funds Transfer","0060000000AxjtVAAR"
"61819308372","Ally: FinApp - SFG","0060000000AxjtBAAR"
"61807691160","Ally: Timely","0060000000AxjsXAAR"
"61841886118","ANZ- Renewal","0060000000Axiy2AAB"
"61846687284","BBVA Compass: DefaultCard","0060000000AxcRpAAJ"
"61813419539","BBVA Compass: IAV","0060000000AxcRaAAJ"
"61818837091","BBVA Compass: Funds Transfer","0060000000AxcRQAAZ"
"61816514161","BBVA Compass: MGP Aggregation","0060000000AxcQxAAJ"
"61849787735","USAA Enhanced Data Merchant Geo Categorization","0060000000AxcJgAAJ"
"61809853019","Chase - MGP Data Aggregation","0060000000Ax6pzAAB"
"61812332428","Compass CO #9 Monarch Hours","0060000000Awzh1AAB"
"61809707351","FIS - CeB Mobile","0060000000AwySdAAJ"
"61842193842","Amex_GPO IAV_Name Match Config Changes","0060000000AwLu9AAF"
"61839410022","Personal Capital-","0060000000AwIAtAAN"
"61816203653","Upside Booking - Concur","0060000000AwDMRAA3"
"61814504194","Fidelity_2014 PS Proposal_SOW#55","0060000000AwC4qAAF"
"61814343535","BAC - PFM Renewal","0060000000Aw7t9AAB"
"61839725205","Personal Capital - Dedicated Team Expansion","0060000000AvsLFAAZ"
"61809548598","USAA Net Worth and Porfolio Analysis FinApp Licensing Portion","0060000000AvozZAAR"
"61818534035","Renewal - Sammedia","0060000000AvkKlAAJ"
"61808925246","Nexonia Inc - Agg API","0060000000AvLDyAAN"
"61814343534","Q3 2014 Northern Trust Renewal","0060000000AvCHbAAN"
"61813419384","Q2 2014 Northern Trust Renewal","0060000000AvCHCAA3"
"61814663456","Q1 2014 Northern Trust Renewal","0060000000AvCGTAA3"
"61841428363","PNC - Batch Feed Project","0060000000AvBW8AAN"
"61841585245","Morningstar - Aggregation","0060000000Av8TVAAZ"
"61810172693","ALLY_2015 Upgrade_Discovery SOW","0060000000AuuL0AAJ"
"61847311792","ALLY_Jefferson UAT Support","0060000000AuuGjAAJ"
"61846841726","TIAA_360 FV_CO#1 to SOW#6_Deleting Inactive Users","0060000000AqdhtAAB"
"61806917138","BAC - 2014 Checking Product Enhancment","0060000000AqcyYAAR"
"61849014649","TIAA-CREF_Account Home Page Integration - Addtl Pre-launch Support","0060000000AqQPBAA3"
"61808309121","RBC OPC Testing and Launch Support","0060000000AqKv5AAF"
"61842193808","Jetson Systems- Agg API","0060000000AqF9TAAV"
"61814343553","TIAA_Site Catalyst Tagging_CO#2 to SOW#4","0060000000Aq6qFAAR"
"61842970788","US Bank Tandem Pilot","0060000000Aq4vFAAR"
"61810008238","Comerica Central - SAML Engagement","0060000000Aq2Y1AAJ"
"61847466538","Investec PS Consulting extension","0060000000ApmJfAAJ"
"61817750914","Tangerine- BPAA","0060000000AplFEAAZ"
"61813419327","Discovery Data Feed","0060000000Apg47AAB"
"61809548613","FormFree Holdings Corporation-","0060000000ApZ5uAAF"
"61816825753","JPM_RPS Hybrid PFM","0060000000ApWoVAAV"
"61810938247","BAC C3PM Card transition Regression Testing","0060000000ApMAyAAN"
"61808467625","K2- Aggregation API","0060000000Ap7vxAAB"
"61841886092","BMO Harris Stage Environment","0060000000AolaIAAR"
"61849627051","Zions Bancorp Enterprise PFM","0060000000AohoTAAR"
"61816984505","BAC Transaction API Regression Testing Support","0060000000Aoh8XAAR"
"61806607009","Morningstar","0060000000AocjKAAR"
"61840963487","Thomson Reuters - Tax & Acct Division-","0060000000AocfBAAR"
"61849476201","RBC CO 3 to SOW 17 - Custom IAV Flow/$0 Balance Report","0060000000AoR3WAAV"
"61838644046","USAA Net Worth and Porfolio Analysis FinApp Deployment","0060000000AoLhgAAF"
"61816984350","RBC- SMB","0060000000AoFVxAAN"
"61842970512","PNC Bank -SMB","0060000000AoFVsAAN"
"61817449502","Kabbage Code Review","0060000000Ao7OpAAJ"
"61816046516","RBC - Custom IAV Flow/$0 Balance Annual Maintenance","0060000000Ao41qAAB"
"61846841927","BAC - ML Client Site Redesign #2","0060000000AnwWjAAJ"
"61811561889","WinTrust PFM FinApps","0060000000AnhREAAZ"
"61808309134","Edward Jones:  Wealth Aggregation","0060000000AnhN7AAJ"
"61816825734","TransferWise - IAV API","0060000000AnankAAB"
"61846219108","BB&T: SMB","0060000000AnYjdAAF"
"61810172847","Navy FCU: PFM","0060000000AnWyZAAV"
"61848697378","CRIF Lending Solutions-FT/IAV","0060000000AnV0DAAV"
"61844366230","Amex_GPO_IAV Extension","0060000000AnShZAAV"
"61816357718","TIAA-CREF_Support for Homepage Launch","0060000000AnSeVAAV"
"61820237147","Investec PS support extension","0060000000AnPpzAAF"
"61809398390","TIAA-CREF_Upgrade SAML 2.0","0060000000AnHqEAAV"
"61846378071","Amex: Aggregation for Credit (India)","0060000000AnFOlAAN"
"61844836769","BMO Harris FastLink for TotalLook","0060000000AnCPzAAN"
"61811562021","BAC - ML Loan Balance","0060000000An4Q2AAJ"
"61838644006","TRP - PFM Renewal","0060000000An1bTAAR"
"61851173515","PNC BPAA Renewal","0060000000AmzCbAAJ"
"61815431326","PNC PFM Contract Renewal","0060000000AmoLWAAZ"
"61840336204","PNC AO Tier Contract Renewal","0060000000AmoJ6AAJ"
"61848849924","BMO Harris SFG Enhancements","0060000000AmkWiAAJ"
"61812186714","BAC Accounts Overview Restart","0060000000AmY9HAAV"
"61848545801","Wells Fargo oAuth Production","0060000000AmY7AAAV"
"61840500300","Amazon IAV Expansion","0060000000AmY0PAAV"
"61846687330","Q1 2014 Northern Trust Renewal","0060000000AmT7uAAF"
"61846841727","Biz2Credit- SDK EE","0060000000Adj1lAAB"
"61841115044","Fidelity Renewal - 18 mos","0060000000AdcsCAAR"
"61839725360","Compass CO #8 Monarch Hours","0060000000AdbjeAAB"
"61817449321","RBC - IAV Duration Extension","0060000000AdarbAAB"
"61809852988","RBC CO 2 to SOW 17 - Custom IAV Flow/$0 Balance","0060000000AdappAAB"
"61842354473","Fidelity Envestnet Consulting SOW#56","0060000000AdYGyAAN"
"61849315910","SunTrust: Data Aggregation","0060000000AdQx6AAF"
"61811102589","Discover Default Payment Card POC","0060000000AdQHaAAN"
"61816984472","BAC T&C Accept-Decline Report","0060000000AcfuXAAR"
"61819452568","Ally iFrame Jefferson - CSS","0060000000Acey8AAB"
"61814194571","Discovery Custom Extract PS SOW","0060000000AcbTTAAZ"
"61818995743","USAA Budget Enhancements","0060000000AcUvfAAF"
"61840500233","TIAA-CREF PFM_FinApp Integration Consulting and Design","0060000000AcFilAAF"
"61810317712","JPM Chase_PB PFM 9X Upgrade w/SSO","0060000000AcFTMAA3"
"61849787773","JPM Chase_PB PFM 9X Renewal","0060000000AcFGcAAN"
"61820237144","Union Bank -  Business Financial Solutions","0060000000AcCFbAAN"
"61818534053","Comerica PFM Retail","0060000000AcCFWAA3"
"61846219078","Huntington: Aggregation and IAV","0060000000Ac7vAAAR"
"61844525594","CircleBlack- Aggregation API","0060000000AbwGFAAZ"
"61811411003","Regions: SMB Partner Hub","0060000000AbeAUAAZ"
"61848545707","BAC - ML  OMT CO","0060000000AbUynAAF"
"61808467733","PNC Prepaid Card AO","0060000000AbOqyAAF"
"61845137187","Checkbook.io - IAV API","0060000000AbHSaAAN"
"61851022216","BAC Value FinApp","0060000000AbG21AAF"
"61840803115","M&T SMB","0060000000AbFDoAAN"
"61839097467","Citigroup - Global View of Accounts","0060000000AbAZXAA3"
"61849315914","Compass - SOW 15 - CO1","0060000000Ab6dGAAR"
"61848545627","Personal Capital - Dedicated Team","0060000000AazHVAAZ"
"61818995733","MasterCard SMB","0060000000Aay0aAAB"
"61846064936","BMO Harris - Changes to support integration of TSYS for credit cards","0060000000AacEvAAJ"
"61816357699","Personal Capital - Bucket of PS Hours","0060000000AaYrtAAF"
"61813419390","Harris Alert Changes","0060000000AaXgrAAF"
"61820073341","Money Guide Pro - Aggregation Deal","0060000000AaULlAAN"
"61810478478","BAC ML CO#2 Advisor Workstationo","0060000000AaL01AAF"
"61807841379","Fidelity Next Gen Consulting","0060000000AaHXuAAN"
"61808615799","Blackbaud- Aggregation API","0060000000AaDQmAAN"
"61820073366","Lenderboard (Funding Gates) - Aggregation API","0060000000Aa8tfAAB"
"61850245263","Buildium- Aggregation API","0060000000Aa4MfAAJ"
"61816203629","Personal Capital - DES Customizations","0060000000AZzvYAAT"
"61809707556","RBC - Usability Enhancements","0060000000AZxN0AAL"
"61810478405","Amazon IAV MLE - Separate Environment","0060000000AVKhQAAX"
"61840500252","Wells Fargo Retail PFM","0060000000AUm5GAAT"
"61818534169","Compass CO #7 Monarch Hours","0060000000AUkVNAA1"
"61815274071","Ally PCI Item - Mask Account Numbers","0060000000AUf6SAAT"
"61845603233","Ally Alerts - Template Redesign","0060000000AUf50AAD"
"61851022177","USAA Data Feed Enhancements","0060000000AUdttAAD"
"61808155183","USAA FinApp Integration POC","0060000000AUdtFAAT"
"61840500313","CL - Int Expansion & 4 yr","0060000000AUQ5PAAX"
"61806302752","Citigroup - PFM - Contract Renewal","0060000000AUIbeAAH"
"61850868875","TIAA-CREF_PFM_3 Year Renewal","0060000000AUIQnAAP"
"61818534066","American Express - Data POC","0060000000ATgz1AAD"
"61840180872","BAC ODS Channels Migration Agent Change","0060000000ATdO4AAL"
"61810785690","Northwestern Mutual PFM","0060000000ATVhKAAX"
"61806607014","TIAA-CREF_Account Home Page Integration - CO#3 Project Extension 1 Week","0060000000ATDuXAAX"
"61816984342","TRP - Shared Stage Environment Extended Availability","0060000000ATAaYAAX"
"61840500247","Ally Sprint Process - Requirements Phases","0060000000ATAFrAAP"
"61847466561","Wells Fargo Family Wealth Management  PFM - CA","0060000000ASrMCAA1"
"61818534166","Renewal","0060000000ASr5kAAD"
"61810478411","BAC - ML FA Email Reporting","0060000000ASp57AAD"
"61842503717","Comerica August 2013 Extention","0060000000ASoCVAA1"
"61814194591","USAA Upgrade Change Order # 2- Duration Extension","0060000000ASnokAAD"
"61840336182","Compass Data Extract","0060000000ASmwlAAD"
"61844525470","Huntington Bank - Retail / Cancelled as Duplicate Oppt","0060000000ASmGtAAL"
"61819763618","Capital One: IAV for SMB","0060000000ASgxPAAT"
"61806456989","Renewal","0060000000ASbX3AAL"
"61847001231","Amex_SERVE_IAV Bluebird Config_SOW#70 CO#1","0060000000ASZ2aAAH"
"61849627063","Ally CSRF Security Token","0060000000ASXOXAA5"
"61841585255","SOW 17 CO 4 Dynamic resizing of iFrame","0060000000ASUIJAA5"
"61817906083","Fifth Third SMB","0060000000ASR5jAAH"
"61851790600","KeyBank","0060000000ASRiPAAX"
"61849787804","Q4 2013 Northern Trust Renewal","0060000000ASOGbAAP"
"61851022199","FIS - Auto Renewal","0060000000ASJETAA5"
"61851022131","PayPal - PFM POC Extension","0060000000ASF4JAAX"
"61845291541","USAA SMB","0060000000ASCSlAAP"
"61845603238","BBVA Compass: SMB - Invoicing","0060000000AS85YAAT"
"61814037880","Charles Schwab:  IAV- PS","0060000000ARfZ4AAL"
"61813733794","PayPal - IAV for Sellers","0060000000ARfIRAA1"
"61810172845","22Seven - Contract Change","0060000000ARavgAAD"
"61815892639","TIAA-CREF_Account Home Page Integration - CO#2 Project Extension","0060000000ARanjAAD"
"61807841550","FIS - Small Business","0060000000ARULRAA5"
"61810008199","Discover Settlement Funds Transfer","0060000000AMz4cAAD"
"61838949385","Discover Card Enhanced Categorization","0060000000AMyRaAAL"
"61806302751","Discover As Default Payment Card at Checkout","0060000000AMyQAAA1"
"61806302644","Fidelity Data Extract Stage Environment","0060000000AMg1WAAT"
"61848849814","LendingClub - Aggregation API","0060000000AMZB4AAP"
"61842354236","Lifelock - SDK","0060000000AMHK9AAP"
"61820381452","TIAA-CREF_Compare Me Custom OLB FinApp for Retirement","0060000000AMHGCAA5"
"61813579192","MasCloud Accounting- Aggregation API","0060000000AMEBpAAP"
"61813579173","MiniDonations- Aggregation API","0060000000AMDvPAAX"
"61816825740","Strategic Funding Source- Aggregation API","0060000000AMDo8AAH"
"61840500241","Benzinga - Aggregation API","0060000000AMDG8AAP"
"61809548627","Compass CO #6 to Project Monarch","0060000000AMDDxAAP"
"61841115143","Equifax Risk Mgt","0060000000AM6xqAAD"
"61811871872","TIAA-CREF_Account Home Page Integration - Optimized Data Extract CO","0060000000AM0yuAAD"
"61841114985","Northern Trust Expansion","0060000000ALwaIAAT"
"61847622157","M&T Contract Renewal","0060000000ALuXqAAL"
"61841886283","Pershing - PFM Deal","0060000000ALhoHAAT"
"61841269079","Backbase - PFM SDK","0060000000ALhQuAAL"
"61818837168","Nexxa Portfolio Management-","0060000000ALSR7AAP"
"61852575641","BAC ML LMA Account Adjustments","0060000000ALQ0FAAX"
"61813886512","BAC - ML Reporting Enhancements","0060000000ALHxsAAH"
"61816825699","SOW 17 CO 3 BMO Harris Upgrade Duration Extension","0060000000AL3T1AAL"
"61848697399","Comerica EOL Version Fee","0060000000AL3B0AAL"
"61846841770","BAC - ML WS Trust SAML CO #1","0060000000AKuH7AAL"
"61809707587","SunTrust: Commercial Access","0060000000AKjJDAA1"
"61813579275","TIAA-CREF - New contract for PFM","0060000000AKaPrAAL"
"61813733754","BBVA Compass: Execupay","0060000000AKa9ZAAT"
"61814973618","Carcione Technologies - Agg","0060000000AKWMLAA5"
"61810785795","Compass SMB - Execupay","0060000000AKRzcAAH"
"61819611441","Citigroup - LATAM - Card Bundle","0060000000AKPxUAAX"
"61847621929","American Express - Australia - Responsible Lending","0060000000AKPv9AAH"
"61817133392","Citigroup - LATAM - PFM - In Country - Expansion (10 Countries) HOSTED","0060000000AKL8iAAH"
"61850869016","Ally Project Jefferson Pilot iFrame Development","0060000000AKKPGAA5"
"61844051351","RBC - FastLink/OFI Engagement","0060000000AKIqvAAH"
"61810317690","Backbase - SDK Eval","0060000000AKDGyAAP"
"61849316008","Comerica 2013 Renewal","0060000000AKB9KAAX"
"61815743533","PayPal - PFM","0060000000AK5T8AAL"
"61807691617","Ally Project Jefferson Pilot App Instance Support","0060000000AK0uwAAD"
"61820534860","Ally Mobile BRD 14.1 Bill Pay Account Data","0060000000AJzwQAAT"
"61843895592","Auto Enroll MSRs in Yodlee Customer Care","0060000000AJwMeAAL"
"61816357705","Wells Fargo New Site Requests - Presido/Polycomp","0060000000AJtRBAA1"
"61818225465","Ally Remove ""Perks"" Link","0060000000AJt0FAAT"
"61849476172","Northern Trust - CO 3 to SOW 5 - Project Duration Change","0060000000AJYkGAAX"
"61819611425","Ally Renewal - 3 Year New Booking Value","0060000000AJQQDAA5"
"61845448580","Investec - PFM (Wealth)","0060000000AJQMpAAP"
"61847622202","Growth Funding - Agg","0060000000AJOTTAA5"
"61814037854","Citi Cards - FinApp -Save for a Goal with Rewards","0060000000AJNrpAAH"
"61846529955","Citi Cards - FinApp -Recommend Optimal Citi Card","0060000000AJNsmAAH"
"61820534838","BAC ML Advisor Workstation Data Extracts","0060000000AJNrtAAH"
"61816825768","BAC Mobile CO (Project Extension)","0060000000AJLGUAA5"
"61820073321","Xero Dedicated Team","0060000000AErEZAA1"
"61815431325","BBVA Compass Small Business Conversion to Monarch II","0060000000AEjbsAAD"
"61811871789","TIAA-CREF_PFM_HTML Upgrade","0060000000AEjJoAAL"
"61806762885","Wells Fargo SAML Vendor Change - Certificate Change","0060000000AEixAAAT"
"61852416550","Personal Capital Date Extract CO","0060000000AEf17AAD"
"61815588871","SOW 17 CO2  Harris Total Look Transactions FinApp and Messaging","0060000000AEdahAAD"
"61845448543","M&T Stage - SOW 8 - Stage Environment Extention","0060000000AEXDvAAP"
"61811102591","BAC Upgrade to New Account Summary and Dashboard","0060000000AETXTAA5"
"61815588881","BAC Accounts Overview Design SOW","0060000000ADxz7AAD"
"61815743556","TIAA-CREF PFM 90-Day Extension","0060000000ADleIAAT"
"61841585273","ANZ Wealth Customizations","0060000000ADkTYAA1"
"61815431331","Ally Mobile BRD 14.1 Add-Manage Payee","0060000000ADi1XAAT"
"61846064945","Amazon Renewal - 3 years 2013 - New Booking","0060000000ADi25AAD"
"61815431336","RBC Phase 3 HTML FinApp Conversion","0060000000ADhV1AAL"
"61818679069","BAC ML FastLink","0060000000ADeinAAD"
"61807691352","Pershing Account Verification: Synergy Revenue","0060000000ADL3AAAX"
"61845137048","TIAA-CREF_PFM NSR Development","0060000000ADISlAAP"
"61841269269","ML Edge Account Sharing - part of Advisor Workstation","0060000000ADH0nAAH"
"61814504051","Sage 500","0060000000ADBItAAP"
"61847926604","Amex_SERVE_IAV Bluebird Extract for Name Matching","0060000000AD6gOAAT"
"61807691596","USAA - Enhancements to 'Track Your Money'","0060000000AD4zRAAT"
"61811562043","Ally Project Jefferson Consulting","0060000000AD33DAAT"
"61807841368","BMO Harris Customizations to de-duplicate credit card accounts","0060000000AD32yAAD"
"61841428485","USAA Expansion","0060000000ACwzzAAD"
"61819452565","Amazon extension 2","0060000000ACuuNAAT"
"61809082976","Citi_PFM_YCC Audit Reporting","0060000000ACuqLAAT"
"61846219098","RBC - IAV","0060000000ACriqAAD"
"61838796723","BAC - ML Client Site Redesign","0060000000ACSYoAAP"
"61848235671","Citigroup - LATAM - Custom FinApp Development","0060000000ACOe3AAH"
"61847001149","Citi - PFM - Segmentation","0060000000ACOZSAA5"
"61810938265","American Express - Open - New Product Opportunity - Default Payment Card","0060000000ACOWYAA5"
"61813263616","Ally 2013 Enhancements - Yodlee Core","0060000000ACNMjAAP"
"61845760524","Ally 2013 Enhancements - Ally Paid","0060000000ACMyoAAH"
"61807225147","Ally Renewal - 3 Year","0060000000ACMxpAAH"
"61839569500","Union Bank FT/AV","0060000000ACLJiAAP"
"61815588864","JPMC_Chase_PFM_Customization_Hidden Accounts Flag","0060000000ACKL4AAP"
"61811562055","TIAA_CREF_PFM_Retirement at Work Linkage","0060000000ACKIjAAP"
"61820237085","JPMC_Chase_PFM_Custom_Core Logic & YCC Audit","0060000000ACKCsAAP"
"61850869061","JPM Chase_YCC Audit Customization","0060000000ACE0SAAX"
"61812186651","Lending Software - SDK","0060000000AC9DoAAL"
"61806456920","USAA Upgrade Change Order- Remove LAW and add FastLink","0060000000AC8CEAA1"
"61812022621","Xero Limited - Renewal","0060000000AC7gUAAT"
"61820237143","WorkingPoint - Renewal","0060000000AC7tbAAD"
"61840180911","United First - Renewal","0060000000AC7o8AAD"
"61852260410","Saavymoney -Goldspring - Renewal","0060000000AC7ruAAD"
"61810938390","Saasu Pty Ltd - Renewal","0060000000AC7rVAAT"
"61806916958","Pocketsmith - Renewal","0060000000AC7r1AAD"
"61841269092","moneysoft - Renewal","0060000000AC7pQAAT"
"61807533103","Midawi - Renewal","0060000000AC7pPAAT"
"61808771588","LessEverything - Renewal","0060000000AC7oHAAT"
"61845137074","IGG - New Business","0060000000AC5ZWAA1"
"61846841859","Paychex - Renewal","0060000000AC4oLAAT"
"61819923724","Equifax - Autorenewal 2014","0060000000AC4m5AAD"
"61810785670","Money Services/Transamerica - Renewal","0060000000AC4jHAAT"
"61842970522","Concur - Renewal","0060000000AC4i4AAD"
"61809398358","Network Funding - Aggregation SDK","0060000000ABwmWAAT"
"61816514127","SOW 17 CO 1 BMO Harris iFrame implementation","0060000000ABmNJAA1"
"61815892582","American Express - Enterprise Growth - PFM","0060000000ABWO6AAP"
"61808771604","M&T Stage - SOW 9 - Intergration Testing Support","0060000000ABW5yAAH"
"61839874366","TRP - Custom Report Option from SOW 4","0060000000ABVpyAAH"
"61841115040","BAC - ML Wealth Management Workstation  - External Assets Project","0060000000ABPkIAAX"
"61851790592","Wells Fargo & Company-","0060000000ABKvOAAX"
"61814504120","Paypal Inc-","0060000000ABKaaAAH"
"61841886236","Bank of America-","0060000000ABKYiAAP"
"61843288908","Paypal Inc-","0060000000ABK9UAAX"
"61849787719","Boston Financial - IAV API","0060000000ABD1JAAX"
"61809548626","eCredable - Aggregation SDK","0060000000AAwvrAAD"
"61816825705","TIAA_IRA Rollover Project","0060000000AAr9zAAD"
"61848235700","Ally Alerts - Cobrand Changes","0060000000AApJqAAL"
"61846378116","Ally Alert Report - Number Triggered","0060000000AApHfAAL"
"61846687253","TIAA CREF_360 FV Site Catalyst Page Tagging","0060000000AAj3RAAT"
"61844366359","ML Vested - Unvested Balance BOL Accounts","0060000000A6Kj1AAF"
"61811410956","Customized LAW (FL)","0060000000A6HbpAAF"
"61806917032","USAA Batch Data Feed - Dry Run/Consulting Hours CO","0060000000A6FdbAAF"
"61819763633","Tradesmith LLC - SDK EE","0060000000A6C95AAF"
"61815892760","BAC Mil-CBO SDK Upgrade","0060000000A6AlmAAF"
"61820237163","M&T SOW 7 - CO 2","0060000000A5u1sAAB"
"61820534811","Citi_PFM_FastLink on CBOL Project","0060000000A5qHYAAZ"
"61815117858","USAA 3 Month Extension to June 30, 2013","0060000000A5mJgAAJ"
"61844051379","Chase SMB POC","0060000000A5k9pAAB"
"61819308335","Citi - PFM - HTML Conversion","0060000000A5j0YAAR"
"61850710894","Target SOW #1","0060000000A5hhqAAB"
"61849787764","USAA - Debt Reduction Feature Support","0060000000A5br9AAB"
"61852260485","Citigroup - BillGuard - POC SOW","0060000000A5UJYAA3"
"61811411056","Yellow Labs Software - SDK EE","0060000000A5PBSAA3"
"61848076592","Q4 2013 Northern Trust Renewal","0060000000A5JaIAAV"
"61845448743","Q4 2013 Northern Trust Renewal","0060000000A5JMQAA3"
"61840963504","Q2 2013 Northern Trust Renewal","0060000000A5JaRAAV"
"61852260363","Ally Mobile SDK Upgrade","0060000000A5Iw7AAF"
"61819452699","Amazon Renewal - 3 years 2013","0060000000A5BXsAAN"
"61815892665","Comerica SMB","0060000000A58UfAAJ"
"61812186658","BAC Military Migration to MP CO #1","0060000000A52LFAAZ"
"61816984576","BAC Small Business","0060000000A51DmAAJ"
"61813419557","ML Edge Branding Changes","0060000000A4tYfAAJ"
"61844670581","Citigroup - LATAM - Smart Statement","0060000000A4tCEAAZ"
"61815892658","Citigroup - LATAM - PFM - In Country - Colombia Hybrid","0060000000A4t8IAAR"
"61848697398","Citigroup -LATAM - SOW#13 Global View of Accounts","0060000000A4t5KAAR"
"61841886302","PNC - AO & BPAA Contract Renewal","0060000000A4sQ8AAJ"
"61807225230","Rewards Analyzer","0060000000A4sXHAAZ"
"61844836732","Real time verification","0060000000A4sWEAAZ"
"61807691351","Scotia Bank - aggregation","0060000000A4rrHAAR"
"61846841753","SDK - Liberty","0060000000A4qufAAB"
"61806916931","CIBC PFM","0060000000A4pkjAAB"
"61841886116","Ally Contract Renewal - 1 year","0060000000A4kWRAAZ"
"61840803144","Amazon Renewal - Extension 2013","0060000000A4kVZAAZ"
"61848076650","ANZ Multiple Instance SSO - NonSSO","0060000000A4bCNAAZ"
"61817603633","Chase_PFM_CO to Amendmnet #2 for March to July Extension","0060000000A4Ug4AAF"
"61851173514","BAC WSO CO #4","0060000000A4U6tAAF"
"61846219085","BAC Accounts Overview","0060000000A4O3oAAF"
"61816674169","ML Nickname Change - Warranty Extension","0060000000A48RGAAZ"
"61851952673","Amazon SDK 12x Upgrade","0060000000A47V1AAJ"
"61817603453","Wisdom Living - Aggregation SDK","0060000000A3yM6AAJ"
"61846064984","SDK - Windows8","0060000000A3wFvAAJ"
"61819308402","Ally Environment - Java Changes SOW #18","0060000000A3vngAAB"
"61820237178","Merrill WS Trust SAML Token","0060000000A3q09AAB"
"61817133491","Digital Wallet POC","0060000000A3nhqAAB"
"61814037853","BAC Mobile SDK Consulting","0060000000A3mSLAAZ"
"61842354441","Amazon Product Changes","0060000000A3gJ3AAJ"
"61838644011","M&T Bank - 11 upgrade Alerts CO","0060000000A3fplAAB"
"61851022195","Zoho Renewal - New Business - SDK EE","0060000000A3abHAAR"
"61807070738","Citigroup - Cards - FinApp - Custom Card Proposal","0060000000A3aauAAB"
"61843132050","Zoho Renewal - SDK EE","0060000000A3aaaAAB"
"61838796717","Citigroup - FinApp - Wealth Center","0060000000A3aXvAAJ"
"61814037895","American Express - Gobal IAV Risk","0060000000A3Wx8AAF"
"61819146535","BAC ML:  Integration of My Portfolio w/ Edge Platform","0060000000A3RnmAAF"
"61807384149","RBC Block Codes Project","0060000000A3R7iAAF"
"61843895679","SDK - MS Dynamics","0060000000A3QaLAAV"
"61847148627","RBC - HRB Testing Support","0060000000A3LwYAAV"
"61818837262","Financial Symmetry - Aggregation SDK","0060000000A3DrEAAV"
"61845603195","BAC ML CO #5 Refresh Change","0060000000A3AIEAA3"
"61807532917","Target-IAV Professional  Services","0060000000A2zNaAAJ"
"61809853030","Citi_PFM_Custom Report by CCSID","0060000000A2tT7AAJ"
"61847776277","BAC ML Upgrade CO #4 Urgent Import Account Change","0060000000A2tOqAAJ"
"61841733490","RBC MFT changes to support mobile cards","0060000000A2s1rAAB"
"61820381443","ML FA Visibility 360 File - CO#4","0060000000A2re0AAB"
"61810626970","ADA Remediation","0060000000A2mcEAAR"
"61813886511","BAC WSO CO #3","0060000000A2mOBAAZ"
"61815892769","Simply Studio - Aggregation SDK","0060000000A2gBXAAZ"
"61820381508","Q1 2013 Northern Trust Renewal","0060000000A2egTAAR"
"61851493962","RBC HTML FinApp Conversion","0060000000A2aETAAZ"
"61844366414","Ally YCC - Show alerts by CIF","0060000000A2XFsAAN"
"61850245256","UFSB - 6 Month Renewal","0060000000A2StjAAF"
"61850097591","BAC My Portfolio FinApp HTML Migration","0060000000A2KIuAAN"
"61839409998","Chase PFM_ Amendment 2","0060000000A2G48AAF"
"61808155162","Merrill Lynch Additional Stage Environ","0060000000A25dBAAR"
"61852260400","BAC ML Upgrade CO #3 Small Email Chage","0060000000A24AvAAJ"
"61820073340","Lifelock Credential Project","0060000000A213yAAB"
"61816046474","Lifelock Login","0060000000A213tAAB"
"61809853029","BAC Rewards Added to Feed - $0","0060000000A1o9pAAB"
"61809707298","BAC Mobile Phase One","0060000000A1kGnAAJ"
"61851336984","Fidelity HTML FinApp Conversion - $0","0060000000A1h5CAAR"
"61839874358","Comexx Consulting - Aggregation SDK","0060000000A1fTaAAJ"
"61852575790","BAC Goal Based Savings CO #3:  Adding FT","0060000000A1S1uAAF"
"61849787729","BAC MP New Checking Product integration","0060000000A1PYiAAN"
"61846378288","Citi_DP Bill Central_Extension","0060000000A1MivAAF"
"61816046519","BAC Goal Based Savings CO #2:  Addition of Alerts","0060000000A1IUvAAN"
"61811713187","Wells Fargo SAML Vendor Change","0060000000A1FOlAAN"
"61850558008","BAC ML Switch to WS Trust SAML","0060000000A14HXAAZ"
"61819923718","Switching Discovery Session","0060000000A1101AAB"
"61849787802","SDK EE","0060000000A10CqAAJ"
"61809398565","BAC ML Dedicated Stage Environment","0060000000A0z98AAB"
"61841428351","PNC AO Tier Contract Renewal","0060000000A0TPLAA3"
"61851336993","Fidelity One Year Renewal","0060000000A0TMGAA3"
"61814504019","PNC SOW 25 - AO - Andera Support Hours","0060000000A0T0vAAF"
"61843742812","Clearkeeping - Aggregation SDK","0060000000A0PYVAA3"
"61839263270","Q4 2012 Northern Trust Renewal","0060000000A0K4RAAV"
"61808467590","Harris Bank - Upgrade","0060000000A0K2fAAF"
"61845603197","TIAA CREF_360 FV Home Page Integration","0060000000A0CoWAAV"
"61842049158","Ally Bill Pay PT to ET change","0060000000A0C4zAAF"
"61846687236","ANZ Cross Sell POC Decomission","0060000000A06SCAAZ"
"61851952523","PayPal - IAV in AO","0060000000A06LdAAJ"
"61819308426","Franklin Templeton Aggregation","0060000000A06KZAAZ"
"61846530143","Zions Bancorporation- SOW (IAV)","0060000000A05z5AAB"
"61814813262","FIS - PFM/IAV 1 year Auto Renewal","0060000000A01EqAAJ"
"61844836724","BAC WSO CO #2 SAML","00600000009zce8AAA"
"61814038057","Ally Mobile Bill Pay CO#5","00600000009zSWpAAM"
"61842354440","BAC ML Upgrade CO#2","00600000009zHytAAE"
"61847466497","RBC -Move to Tier C for usage fees","00600000009zE6wAAE"
"61809398325","BBVA Compass CO #5 Date Extension","00600000009z8JcAAI"
"61850869255","USAA - Automate YCC add representative functionality","00600000009z8ClAAI"
"61813263663","Microsoft - AGG","00600000009yiZ2AAI"
"61819923781","Ally Data Center Migration","00600000009ye7lAAA"
"61846378142","BAC WSO CO #1","00600000009ya7JAAQ"
"61814343472","BAC Goal Based Savings CO #1","00600000009ya5mAAA"
"61806916972","BAC eReceipts FinApp","00600000009yRXJAA2"
"61809853053","Wealth Access Amendment 1 - Renewal - SDK EE","00600000009yEjgAAE"
"61818995569","SageOne - SDK ee","00600000009yAkfAAE"
"61820073496","Chase PFM_Premium Data","00600000009y7BJAAY"
"61815588947","ANZ Cross Sell POC","00600000009pgjWAAQ"
"61812805730","BBVA Compass - Small Business","00600000009pe0DAAQ"
"61843590445","Chase Custom FinApps - Your Rewards Only","00600000009pVaAAAU"
"61842049282","Metavante - Everbank pixel tracking customization","00600000009pCUgAAM"
"61843895703","Singla Ventures LLC - Aggregation SDK","00600000009olyKAAQ"
"61816203571","Northern Trust - PFM upgrade","00600000009ogdgAAA"
"61812492563","Northwestern Mutual - PFM","00600000009obeNAAQ"
"61841269041","BAC Consumer to Small Business Card Differentiator","00600000009oa51AAA"
"61816357745","Zions Bancorporation- IAV","00600000009oZDrAAM"
"61817750901","ANZ mobile SSO migration","00600000009oVnHAAU"
"61850245176","CO #1 to SOW #5","00600000009oJcFAAU"
"61808309138","ANZ Mobile Web PFM","00600000009o6yZAAQ"
"61845291550","Citi_DP Bill Central_Security Log from YCC","00600000009o0NNAAY"
"61848235815","Zions Bancorporation- Wealth Center","00600000009ntBsAAI"
"61847148544","RBC CO1 to SOW 12 - Custom Soap Wrapper","00600000009nshuAAA"
"61807070619","Metavante - Everbank Vanity URL Estimate","00600000009nqHIAAY"
"61818534178","BAC Cash & Coupon Header Change","00600000009nmEzAAI"
"61811713176","SoftAssist - SDK ee","00600000009nlGLAAY"
"61849627196","BAC Mobile Phase Two (Hosting LAW)","00600000009nWnAAAU"
"61842820280","PayPal - Payments","00600000009nWeNAAU"
"61807841407","Huntington  PFM","00600000009nVyBAAU"
"61850409906","USAA - WealthCenter","00600000009nRjXAAU"
"61845137171","Amex_GPO_IAV SDK Testing Support","00600000009nDJ7AAM"
"61845920016","Citi PFM - Engagement Recommendations","00600000009myGhAAI"
"61839263243","Target-IAV","00600000009muYrAAI"
"61815743528","RBC - Quick Wins","00600000009mnW7AAI"
"61812805788","BBVA Compass CO #3 Revenue Recognition only","00600000009meQHAAY"
"61812492603","HedgeOp Prepay","00600000009mcZjAAI"
"61845920078","BAC Military Bank migration to model","00600000009mYNHAA2"
"61841733509","ANZ Mobile - native app","00600000009mJV7AAM"
"61809548653","PNC CO 2 to SOW 24","00600000009mIreAAE"
"61816514153","Chase PB - DB Migration","00600000009mHkEAAU"
"61844836715","Ameriprise TaxCenter","00600000009mD3KAAU"
"61839569764","Rewards Systems Amendment #1","00600000009ki2aAAA"
"61846065001","RBC - Integrate HTML Spending Analysis to OLB","00600000009kayoAAA"
"61840500332","OptionsHouse - Amendment 1 Debooking","00600000009kZoJAAU"
"61817449358","Ameriprise - Xsell","00600000009kPXCAA2"
"61814663484","Wells Fargo Advisors PFM Renewal","00600000009kOWUAA2"
"61838643854","Chase SMB","00600000009kKdnAAE"
"61816984652","Chase PFM - Increased Usage","00600000009kKc1AAE"
"61846841912","PayPal - Canada","00600000009kKRrAAM"
"61850558017","Citi PFM - CO to SOW9 - NDM Migration","00600000009kEGWAA2"
"61817286548","Westpac-FinApps","00600000009k7vmAAA"
"61806916992","Ameriprise - PFM","00600000009k6HKAAY"
"61845291561","BBVA Compass CO #5 Alerts Change only","00600000009julZAAQ"
"61813263690","SDK ee - Bullingdon Capital","00600000009jqewAAA"
"61845291603","SDK EE - Intelliflo","00600000009jqehAAA"
"61845760402","RBC- CO-Annual support for dedicated stage enviro","00600000009jphQAAQ"
"61813733801","Citi_PFM_Custom Data Extract","00600000009jgz1AAA"
"61807070643","M&T - Contract One Year Renewal","00600000009jeoHAAQ"
"61841886316","Ally Compliance Report Discovery SOW","00600000009jOlrAAE"
"61843440057","USB PFM","00600000009jEtGAAU"
"61819611469","Chase - Clickable Demo Phase I","00600000009jC7TAAU"
"61851336736","SDK ee - True Potential","00600000009jAOdAAM"
"61812950412","TIAA-CREF Direct Bank - IAV","00600000009j83cAAA"
"61815431224","TIAA - Opinion Lab Add Account URL","00600000009j3dCAAQ"
"61807225200","Nexonia Inc. - SDK EE","00600000009iyReAAI"
"61812186673","Wealthfront - Agg & IAV API","00600000009iyHSAAY"
"61848076709","AMEX - MM PFM Decommissiong Communication","00600000009ivyCAAQ"
"61846219107","UFSB - 8 Month Renewal","00600000009isXMAAY"
"61809082949","LendingClub - IAV","00600000009ipUtAAI"
"61839725359","BBVA Compass CO #4 to SOW #13 - Extension","00600000009iiG9AAI"
"61843895596","BAC MP Remove Microsite","00600000009ic6vAAA"
"61814194517","American Express-","00600000009ibVCAAY"
"61847776276","Wells Fargo Cross-Sell","00600000009iZyiAAE"
"61809398451","BAC Cross-Sell","00600000009iZyEAAU"
"61844836673","Q1 2013 Northern Trust Renewal","00600000009iHsfAAE"
"61842193932","Q4 2012 Northern Trust Renewal","00600000009iHm3AAE"
"61811102579","Q3 2012 Northern Trust Renewal","00600000009iHtIAAU"
"61808467596","Paypal - Upgrade and New IAV Flow","00600000009iD3TAAU"
"61839097453","Eight months of Annual Program Fee and Usage","00600000009iAHrAAM"
"61808155012","Compass Monarch - phased product rollout","00600000009i9bKAAQ"
"61807384220","American Express - IAV Global Pre paid - IAV Upgrade","00600000009i82tAAA"
"61807384121","Personal Capital - Bucket of Hours SOW #8","00600000009i7pwAAA"
"61840963396","RBC - Change to Alerts","00600000009i1oyAAA"
"61839263368","Chase PB - allow for add'l agent elements","00600000009hvYsAAI"
"61818533988","Cha-Ching","00600000009huaKAAQ"
"61808467712","E*Trade Aggregation POC","00600000009hrMcAAI"
"61807225194","Ally Bill Pay Footer Change - UI","00600000009hqASAAY"
"61809398551","American Express - Open - IAV/PFM SDK SOW #64 Change Order 1","00600000009hnswAAA"
"61852416369","Personal Capital - 11x Upgrade New Environment","00600000009hmd8AAA"
"61806302738","Chase - UCompare Discovery SOW","00600000009hi9RAAQ"
"61806917008","Chase - Advisor solution- Discovery SOW","00600000009hi6IAAQ"
"61847001381","TIAA - Data Purge Project","00600000009hgaCAAQ"
"61820237094","RBC Change order","00600000009hbR0AAI"
"61811102552","Citi Cards - DirectPay Upgrade- New Booking Value","00600000009hb31AAA"
"61806763018","SpinGrin - SDK EE","00600000009hUgdAAE"
"61811713198","American Express - IAV - Global Payment Options - Expansion - Increase Usage New Booking Value","00600000009hPXEAA2"
"61816674125","Flare Accounting - Aggregation API","00600000009hLu4AAE"
"61840025140","Chase - Mobile/Tablet App","00600000009hLIaAAM"
"61843131958","ANZ Upgrade - 12x","00600000009hD0cAAE"
"61846064944","Citi - PFM - Usability Redesign - aka UI Recommendations $0 SOW12","00600000009hAD2AAM"
"61840803133","BAC Personal Finance Upgrade CO #1","00600000009h6SlAAI"
"61814813071","BAC ML Upgrade CO #1","00600000009h6UWAAY"
"61818367889","Ally Bill Pay 1 Year Renewal w/Month to Month auto renew","00600000009h6OxAAI"
"61851022211","Ally Bank Compliance Monitoring Data Extract","00600000009h6GiAAI"
"61810478386","BAC Mobile SDK Test Environment","00600000009gsQ2AAI"
"61810317742","Elderscan - SDK EE","00600000009glP7AAI"
"61808615781","FIS - IAV","00600000009giorAAA"
"61812492375","FIS- FundsTransfer","00600000009gj01AAA"
"61839569569","FIS - BillPay","00600000009gizOAAQ"
"61808771609","USAA Modifications to ACS Data Agent","00600000009gic2AAA"
"61816357766","Lloyds - PFM","00600000009ghNEAAY"
"61810785798","BBVA Compass Monarch Extension CO only","00600000009gTonAAE"
"61815743506","Comerica - Data Feed for Held Accounts","00600000009gTJWAA2"
"61820237059","Personal Capital - 11x PFM SDK Upgrade","00600000009gPFOAA2"
"61840500293","Ally EFT AML Automated Report","00600000009gN4AAAU"
"61814504084","Ally Bill Pay - Suspended Account treatment","00600000009g0O0AAI"
"61819763786","AMEX - OMM iNAV Asset Changes","00600000009fxQkAAI"
"61819923771","Etrade Contract renewal","00600000009fqDYAAY"
"61811102387","Fidelity Contextual Sign Up -  Fast Link","00600000009flOVAAY"
"61807384201","AMEX - OMM Data Extract","00600000009fkrWAAQ"
"61818225464","Freeshipping.com - SDK EE","00600000009fg9zAAA"
"61850409864","RBC Data Extract","00600000009fbExAAI"
"61847776275","BAC MP SAML Siteminder Change-Design only","00600000009faqGAAQ"
"61840500232","Data Feed - ANZ","00600000009fYpzAAE"
"61846530136","American Express - Open - Custom FinApp - Small Business","00600000009fSrdAAE"
"61849787767","Ally CO #2 to SOW #10","00600000009fPJsAAM"
"61817449482","Metavante TaxCenter Deal","00600000009fNojAAE"
"61841269088","Personal Capital - NSR (SVB Private Bank)","00600000009fLwZAAU"
"61839097400","PNC - Include and Compare Project","00600000009fIHQAA2"
"61847466407","UFSB - 11x Upgrade","00600000009fGLEAA2"
"61813110929","Citibank SOW 9 RTM Wrapper Email Changes","00600000009fFCdAAM"
"61848545605","Regions - Save for Goal","00600000009fE6CAAU"
"61807070597","Regions - Cross Sell","00600000009fE6QAAU"
"61842049308","USAA - CrossSell","00600000009fDyKAAU"
"61807691598","USAA - Save for Goal","00600000009fE3CAAU"
"61852416398","USAA TOA Opportunity w/IAV","00600000009fDZtAAM"
"61810478429","Citigroup - SMB","00600000009fBeNAAU"
"61845760553","Western Union AV/FT Decouple - FT SDK","00600000009f9imAAA"
"61817449374","Western Union AV/FT Renewal","00600000009f9iKAAQ"
"61848076710","Citigroup - FinApp - Cross Sell","00600000009f6FgAAI"
"61816674229","Citigroup - FinApp - Savings for a Goal","00600000009f6DgAAI"
"61847776361","BAC QP - DB Maint post Decomission","00600000009ekJ4AAI"
"61806302827","Ally Bill Pay Upgrade","00600000009ekIBAAY"
"61811871843","Metavante - Data Extract Transaction Files","00600000009eg8gAAA"
"61849014609","Northern Trust Renewal","00600000009efn7AAA"
"61817133419","Northern Trust Renewal","00600000009efm4AAA"
"61818225454","US Bank Small Bus - PFM POC","00600000009ecGqAAI"
"61808309119","Equifax - SOW 1","00600000009ebLpAAI"
"61845137180","PFM Upgrade/Integration","00600000009eVEQAA2"
"61845291392","Ally Mobile SDK - CO #4 thru Aug 2012","00600000009eUqCAAU"
"61819308334","Ally Mobile SDK CO#3 - Thru Feb 2012","00600000009eUegAAE"
"61808155043","Citi_DP Bill Central_Concurrent Sessions","00600000009eTbPAAU"
"61816203579","Compass CO to Project Monarch - New Scope Items","00600000009eRmdAAE"
"61852260484","Compass Tech Consult Resource Onsite","00600000009eRVuAAM"
"61815117886","Discovery SDK - year 4 booking","00600000009eMlaAAE"
"61806762896","Amendment No. 1","00600000009eLBTAA2"
"61851173903","Taking Stock - SDK EE","00600000009eKXtAAM"
"61844525581","Merrill Lynch OFX Data elements addition","00600000009dFwlAAE"
"61820381520","BAC QP shutdown Messaging","00600000009dF1zAAE"
"61851173544","Bills.com - SDK EE","00600000009d9tJAAQ"
"61848545618","Decommission Message on SmartSwitch","00600000009Ujm9AAC"
"61815588891","American Express - OPEN/PFM - Dedicated TAM SOW#66","00600000009Uin4AAC"
"61845760406","FreshBooks - Aggregation","00600000009Ueq4AAC"
"61842820362","Barclays - Close of Contract","00600000009UdDGAA0"
"61818534159","JPMC IAV upgrade","00600000009UcBuAAK"
"61847466588","Ally Bill Pay Mobile SDK - CO #2","00600000009Ubd9AAC"
"61839874343","CitiPFM - Dedicated Staging Environment","00600000009UWyEAAW"
"61810478355","Less Everything Amendment","00600000009UVk0AAG"
"61849315998","Ally 12.2 Release SDK Upgrade","00600000009UUzAAAW"
"61852575624","BAC MP-MFP CA to Model Testing only","00600000009UUo1AAG"
"61812492574","American Express - IAV/CD - Foreign Exchange International Payments","00600000009UPj2AAG"
"61842049337","American Express IAV - Enterprise Money Movement","00600000009UPixAAG"
"61809398532","United First Financial - Amendment #1","00600000009UHcKAAW"
"61810172804","BAC QP 1H2012 Stage Repoints","00600000009UFVRAA4"
"61846219022","BMO-Test Environment","00600000009UEiUAAW"
"61820237124","Ally CO#1 to SOW #10","00600000009UChfAAG"
"61849475989","American Express - Serve - SOW#63 change order","00600000009Tt33AAC"
"61808771484","USAA - TaxCenter","00600000009Tk0oAAC"
"61808467757","5/3 S4G","00600000009Tj0GAAS"
"61819763740","5/3 X Sell","00600000009TinkAAC"
"61851336785","5/3 Taxcenter","00600000009TiyjAAC"
"61807225113","RBC HRB TaxCenter","00600000009Tiw1AAC"
"61850097693","Huntington Bank X Sell","00600000009TivNAAS"
"61845448727","Harris Discovery SOW - Upgrade","00600000009TicaAAC"
"61838796878","Citigroup - FinApp - Cartera","00600000009TiN1AAK"
"61810785807","Citigroup - FinApp - Equifax","00600000009TiMrAAK"
"61814037847","Cap One Transaction Description Cleansing SDK","00600000009TfPEAA0"
"61839725341","BAC Microsite - Ad Review Assets - Lost Opp","00600000009Tdf6AAC"
"61806607189","Northern Trust PFM Expanded Service","00600000009TbWFAA0"
"61819452544","Ally Bill Pay Mobile SDK - CO #1","00600000009TZo3AAG"
"61806456918","Citigroup - PFM - Enhanced PFM SDK - SOW #8","00600000009TY22AAG"
"61844836730","PFM All In","00600000009TGfOAAW"
"61843590415","Diversified IAV","00600000009TFTcAAO"
"61809083025","BAC QP SAML Design SOW","00600000009TDmaAAG"
"61852575655","Comerica - Pershing Batch Data Feed","00600000009TAc8AAG"
"61816825693","Next Gen PFM & Aggregation","00600000009T7YzAAK"
"61817906022","Citigroup - FinApp - Travel Insurance","00600000009T64aAAC"
"61845291427","Emerging Payment Technologies--IncomeVerification","00600000009SxJ7AAK"
"61841585243","M&T 10x Upgrade - Funds Transfer - Phase II","00600000009SwwYAAS"
"61841733456","JackalBerry - SDK EE","00600000009Sw2FAAS"
"61850869026","Amex Homepage Server AIU Migration SOW","00600000009StOMAA0"
"61814504062","SunTrust: Agg/PFM","00600000009SoaRAAS"
"61818995609","E-Trade: PFM","00600000009SlEGAA0"
"61811872062","PFM Advisory Group","00600000009Sl9eAAC"
"61841269091","Citibank - CO for Dedicated Stage Environment Extention","00600000009SilmAAC"
"61851336975","Personal Capital BP SDK Implementation","00600000009SbBoAAK"
"61847001244","UI Changes","00600000009SVQrAAO"
"61809707363","BBVA Compass Data Extract","00600000009SLdnAAG"
"61807384146","Fidelity Standard Extracts Product  Amendment","00600000009SHYhAAO"
"61848697234","Wells Fargo Customer Hard Delete SOW","00600000009SHUjAAO"
"61844670515","Fidelity 10x SPS Enhancements","00600000009SHDFAA4"
"61809243557","BAC Web Services Optimization","00600000009SGh2AAG"
"61812186650","SDK EE - Reckon","00600000009SFLqAAO"
"61810317701","Ally Bill Pay SOW #13 March 2012 Changes","00600000009SEiWAAW"
"61809707586","Personal Capital Data Extract Migration Estimate","00600000009SE80AAG"
"61847466376","Fidelity Consulting and Testing for Proof of Concept","00600000009S5T9AAK"
"61845603155","Bank of America CA to Model conversion","00600000009RzmwAAC"
"61817603424","Equifax - Personal Solutions - FinApp: Lost wallet service","00600000009RxnxAAC"
"61847926585","Equifax - Personal Solutions - FinApp: Web detect","00600000009RxnsAAC"
"61813733780","Equifax - Personal Solutions - FinApp: Score and score monitoring","00600000009RxnnAAC"
"61807384157","Equifax - Personal Solutions - FinApp: Tri-bureau report","00600000009RxniAAC"
"61813110967","Equifax - Personal Solutions - FinApp: Tri-bureau report and score","00600000009RxndAAC"
"61812492446","Equifax - Personal Solutions - FinApp: Credit report and score","00600000009RxnTAAS"
"61817603596","Equifax - Personal Solutions - FinApp: Debtwise","00600000009RxnJAAS"
"61850245173","M&T 10x Upgrade - Funds Transfer - Phase I","00600000009Rx6qAAC"
"61816513925","Mobile Banking","00600000009RwKkAAK"
"61813886477","My Accountant - SDK EE","00600000009Rw4ZAAS"
"61806607214","Add Credit Card functionality to OLB","00600000009RvXCAA0"
"61851022175","MoneySoft-SDK Min Forgive","00600000009RpfTAAS"
"61844210320","Miicard-SDK 3 Year booking value renewal","00600000009RojoAAC"
"61808771592","Sammedia-SDK 5th year","00600000009RmfEAAS"
"61807533134","Kabbage - SDK Agg - IAV 4th year","00600000009RmHAAA0"
"61840803126","Hello Wallet-SDK 4th year New","00600000009Rlw4AAC"
"61847466415","Hello Wallet-SDK 4th year","00600000009RlvQAAS"
"61839409966","Goalspring-SDK Amendment 2","00600000009RlpfAAC"
"61808003492","Concur-SDK Renewal","00600000009RlT9AAK"
"61820073349","CeilingHouse-Termination","00600000009RlKqAAK"
"61813419369","BAC QP OFAC Scan Biller Feed","00600000009RVS4AAO"
"61814037913","Cumulus Funding - SDK EE","00600000009RQHYAA4"
"61820237121","USAA - TaxCenter (incentive offer)","00600000009RKuAAAW"
"61812022594","AMEX - Open - DirectPay SDK Upgrade SOW#67","00600000009RJvrAAG"
"61841886131","BAC Goal Based Savings","00600000009R9PbAAK"
"61840500256","Harrington Consulting, Inc - SDK EE","00600000009R45NAAS"
"61844366252","SimpleLandLording.com - SKD EE","00600000009QgDjAAK"
"61814503974","RBC HRB Integration SOW","00600000009QcidAAC"
"61841733639","PNC PFM 10x Upgrade","00600000009Qcg9AAC"
"61845291434","Fidelity - Standard Extracts Product SOW","00600000009QaMiAAK"
"61812186744","BAC - QP - SAML 2.0","00600000009I2ZAAA0"
"61818225536","ANZ-Market Feed Report Enhancements","00600000009HiAdAAK"
"61817603450","Citigroup - PFM - Single Product Flexiblity (SPF) - SOW#9","00600000009Hi1vAAC"
"61814504045","American Express - Serve - FinApp - Yodlee Offers","00600000009Hi1bAAC"
"61816984614","Citigroup - PFM -  Territory Expansion - Singapore","00600000009Hhq3AAC"
"61847926646","Harris Q1 2012 Cobrand Changes","00600000009HejzAAC"
"61843742773","TIAA - Dedicated / Non Dedicated Stage Environments","00600000009HZdXAAW"
"61816674228","Ally SOW 12 ""C"" Changes","00600000009HXqdAAG"
"61819308346","Ally SOW 11 Data Extract","00600000009HXqKAAW"
"61846378070","Ally SOW 10 Application Changes","00600000009HXpHAAW"
"61845920027","Equifax - SDK","00600000009HN5jAAG"
"61840963477","Merrill Lynch PFM Amendment","00600000009HLbVAAW"
"61848545721","PFM SDK Renewal","00600000009HGpdAAG"
"61844051340","JPMC PB SSO SOW","00600000009HEqtAAG"
"61841428344","American Express - Serve - SOW#63","00600000009HAdPAAW"
"61841733552","IncWorx Consulting-SDK","00600000009H6xwAAC"
"61851952522","American Express - IAV - SOW #56 Change Order 2","00600000009Gw3fAAC"
"61816357725","American Express - Open - SOW#58","00600000009Gw3iAAC"
"61845760582","Wealth Access- SDK EE AGG","00600000009Gvj3AAC"
"61850869006","BBVA Compass - PFM 4th Year (renewal)","00600000009GtJ3AAK"
"61820381451","Owl Invest - SDK EE","00600000009GpBgAAK"
"61840025113","DealDeets (Trulioo) - SDK EE","00600000009GkWRAA0"
"61814813201","Ally Second Stage Environment","00600000009Gf8SAAS"
"61809548695","BAC MP PLF Bar for iPad fix","00600000009GewpAAC"
"61807070742","BAC MP Ad Review Assets - Microsite","00600000009GeoIAAS"
"61847466579","SOW - Extended Hours for  PS Support","00600000009GdePAAS"
"61813419433","USAA - ACS Data Agent","00600000009GbwxAAC"
"61813733729","OptionsHouse-IAV","00600000009Gbu3AAC"
"61847622072","Amex WAS4 to WAS6","00600000009GOt5AAG"
"61851790638","1st Merchant Funding-","00600000009GOVKAA4"
"61849014709","Charles Schwab: Funds Transfer with IAV","00600000009GBQRAA4"
"61847466551","Compass - SDK Training","00600000009FuiHAAS"
"61839874440","TIAA - CREF - IAV SOW","00600000009FbnGAAS"
"61818679081","BAC:  Personal Finance 10x Upgrade","00600000009FYwfAAG"
"61807691334","BAC Personal Finance New","00600000009FYtrAAG"
"61842503687","Comerica Mobile Proof of Concept","00600000009FUsqAAG"
"61843288988","Capital One 3 Month Extension #2","00600000009FNXnAAO"
"61839263242","SunTrust PFM Discovery","00600000009FMF9AAO"
"61843590307","American Express - Student ID Project - PayitAll","00600000009FLAoAAO"
"61809548467","Citigroup - PFM -  Territory Expansion - India","00600000009FLA1AAO"
"61841428362","US Bank SMB","00600000009FEZrAAO"
"61809243576","Amex SiteMinder to SAML 2.0","00600000009F5dEAAS"
"61847466498","Amex Access Manager to SiteMinder","00600000009F5d9AAC"
"61810317751","Money Soft (www.taurean.com)","00600000009F5cLAAS"
"61810317732","Fidelity 10x Product Schedule","00600000009F0xKAAS"
"61849627062","Northern Trust - IAV","00600000009ExkzAAC"
"61847926637","JPMC DirectPay Decommission","00600000009EvEqAAK"
"61844525428","5/3 IAV","00600000009ErAOAA0"
"61817449375","Wells Fargo SAML 2.0 Assertion Encryption & Single Logout","00600000009Eq00AAC"
"61813886467","Capital One: Business CC Rewards Calculator","00600000009EdXNAA0"
"61844210224","Comerica - Pershing Site Development","00600000009EbZHAA0"
"61812492576","Fidelity Dedicated Stage Environment","00600000009ESi1AAG"
"61814037914","Fidelity PFM Upgrade to 10x - phase 2","00600000009ESXMAA4"
"61816825715","Our Doughmain-SDK","00600000009EMiYAAW"
"61842820445","Harris Change Order # 4 to SOW # 12","00600000009EG6vAAG"
"61814504068","American Express - Serve Contract","00600000009EBL4AAO"
"61813733797","Money Movement - Better than a Bank","00600000009E8XxAAK"
"61851336765","PNC SOW 21- Sesame Street Savings","00600000009E0pHAAS"
"61841115062","Ally Premium DR","006000000099kAYAAY"
"61818837138","Savings.com FinApp","006000000099hB0AAI"
"61850245230","USAA - PFM Renewal (April 2013, thru March 2014)","006000000099XsvAAE"
"61815117885","Citi Cards - DirectPay - SOW#8 - Avatar","006000000099F7qAAE"
"61816825885","Capital One 6 Month Extension","006000000099DexAAE"
"61814504018","RBC 10x SOW","006000000099A7nAAE"
"61820534881","RevMo 10x IAV Upgrade SOW#2","0060000000998rLAAQ"
"61819308379","Personal Captail SOW #6 - Bucket of Hours","0060000000998p7AAA"
"61808155214","ANZ - Renewal - PFM","006000000098xryAAA"
"61813263521","Wells Fargo Family Wealth PFM SDK","006000000098rr6AAA"
"61814037930","Charles Schwab Agg, PFM, Wealth, Advisor","006000000098rqXAAQ"
"61806916929","Citizens - Personal Finance","006000000098rdsAAA"
"61849476097","American Express - Student ID Project - DirectPay","006000000098qaaAAA"
"61815892615","BBVA Compass - PFM Renewal","006000000098hbiAAA"
"61810938238","Clarilogic - SDK ISV Agg/IAV","006000000098WuTAAU"
"61820381507","Chase PenTest SOW","006000000098RlKAAU"
"61814504082","Chase Site Design SOW","006000000098RmAAAU"
"61840180871","Batch1 Change Order SOW","006000000098RihAAE"
"61819308420","10x Discovery SOW","006000000098RgRAAU"
"61810172580","BBVA Compass - PFM Upgrade to 10X","006000000098GioAAE"
"61838949230","USAA - Two Way SSL Project","00600000009884lAAA"
"61810938223","American Express - IAV - SOW #56 Change Order 1","0060000000985CnAAI"
"61850558000","Tree.com - SDK","00600000009824VAAQ"
"61838949276","Citi - PFM -Tablet - SOW #10","006000000097zvCAAQ"
"61844981674","iNav Changes","006000000097xRaAAI"
"61806917006","BAC - MP Account Documents Tab","006000000097kNUAAY"
"61818225480","Ally - KONY Mobile Consulting SOW #5","006000000097k9nAAA"
"61838643982","Chase 4x PFM Extension","006000000097fZzAAI"
"61811410948","AMEX - Open - IAV/PFM SDK","006000000097al9AAA"
"61847622171","Harris CoBrand Changes SOW # 14","006000000097UceAAE"
"61847311784","Ally Mobile - Clairmail SOW #4","006000000097KG6AAM"
"61812022630","Kabbage - SDK Agg - IAV","006000000097Dt2AAE"
"61820237101","TD (USA) - PayItAll","006000000097C28AAE"
"61808309273","Compass - PFM Project Monarch Discovery","0060000000979urAAA"
"61841428507","BAC - MP - October LM","0060000000979VZAAY"
"61844366383","PNC IAV-AO upgrade","006000000096qbcAAA"
"61841115025","T Rowe Price PFM","006000000096qX0AAI"
"61806302769","PFM 10x Upgrade","006000000096kuRAAQ"
"61851337014","IAV Renewal","006000000096io0AAA"
"61814038056","US Bank Wealth Center","006000000096hZTAAY"
"61849014642","RBC - SOW 8 - IAV Discovery","006000000096fnFAAQ"
"61819763737","4th year PFM","006000000096eoNAAQ"
"61813110963","Citi Retail - PFM - SOW#7","006000000096dPmAAI"
"61849627262","Western Union - FinApp","006000000096c1fAAA"
"61848849969","Pershing-FT and IAV","006000000096RQhAAM"
"61851952788","Comerica Data Extracts","006000000096Pe9AAE"
"61847926608","USAA Batch Feed","006000000096PdoAAE"
"61819923613","Capital One BPAA Upgrade Customizations- SOW 29","006000000096CqmAAE"
"61808615780","BAC Merrill Lynch IAV","006000000096B1PAAU"
"61849166134","Merrill Lynch PFM Upgrade SOW","006000000096B2sAAE"
"61844366399","BAC MP Offers Tab - Conditional Header","0060000000964WIAAY"
"61844366251","Personal Captail BP/FT Discovery Session","006000000095ykPAAQ"
"61839569763","CeilingHouse- SDK EE","006000000095tt5AAA"
"61841114990","PFM ASP Rewnal - NOT RENEWING","006000000095rStAAI"
"61816046611","Dedicated TAM","006000000095rMbAAI"
"61814037846","MiiCard - SDK","006000000095qIDAAY"
"61817750896","BAC - MP-MFP Northwest to Model","006000000095pANAAY"
"61819763778","BAC - MP - Pricing Cash Mgmt","006000000095pA3AAI"
"61808467583","Capital One BPAA Upgrade - SOW 28","006000000095iuzAAA"
"61818995627","Concur Code Review SOW","006000000095gbHAAQ"
"61844981770","Capital One Extension","006000000091K1fAAE"
"61813579292","Citi Retail - PFM - SOW#6","006000000091BCMAA2"
"61808155055","Citi Retail - PFM - SOW#5","006000000091AznAAE"
"61818837166","Compass - SDK Consulting - Project Monarch","00600000009167hAAA"
"61806916930","Reward Systems- SDK EE","006000000090ucwAAA"
"61811102526","Comerica All-In","006000000090uAxAAI"
"61838949250","Harris Bank - Opt In","006000000090uLOAAY"
"61808925033","Capital One Renewal","006000000090uKkAAI"
"61843440027","Lending Tree Renewal","006000000090uKBAAY"
"61816357724","M&T Funds Transfer","006000000090tflAAA"
"61814504049","Citi Cards - DirectPay - HBX Overlay & SiteCatalyst Conversion","006000000090lu9AAA"
"61844051360","Hello Wallet - Aggregration","006000000090fYRAAY"
"61820073358","Fidelity PFM Upgrade to 10x","006000000090cthAAA"
"61841115155","American Express - Open - PFM - SOW","006000000090cYTAAY"
"61809398324","Chase 4x PFM - NOT RENEWING","006000000090bq9AAA"
"61812805725","Chase DirectPay Renewal","006000000090bpkAAA"
"61813263520","PNC AO Tier Renewal","006000000090bpVAAQ"
"61812022620","BAC Atlas Phase 3d Hybrid Consulting SOW","006000000090Lg8AAE"
"61811713295","USAA UI changes to add/edit account pages","006000000090KJZAA2"
"61810172696","Harris Change Order # 3 to SOW # 12","006000000090InLAAU"
"61811562005","BAC - My Portfolio - March LM","006000000090GXYAA2"
"61816674185","Citi Retail - PFM - SOW#4","006000000090FVBAA2"
"61844051356","BAC QP - Text Changes","0060000000908YsAAI"
"61820381461","Western Union - IAV/CD/FT - Header-Footer Chg","0060000000906grAAA"
"61841585330","BAC Atlas Phase 3d  Acceleration (Core Enhancement) SOW","0060000000900RGAAY"
"61842970521","USAA - Enterprise IAV","00600000008zsjEAAQ"
"61842664050","Discovery- SDK","00600000008znbLAAQ"
"61838643859","Saasu - SDK EE","00600000008zSZIAA2"
"61815273986","4x PFM contract extension","00600000008zNqdAAE"
"61851952514","BAC Atlas Phase 3d Pre-Design/Scoping SOW","00600000008zKTgAAM"
"61806456913","American Express - SDK DirectPay- Product Schedule 4 - First Amendment","00600000008zKGhAAM"
"61819452583","Seeking Alpha - SDK EE","00600000008zHaiAAE"
"61816825732","BAC Atlas Claims Hybrid Development Consulting","00600000008zFKPAA2"
"61815431291","BAC Bill Pay Processing Amendment","00600000008zFJlAAM"
"61816984600","Fidelity Investments - PFM - SOW#41","00600000008zEShAAM"
"61842503606","BAC Atlas Phase 3c Hybrid Consulting Amendment","00600000008zE8uAAE"
"61841269087","BAC PFM Incremental Usage 2012","00600000008z1mAAAQ"
"61815588902","BAC PFM Incremental Usage 2011","00600000008z1lgAAA"
"61807691586","Briteblue - SDK EE","00600000008ywqcAAA"
"61814973767","BAC Atlas 3d CIT and SIT","00600000008yv8vAAA"
"61814663466","BAC Atlas 3d Development","00600000008yv8bAAA"
"61806607229","BAC Atlas 3d  Low Level Design","00600000008yv7xAAA"
"61812022692","PFM SDK Renewal","00600000008ysHUAAY"
"61849166202","TRP PFM Renewal","00600000008ysFPAAY"
"61852416518","IAV Renewal","00600000008ysDTAAY"
"61845760585","UFSB FT and AV Renewal","00600000008ysAiAAI"
"61847466537","BAC Atlas Phase 3c I & C CR #75 November Batch Cycle Extension","00600000008yqdYAAQ"
"61844051350","BAC Atlas 3d Claims Design and I & C","00600000008yqbTAAQ"
"61842049138","DES SOW","00600000008ymCtAAI"
"61813579147","Citi Retail - PFM - SOW#3","00600000008ycEJAAY"
"61820534829","OC 12 month autorenew","00600000008yaGbAAI"
"61819763739","Duplicate Stage Environment","00600000008yXswAAE"
"61807841411","Citi Retail PFM-Build Out","00600000008yTg3AAE"
"61851494176","Citi Retail PFM-POC","00600000008yTftAAE"
"61839410013","American Express - PFM - SOW#57","00600000008yOtkAAE"
"61841269172","BAC QP Reporting Segmentation","00600000008yOpBAAU"
"61810785813","BAC QP Change to Wording in product tables","00600000008yOogAAE"
"61838796715","BAC Quick Payment Biller Search Tracking","00600000008yOnsAAE"
"61809243666","Wells/Wachovia CO #1 to SOW #6 - Report Filters","00600000008yOemAAE"
"61814973766","Wells/Wach SAML CO #2","00600000008yOc4AAE"
"61813111059","Interactive Brokers-SDK","00600000008yFMqAAM"
"61806762916","Ally | PayitAll | SOW#4","00600000008y9pUAAQ"
"61849787756","M&T BANK | Amendment # 3 | Contract Renewal","00600000008y9hIAAQ"
"61820237104","BMO-Aggregation SOW","00600000008y70YAAQ"
"61847001229","Bank of America SOW #75 - FIA Card services migration","00600000008xxrLAAQ"
"61842049189","Concur Core - Amendment #1","00600000008xib2AAA"
"61851022227","Seeking Alpha-FinApp","00600000008xiMrAAI"
"61808467604","LendingClub-FinApp","00600000008xYvsAAE"
"61842049318","USAA SDK Upgrade","00600000008xQUrAAM"
"61807533117","BMO - AO","00600000008xNsKAAU"
"61818225440","BAC Atlas Phase 3c CO #2 (Extension)","00600000008xFqbAAE"
"61841733451","Citi Retail - PFM - SOW#2","00600000008xBB6AAM"
"61850869015","American Express - IAV - SOW #51","00600000008svcEAAQ"
"61847148620","BAC Atlas Phase 3b Customization and Maintenance SOWCW199728","00600000008sjrdAAA"
"61816674168","BAC Atlas Phase 3a Customization and Maintenance SOW CW199728","00600000008sjrJAAQ"
"61842049129","USAA DAG Enhancement","00600000008shCRAAY"
"61848697376","Lending Tree Renewal","00600000008sdgjAAA"
"61841733473","BAC Atlas Phase 3d High Level Design","00600000008s8KlAAI"
"61843895615","BAC Atlas Conversion Resources SOW","00600000008s8KkAAI"
"61851952511","BAC Atlas Hybrid Consulting Extension SOW","00600000008s8PaAAI"
"61840336189","BAC Atlas Phase 3c Customization and Maintenance SOW","00600000008s8CzAAI"
"61838949194","Citi Retail PFM","00600000008s4W1AAI"
"61813110950","Amazon-IAV","00600000008s4SoAAI"
"61846530069","Partial Selective Re-commission/De-comission","00600000008ruJOAAY"
"61846529933","9x Upgrade SOW","00600000008rckuAAA"
"61807691167","Citizen's Wealth PFM","00600000008rJu2AAE"
"61841115021","BAC Atlas Phase 3b I & C CO OSN","00600000008rJsxAAE"
"61812332419","Money Services, Inc.-Aggregation SDK","00600000008rFxkAAE"
"61848235877","Ally | PayitAll | SOW#","00600000008r2eTAAQ"
"61806762869","Speedy Cash - IAV","00600000008qqPrAAI"
"61815892591","Enova Financial (CSH, Cash America International)- IAV","00600000008qXfiAAE"
"61807225119","American Express - PFM - SOW  #55","00600000008qXaPAAU"
"61817286575","Lifelock-FinApp","00600000008qK50AAE"
"61846378313","Charles Schwab BPAA","00600000008q3rmAAA"
"61846687235","Tyfone-FinApp","00600000008pu5iAAA"
"61852416563","Tyfone-SDK","00600000008pgT3AAI"
"61818995730","Zia Consulting - Developer Bench","00600000008pZCXAA2"
"61819308425","Partial Decommissioning of COP","00600000008pUZEAA2"
"61817449341","SOW - Dynamic MFA","00600000008pUYzAAM"
"61846378258","Overnight Batch Datafeed","00600000008pUY2AAM"
"61815117726","OFMS-2 : Discovery SOW","00600000008pUEOAA2"
"61807225111","GTBK Marketing- SDK EE","00600000008pQRnAAM"
"61840963406","CITI IAV","00600000008pNDrAAM"
"61814813077","BAC Atlas Phase 3c CO #1","00600000008pMBCAA2"
"61846219014","SOW - Extended Hours for  PS Support","00600000008pM68AAE"
"61810938245","AO Tier Renewal","00600000008pM6qAAE"
"61806302638","Wells Fargo Advisors Personal Finance","00600000008pLtwAAE"
"61816984644","American Express - PFM - SOW  #52","00600000008pKPDAA2"
"61841428409","American Express - PFM - SOW  #54","00600000008pKLRAA2"
"61806917007","American Express - PFM - SOW  #53","00600000008pKJtAAM"
"61845448759","Amazon SDK (PFM)","00600000008pIrYAAU"
"61845291549","Charles Schwab BillPay","00600000008pIqBAAU"
"61850097722","Wells Fargo DirectPay Pilot","00600000008ozOmAAI"
"61841269258","American Express - PFM - SOW #49","00600000008oxZpAAI"
"61840803114","BAC Atlas Processing","00600000008oZa7AAE"
"61840647061","BAC Atlas Processing Extension","00600000008oPlIAAU"
"61841886091","BAC 904 Upgrade","00600000008oDuxAAE"
"61852260462","SDK Amendment","00600000008oC4DAAU"
"61841886235","Capital One BPAA 9x Upgrade","00600000008nmMcAAI"
"61817449501","American Express - PFM - SOW #50","00600000008ngeVAAQ"
"61807070727","PFM SDK","00600000008ne3HAAQ"
"61806302804","Harris Bank Renewal","00600000008ncXBAAY"
"61810317684","BAC Quick Pay UX CO","00600000008ncV4AAI"
"61806607237","PNC - Addon SOW","00600000008nc99AAA"
"61842664086","American Express - SDK DirectPay- Product Schedule 4","00600000008nVs4AAE"
"61820237159","Direct Biller - Discover","00600000008nCEXAA2"
"61810938264","Biller Network - BSP - PSCU Financial Services","00600000008nBnqAAE"
"61814037852","American Express - Hosted - SOW  #48","00600000008n8CyAAI"
"61808467589","Umpqua - Email Updates","00600000008mrvdAAA"
"61812186661","Fidelity Investments - PFM - SOW#40","00600000008mrpGAAQ"
"61840336203","Fidelity Investments - PFM - SOW#37","00600000008mroOAAQ"
"61814037878","BAC Atlas Phase 3b I & C CO SIT Part 2","00600000008meUuAAI"
"61850558239","Paychex Inc-AV CD","00600000008mb4uAAA"
"61816514058","Fidelity Investments - PFM - SOW#38","00600000008mThYAAU"
"61839725236","Citi Cards - DirectPay - SOW#1","00600000008mIqLAAU"
"61845291602","Compass UI Upgrade to 905","00600000008mIXQAA2"
"61850558059","BAC MP/QP Links on Borneo","00600000008mGrcAAE"
"61847926589","PFM Forecasting Project","00600000008mCT2AAM"
"61848235854","Safebank SOW #2","00600000008mAmjAAE"
"61818225446","BAC Atlas 3a I & C CO","00600000008m1YBAAY"
"61847776360","SOW #71 BAC DS3 DR Connect","00600000008lyXBAAY"
"61839874410","USAA - SOW for Additional Consulting","00600000008lvjyAAA"
"61815431322","BAC Calypso CO #2","00600000008lsnzAAA"
"61817603624","Union Bank - Wealth/PFM","00600000008ls37AAA"
"61847776302","BNY NY ACS Bill Pay and FT","00600000008lmXfAAI"
"61842664079","Chase Private Wealth PFM","00600000008lmUIAAY"
"61840647245","Microsoft-FT","00600000008lYx3AAE"
"61845760434","PFM","00600000008lXtGAAU"
"61818837289","Ally - Data Out","00600000008lVIfAAM"
"61850409653","BAC SOW #68-CR1","00600000008lUKMAA2"
"61810938417","Yahoo PFM SDK for Portfolios","00600000008lTz0AAE"
"61838949259","Allocate Holdings-SDK EE","00600000008lRQXAA2"
"61819308399","Chase - OC Renewal","00600000008lLxMAAU"
"61844836648","Northern Trust 10x SDK Upgrade","00600000008lElkAAE"
"61809548604","American Express - IAV - SOW #39 Change Control","00600000008l4TdAAI"
"61810008209","Comerica SOW # 6 SAML Engagement","00600000008kzNbAAI"
"61847621945","BAC PayToday Phase 1 and 2 Maintenance SOW","00600000008kwX4AAI"
"61813110946","BAC Atlas Phase 3b and 3c Hybrid Consulting SOW","00600000008knvqAAA"
"61814343493","Western Union Funds Transfer SOW #2","00600000008kmtMAAQ"
"61816357697","Etrade 11x IAV Upgrade","00600000008kfN9AAI"
"61842354233","SOW #3 (SafeBank MoneyCenter Setup)","00600000008kdv8AAA"
"61845291422","Smith Barney- PFM - SOW#3","00600000008cBsDAAU"
"61815431290","Harris - Change Order #2 to SOW #12","00600000008c93BAAQ"
"61818225525","Capital One Renewal","00600000008c6KGAAY"
"61841585226","Revolution Money Dedicated Stage Environment","00600000008bz2OAAQ"
"61847001259","Comerica SOW # 5 Personal Finance Upgrade","00600000008bqz5AAA"
"61848849922","BAC Calypso Phase 2 CO #1","00600000008bXRqAAM"
"61808155179","Smith Barney- PFM - SOW#4","00600000008bSutAAE"
"61816825771","RBS Pilot","00600000008bQICAA2"
"61813579184","PFM Pilot","00600000008bQHKAA2"
"61848545616","Chase TAM Renewal","00600000008bOikAAE"
"61810478456","Small Business  PFM SWAG","00600000008bO1vAAE"
"61812805729","Wachovia SAML Upgrade - 2.0","00600000008bJEhAAM"
"61819308413","BAC Atlas Phase 3b and 3c Accelerator SOW","00600000008bJDoAAM"
"61840963395","Zoho Corp-SDK EE","00600000008bFxnAAE"
"61847926584","Comerica SAML Integration","00600000008bE8UAAU"
"61847466587","American Express - PFM - SOW #46","00600000008bB0hAAE"
"61844670546","Compass Release 6 Header Change","00600000008b7MAAAY"
"61852260461","Huntington  FT","00600000008b253AAA"
"61816357719","USAA - PFM Renewal (option to extend for 2 years)","00600000008arBRAAY"
"61849166204","American Express-IAV","00600000008apJ5AAI"
"61813111052","VW Categorization Project","00600000008akDoAAI"
"61816674167","AO and AA Renewal","00600000008akGVAAY"
"61841886284","PFM Extension","00600000008akONAAY"
"61841269077","Becoming Generous-SDK EE","00600000008ah6pAAA"
"61815431231","Move to SAML for the TRP/AccountMinder integration","00600000008agL7AAI"
"61813419388","String Financial, LLC - SDK EE","00600000008agLUAAY"
"61815588951","RBC SOW #2","00600000008ag8UAAQ"
"61841115058","BAC Atlas Phase 3c Design SOW","00600000008afpzAAA"
"61809548650","BAC Atlas Phase 3c I & C","00600000008aftIAAQ"
"61843131813","BAC Atlas Phase 3b CO to SOW","00600000008aXoLAAU"
"61810317731","IAV Global Pre paid","00600000008aWktAAE"
"61843288900","BAC Atlas Phase 2 Maintenance Extension","00600000008aSKKAA2"
"61819763632","BAC Atlas Phase 3b Design SOW","00600000008aSJHAA2"
"61810785885","American Express - IAV - SOW #56","00600000008aS4NAAU"
"61813886509","American Express - SDK - SOW #47","00600000008aS3oAAE"
"61818679202","American Express - PFM - SOW #45","00600000008aRueAAE"
"61852575797","Discover DirectPay","00600000008aMPmAAM"
"61842664078","GoalSpring Bill Pay SOW","00600000008aKkGAAU"
"61848697407","Capital One BPAA- CoBrand Change","00600000008aJHnAAM"
"61851022168","BAC Atlas Phase 3A and B  Maintenance SOW","00600000008aCQuAAM"
"61844210210","Revolution Money Funds Transfer","00600000008a92vAAA"
"61811410955","Barclays Stockbrokers - PFM","00600000008a4zpAAA"
"61815743555","Morgan Stanley PFM","00600000008a2RiAAI"
"61844366405","BAC Token Authentication Change","00600000008ZvhXAAS"
"61812022704","Data Extract Service","00600000008ZqcyAAC"
"61814194569","Fidelity Investments - PFM - SOW#35","00600000008ZoZ5AAK"
"61844981783","AMEX AOV Renewal","00600000008ZokjAAC"
"61819452555","Capital One Data Center Changes","00600000008ZkkgAAC"
"61806762937","BAC Atlas Phase 3b I&C","00600000008ZdyDAAS"
"61851494150","PFM - Chase Online","00600000008ZbteAAC"
"61818837260","CTM Holdings, LLC-Yodlee SDK","00600000008Z4NjAAK"
"61841886313","Fidelity Investments - PFM - SOW#36","00600000008Z0ChAAK"
"61816674208","Chase - 3 month OC Renewal","00600000008YybQAAS"
"61815431288","FT Discovery SOW","00600000008YyMtAAK"
"61848697266","SafeBank MoneyCenter","00600000008YyMsAAK"
"61848235814","Wilmington Trust Company-Yodlee BillPay","00600000008YwhpAAC"
"61809243522","Citizens Bank of Michigan","00600000008YpSkAAK"
"61840500277","Ally Conversion PS","00600000008Yo60AAC"
"61817133410","Enterprise Maint","00600000008Yf2MAAS"
"61839874413","BAC - SOW #69 Merrill Integration","00600000008YS9uAAG"
"61852575617","USAA - SOW for Additional Consulting","00600000008YQj2AAG"
"61847926621","Harris SOW #12: S1 Integration Project Amendment","00600000008YP4LAAW"
"61840647237","PayToday Call Center SOW - Design","00600000008YHA2AAO"
"61807384139","PayToday Call Center SOW - I & C","00600000008YHARAA4"
"61817449354","PayToday Web SOW - I & C","00600000008YHAQAA4"
"61849014819","Attas Phase 3a Hybrid Consulting","00600000008YHA1AAO"
"61847311880","Capital One BPAA - Dedicated Stage Environment","00600000008YECnAAO"
"61846530096","S&T Bank","00600000008YCVPAA4"
"61813419543","BAC $139k Project - #67","00600000008Y0ZRAA0"
"61849787827","AMEX OBO Disclosure SOW #42","00600000008Y0ZMAA0"
"61810172802","IAV Deal","00600000008XuK4AAK"
"61819923796","American Express-Yodlee BillPay Account Accelerator","00600000008XuJpAAK"
"61820534859","ING DIRECT PFM","00600000008XuMjAAK"
"61815431310","Ally: Tandem/Mobile","00600000008XqjOAAS"
"61850409823","Amex MM SOW #41 Fast Followers","00600000008XqhmAAC"
"61814813301","Adapative Marketing-Yodlee SDK","00600000008XkWLAA0"
"61809548666","Compass SOW #8 CR #1","00600000008XflEAAS"
"61850557976","Value Media Inc-Yodlee SDK","00600000008Xeh7AAC"
"61820237158","BMO-Aggregation Only","00600000008XZUKAA4"
"61844836659","Fidelity HOSTED PFM USAGE","00600000008XXQAAA4"
"61817603403","Western Union Funds Transfer","00600000008XUrpAAG"
"61806606979","Wachovia/FCC PFM","00600000008XUnAAAW"
"61839263321","PFM Dedicated Data Team Renewal","00600000008XUpSAAW"
"61842503754","PFM Dedicated Data Team Renewal","00600000008XUn9AAG"
"61844366221","PFM Dedicated Data Team Renewal","00600000008XUm2AAG"
"61817449480","Personal Finance Renewal","00600000008XUoUAAW"
"61806762863","BAC Personal Finance Renewal","00600000008XUm1AAG"
"61812186657","BAC Personal Finance Renewal","00600000008XUoGAAW"
"61842664038","Dedicated Test Environment 2011","00600000008XT5FAAW"
"61809548694","Dedicated Test Environment 2010","00600000008XT5EAAW"
"61846687343","AMEX AOV Sow #40 URL-redirect-header changes","00600000008XR6DAAW"
"61819146343","Revolution Money SDK Upgrade","00600000008XQVKAA4"
"61839263355","American Express - PFM - SOW #44","00600000008XJmBAAW"
"61841115015","Attas Phase 3a LLD SOW","00600000008XItpAAG"
"61842820434","PFM","00600000008XIbLAAW"
"61841269049","PFM Dedicated Data Team Renewal","00600000008XGGFAA4"
"61839725203","PayToday Design SOW","00600000008XG2KAAW"
"61849787727","USAA - SOW #2 (Link & Edit Pages)","00600000008XDJXAA4"
"61841269156","ExpenseWire SDK Upgrade - 9x","00600000008X5AXAA0"
"61840500276","Ally PayitAll / BPAA / PS","00600000008WtnSAAS"
"61839097438","USAA - SOW #1 (Data feed - web services)","00600000008Wp6HAAS"
"61814194505","AMEX AEBP Sow #39 URL-redirect-header changes","00600000008WoKIAA0"
"61845137072","Funding Gates-Yodlee Funds Transfer","00600000008WniGAAS"
"61815743613","Attas Phase 3 SOW -High Level  Design","00600000008Wi4pAAC"
"61811410960","Umpqua - Add BPAA Switch Forms","00600000008WgR5AAK"
"61807384143","SOW #1","00600000008Wc9cAAC"
"61809398528","JP Morgan Chase:  MFA Functionality and Sites","00600000008WOM0AAO"
"61851494016","Capital One BPAA - Consulting Hours","00600000008WECqAAO"
"61810785687","Amazon-IAV","00600000008VZTtAAO"
"61813733740","Data Extract Service","00600000008VUh3AAG"
"61813733716","Safe Page (aka IronKey) Upgrade to 9x","00600000008VRFEAA4"
"61851790637","BAC MP Flash Demo","00600000008VNrzAAG"
"61810627077","BAC - SOW #68 Merrill Integration","00600000008VHQXAA4"
"61811872033","American Express - PFM - SOW#36","00600000008V6KlAAK"
"61840336211","Harris Bank SOW #14 Octane","00600000008UyCgAAK"
"61847926569","PNC Bank SOW #13 Professional Services Amendment","00600000008UyBcAAK"
"61851952538","Chase - 3 month OC Renewal","00600000008UvpeAAC"
"61806456900","PNC- SOW #12","00600000008UvnyAAC"
"61847001258","ING Canada BPAA","00600000008UsxqAAC"
"61849476149","E*Trade IAV Renewal","00600000008Uq7gAAC"
"61819611467","Compass Bank Release 5 Chgs","00600000008Uf08AAC"
"61849627254","BAC-Merrill Lynch Integration Design SOW #62","00600000008UaLLAA0"
"61808925254","USAA - PersonalFinance (August, 2012 through March, 2013)","00600000008UZXWAA4"
"61811713185","Dedicated Test Environment 2009","00600000008UTnxAAG"
"61847001211","Smith Barney- PFM - SOW#","00600000008UIgZAAW"
"61852260504","TIAA-CREF-Yodlee Money Center","00600000008UGSaAAO"
"61811562082","GoalSpring-Yodlee BP SDK","00600000008UCSGAA4"
"61844525434","American Express - PFM - SOW#37","00600000008UA2cAAG"
"61842354508","PFM Deal","00600000008U9LJAA0"
"61813419521","USB PFM","00600000008U9JfAAK"
"61846687152","Harris Bank SOW #13:  Data Extract","00600000008TxPgAAK"
"61843742761","American Express - DirectPay - SOW#38","00600000008TvV6AAK"
"61811713068","BAC SOW #65 IST-MGP api Support","00600000008Tr77AAC"
"61819452534","SpringAhead (Virtual Software, Inc.) - SDK","00600000008TpZ5AAK"
"61812492600","Goal Spring","00600000008H9L4AAK"
"61809398564","IGG Software-Yodlee SDK EE","00600000008H13aAAC"
"61849787709","American Express - PFM - SOW#35","00600000008GsM3AAK"
"61841428482","Concur-Yodlee SDK ISV","00600000008GncjAAC"
"61806762873","SOW 22 - DeBook BPAA Error Code Updates","00600000008GlIKAA0"
"61851494022","USAA - PayToday","00600000008GdqSAAS"
"61815892617","EverBank SOW (2-Way SSL)","00600000008GVibAAG"
"61846064935","Fidelity Investments - PFM - SOW#34","00600000008GVOhAAO"
"61848076591","LendingClub-AccountVerification","00600000008GSITAA4"
"61840025153","USAA - DirectPay","00600000008GS6HAAW"
"61810627085","Bank of America-Yodlee Mobile","00600000008GODFAA4"
"61850409829","Smith Barney- PFM - SOW#3","00600000008GJYkAAO"
"61839725375","Merrill-BAC Upgrade SOW #1","00600000008GHkpAAG"
"61846064961","BAC-Merrill Lynch Integration Design SOW #62 CO #1","00600000008GHkoAAG"
"61816825875","NetBooks, Inc.-Yodlee SDK EE","00600000008GCaBAAW"
"61839725357","PNC SOW #13 Professional Services Hours","00600000008G7sYAAS"
"61813733752","Competitive Offers - SOW #63","00600000008G6ksAAC"
"61840500307","SOW #55 Change Order 1- Attribute Encryption","00600000008G5ETAA0"
"61809707600","Regions - PFM","00600000008G3m2AAC"
"61814813219","Bank of Hawaii","00600000008FziFAAS"
"61818837261","M&I Bank","00600000008FzhCAAS"
"61842354352","CITI Growth Ventures - PFM - SOW#1","00600000008Fy1DAAS"
"61807384233","PFM & IAV","00600000008FvB5AAK"
"61846841769","Atlas Phase 2 June Release SOW - Change Order 1","00600000008Fns3AAC"
"61820534711","HedgeOp Compliance, LLC-Yodlee SDK ISV","00600000008FnWVAA0"
"61820073330","American Express - PFM - SOW#34","00600000008FnWEAA0"
"61847001270","October 09 Large Maintenance","00600000008FhpsAAC"
"61845920005","Citi MyFI- PFM - SOW#2","00600000008FdWtAAK"
"61839725373","Thrive Learning-Yodlee SDK EE","00600000008FatiAAC"
"61838643870","Wells Fargo Biller Directory","00600000008FVe0AAG"
"61846841898","Fidelity Investments - PFM - SOW#33","00600000008FPk6AAG"
"61841886130","American Express - DirectPay - SOW#33","00600000008FNxuAAG"
"61847001173","Wells Fargo Bank- payments","00600000008FNofAAG"
"61840963437","American Express - PFM - SOW#32","00600000008FIYnAAO"
"61812805654","Atlas CO-CW1000080 for SOW CW83622","00600000008FBXcAAO"
"61851022198","PocketSmith-Yodlee SDK EE","00600000008F5FxAAK"
"61807691585","BAC My Portfolio UDAP Change","00600000008F0lpAAC"
"61849014713","SOW 23 - Direct Pay - Report listing payments scheduled after 5/15","00600000008EyORAA0"
"61850097590","SOW 22 - BPAA Error Code Updates","00600000008EyJgAAK"
"61818837147","SOW 21 - Direct Pay - Message for payments after 5/15","00600000008EyIOAA0"
"61851952641","Citi MyFI- PFM - SOW#1","00600000008Ew0kAAC"
"61809083042","BAC HSA Agent changes","00600000008Ev9SAAS"
"61846219064","ANZ - V9 Upgrade","00600000008EnyuAAC"
"61813263530","Smith Barney- PFM - SOW#2","00600000008EVJqAAO"
"61844836654","American Express - IAV - SOW#31","00600000008EWDCAA4"
"61820073388","Wachovia Renewal","00600000008ERknAAG"
"61840963404","OnCenter Renewal","00600000008EPgHAAW"
"61851494050","PNC SOW #11 Raw Data Extract","00600000008EKSUAA4"
"61816825683","GoalSpring-Yodlee SDK Lite","00600000008EGNFAA4"
"61841585235","Compass 802 Data Extract","00600000008ECajAAG"
"61810008216","SOW #52 Extension #2 - SAML Downtime Splash","00600000008ECJgAAO"
"61806762936","Umpqua Source Bank Addition","00600000008E2lIAAS"
"61816984609","BAC Countrywide Agent - Account Number Change","00600000008E2DFAA0"
"61847148585","BAC Countrywide Agent - iSeries Conversion","00600000008E2D5AAK"
"61847311756","EverBank SOW (Nexa Penson)","00600000008DyA8AAK"
"61807841403","EverBank SOW (T24)","00600000008DxzZAAS"
"61847926596","Harris SOW #12:  S1 Integration Project","00600000008DvMTAA0"
"61849014787","PNC Bank SOW #9 Equifax eID","00600000008DvECAA0"
"61810785696","Fidelity Investments - PFM - SOW#32","00600000008Dv8NAAS"
"61852260419","Atlas Customizations - Maintenance Support","00600000008DsiHAAS"
"61812186751","SOW #10 Email Projects","00600000008Dk6UAAS"
"61849475994","SOW #8 SDK","00600000008DkAjAAK"
"61841733508","SOW #7 SSO","00600000008Dk9vAAC"
"61848697358","Compass 8x Backend Upgrade","00600000008Dk6SAAS"
"61816514142","Capital One SOW 20 - CoBrand Change","00600000008DdrLAAS"
"61806917047","Capital One SOW 19 - QA Environment Change","00600000008DdrtAAC"
"61841886300","Attas Phase 3a SOW - I & C","00600000008DXQCAA4"
"61839569515","PFM SDK","00600000008DWKqAAO"
"61838796875","5/3 Bill Pay","00600000008DWDqAAO"
"61840500311","SDK - PFM","00600000008DVmUAAW"
"61812022703","SOW #4","00600000008DTwQAAW"
"61809083002","Capital One - ID Theft (PFM)","00600000008DRJWAA4"
"61844366220","SOW #52 Extension - SAML","00600000008DOJoAAO"
"61817603409","SOW #55 - Attribute Encryption","00600000008DO8TAAW"
"61839569574","EverBank","00600000008DMY8AAO"
"61850557984","EverBank SOW (Intuit Migration)","00600000008DMY3AAO"
"61841585319","PFM SOW","00600000008DMXtAAO"
"61807384138","BAC Countrywide Agent Changes - Avoid Duplicates","00600000008DLIXAA4"
"61814973823","Atlas Phase 2 Change Order #4 Actimize","00600000008DJVqAAO"
"61845448746","PayToday Deal","00600000008DJ94AAG"
"61839725413","PFM Deal","00600000008DJ8kAAG"
"61843895626","OnCenter Renewal","00600000008DJ3HAAW"
"61845137061","Atlas Phase 2 Design SOW June Release","00600000008DIzyAAG"
"61811871781","SOW #11 S1 Upgrade","00600000008DCzoAAG"
"61849627141","Renewal","00600000008D2tgAAC"
"61811561883","Compass SOW #6 - Logo/Color Changes","00600000008D1QBAA0"
"61807225175","Atlas Phase 2 SOW I & C June Release","006000000080LQaAAM"
"61820073339","SOW #6 PIN Pad (Virtual Wallet)","006000000080IEmAAM"
"61817750927","Morningstar, Inc.-Yodlee Personal Finance","006000000080EQUAA2"
"61844210335","United First Financial-Yodlee SDK Lite","006000000080DDhAAM"
"61843440129","SOW #30","006000000080ABMAA2"
"61849787766","SOW #29","006000000080AB2AAM"
"61811562050","SOW#1","0060000000806E1AAI"
"61847311757","PNC SOW #5 UPP","0060000000804DIAAY"
"61840336150","SOW #3","00600000007zmRTAAY"
"61847148607","Extension-","00600000007zmk1AAA"
"61814813260","RBC/PFM","00600000007zlYPAAY"
"61806456912","Texas Capital Bank MoneyCenter","00600000007zkklAAA"
"61807070604","Umpqua SOW 5 SAML","00600000007zjuaAAA"
"61820381483","Capital One SOW 19","00600000007zjvBAAQ"
"61813886539","ANZ Asia - PFM","00600000007zj57AAA"
"61843440168","Regions - PayToday","00600000008BlObAAK"
"61851637906","Atlas Phase 2 Change Order #4 Dis-Enrollment","00600000008BklAAAS"
"61808309258","Comerica Bank - Yodlee Billpay","00600000008BY0fAAG"
"61819146293","YCC SSO SOW","00600000008BMwoAAG"
"61843440142","Atlas Phase 2 Change Order #3 CNE","00600000008BMopAAG"
"61849315929","Atlas Phase 2 Change Order #2 GAI","00600000008BMokAAG"
"61843132015","Chase File Maintenance","00600000008BKt8AAG"
"61816357688","Custom Report","00600000008BGmeAAG"
"61840500331","SOW #4 Amendment","00600000008BGl1AAG"
"61847622187","SOW #1","00600000008B9nSAAS"
"61820237120","SOW #27","00600000008B8aYAAS"
"61851022161","SOW #28","00600000008B8ZWAA0"
"61839097525","PFM SDK - UK","00600000008B8QXAA0"
"61843895640","Atlas Phase 2 Change Order #1","00600000008Aww4AAC"
"61809398440","YCC - 15 seats","00600000008AwVlAAK"
"61819146299","Chase - 3 month OC Renewal","00600000008AwVkAAK"
"61813263536","Extension-08","00600000008AwVbAAK"
"61851336750","Extension-06","00600000008AwVaAAK"
"61844981766","SOW #26","00600000008AwQYAA0"
"61808467741","Debook-Dedicated Team Renewal","00600000008AwSIAA0"
"61817286562","PFM - Small Business","00600000008As9xAAC"
"61840647219","Same Page Solutions PersonalFinance SDK","00600000008Ao45AAC"
"61807225140","Same Page Solutions Octane Reports","00600000008Ao40AAC"
"61809707339","SOW #54 Text Updates, Transaction Order Change","00600000008AmEUAA0"
"61812805728","CITI Cards Direct Pay","00600000008AgmIAAS"
"61839725402","Texas Capital Bancshares","00600000008Ae1EAAS"
"61808155200","DMTK/Processor Integration SOW","00600000008AcgJAAS"
"61808155285","SOW #26","00600000008AZSmAAO"
"61810172572","DirectPay Renewal","00600000008AUOdAAO"
"61817603452","SOW #53 Search Header","00600000008AU3gAAG"
"61810317730","Attas Phase 3 SOW -Low Level Design","00600000008ATkmAAG"
"61839569768","SOW #25","00600000008ASyyAAG"
"61844670544","Citi Growth Strategy","00600000008ASfgAAG"
"61814504116","LessAccounting.com-","00600000008ARnKAAW"
"61850710871","SOW #24","00600000008ADR3AAO"
"61814194573","YCC Enterprise Support Integration","00600000008ABh4AAG"
"61815117830","Extension-07","00600000008A7OvAAK"
"61810938198","Tompkins Trust PersonalFinance","006000000089xGKAAY"
"61844981627","Schwab SDK Renewal","006000000089whlAAA"
"61809707361","Personal Finance Renewal","006000000089wN0AAI"
"61841428378","Technical Consulting","006000000089tzfAAA"
"61846841901","Technical Consulting SOW","006000000089oQBAAY"
"61846687262","IAV PayPal Upgrade and Contract renewal","006000000089exSAAQ"
"61851022185","SOW #4","006000000089dGgAAI"
"61848235866","First Bank PersonalFinance","006000000089T1NAAU"
"61847466544","SOW #17-Debook","0060000000896uUAAQ"
"61845291433","Umpqua SOW #2","0060000000896yXAAQ"
"61846529934","SOW #1","0060000000896yIAAQ"
"61844836694","OC 12 month","0060000000896svAAA"
"61848849950","Dedicated Data Team Renewal","0060000000895ZJAAY"
"61817286544","Atlas Phase 2 Customizations","0060000000895Z4AAI"
"61819146564","PFM Deal","006000000088xWNAAY"
"61814194596","SOW 28 - Full View Customizations","00600000007wCc3AAE"
"61808003414","Merrill Lynch - PFM Renewal","00600000007wAQuAAM"
"61819452533","OC 12 month autorenew","00600000007w6RxAAI"
"61851022130","SOW#3","00600000007w4pFAAQ"
"61842049137","SOW #10","00600000007w4mHAAQ"
"61819763616","Middlesex Savings Bank DirectPay","00600000007vpOaAAI"
"61813263622","Atlas Phase 2 HLD SOW #3","00600000007vmYIAAY"
"61807225176","Atlas Phase 2 HLD SOW #2","00600000007vlptAAA"
"61814194514","Atlas Phase 2 Fixed Bid SOW - UI","00600000007vlpsAAA"
"61811561882","Compass - PFM Renewal","00600000007vkWCAAY"
"61847926648","Umpqua SOW #2","00600000007vh4hAAA"
"61819611422","Citi Retail PFM","00600000007veQpAAI"
"61810172807","Synovus-Yodlee PayToday","00600000007vTzAAAU"
"61851494030","Synovus-Yodlee Direct Pay","00600000007vTz9AAE"
"61806302730","Gatherer Hosting","00600000007vT5tAAE"
"61842820444","Zions Bancorporation-Yodlee Billpay","00600000007vT5sAAE"
"61852416335","Atlas Phase 2 HLD/LLD Phase","00600000007vPHTAA2"
"61817133454","American Savings Bank-Yodlee Personal Finance","00600000007vJT5AAM"
"61819308545","Comerica BPAA","00600000007v5UNAAY"
"61841115141","SOW #52 - SAML WP Delivery","00600000007upPiAAI"
"61815431214","SOW #5 - SAML Consulting","00600000007upPhAAI"
"61808615743","Extension","00600000007upOtAAI"
"61809707346","Atlas Phase 2 SOW #2","00600000007uiRAAAY"
"61819308380","MissionFish / eBay Giving Works-Yodlee IAV","00600000007ucnOAAQ"
"61850245183","Capital One SOW 18","00600000007uScIAAU"
"61813733742","Capital One SOW 13","00600000007uSaHAAU"
"61807841378","Capital One SOW 16","00600000007uSYuAAM"
"61808771487","Wachovia CustomerCare","00600000007uQNiAAM"
"61841733450","SOW #4 Requirements Gathering","00600000007uPtAAAU"
"61817603448","5x to 8x Upgrade","00600000007uPpDAAU"
"61806456868","SOW #9 Custom Development","00600000007uPoUAAU"
"61813419523","SOW #1","00600000007uO2OAAU"
"61809548603","Personal Finance Upgrade","00600000007uKKmAAM"
"61814813200","Fifth Third Save For Goal","00600000007uK5IAAU"
"61814973792","Consulting SOW #2","00600000007uD1WAAU"
"61813733892","SOW#17","00600000007uBZnAAM"
"61809398422","SOW#51-YOD-51269","00600000007uBZYAA2"
"61843440157","SOW #17","00600000007uBZTAA2"
"61852575647","SOW #20","00600000007uBZFAA2"
"61840803119","SOW #2","00600000007uBUiAAM"
"61813886510","SOW#1-YOD-45364","00600000007uBUOAA2"
"61847622149","SOW#49","00600000007uBTuAAM"
"61847466558","SOW #21","00600000007uBT7AAM"
"61808003480","SOW#16","00600000007uBScAAM"
"61814194504","Synovus Financial Corp - Yodlee Personal Finance-","00600000007uAnQAAU"
"61820381489","SOW #1","00600000007uAWyAAM"
"61819452515","Middlesex Savings Bank PersonalFinance","00600000007u7sXAAQ"
"61810478469","Dedicated Team Renewal","00600000007tuN5AAI"
"61807691579","Middlesex Savings Bank AO/AV/FT","00600000007ttnWAAQ"
"61812492416","US Bank Bill Pay","00600000007trbcAAA"
"61817750923","LendingTree, LLC-Yodlee SDK Personal Finance","00600000007tmAFAAY"
"61814504061","Wachovia DirectPay","00600000007tfrDAAQ"
"61811871827","Harris Bank Mobile/Tablet","00600000007te7GAAQ"
"61841585200","PFM & IAV Deal","00600000007taOBAAY"
"61848849942","Atlas Phase 2 SOW #1","00600000007tXZjAAM"
"61817906036","Concur-Yodlee Personal Finance","00600000007tV5gAAE"
"61809398369","SOW #27","00600000007t0nPAAQ"
"61809082961","Harris Bank FundsTransfer","00600000007sllsAAA"
"61843288899","Synovus: Funds Transfer","00600000007sRvGAAU"
"61842663955","Mobile","00600000007sOFEAA2"
"61811562000","Incremental Account Opening Booking Hosted","00600000007s55UAAQ"
"61806302747","SOW#50-PFM Upgrade","00600000007rYbUAAU"
"61844836782","SOW #18 Recruiting & Training of Dedicated Team","00600000007r88UAAQ"
"61848235828","SOW#19 dedicated services","00600000007r886AAA"
"61845919913","Atlas Phase 2 SOW #1","00600000007qlXDAAY"
"61819452590","IAV","00600000007qLfbAAE"
"61811713209","SOW #3","00600000007q17RAAQ"
"61807070879","SOW #14b","00600000007q17HAAQ"
"61810785702","SOW #15","00600000007q16UAAQ"
"61847466375","SOW#24 Dedicated Resources","00600000007q16sAAA"
"61840336169","BofA Atlas Phase 1","00600000007q15fAAA"
"61839874362","BillPay Account Accelerator","00600000007pz3UAAQ"
"61810172855","BAC DirectPay","00600000007pzBcAAI"
"61815431259","BAC PayToday Contract","00600000007pzDDAAY"
"61810317720","Yodlee Money Center","00600000007pwGJAAY"
"61844836641","Chase DirectPay","00600000007pXopAAE"
"61845760415","Vanguard - PFM","00600000007pPXZAA2"
"61847926568","Sovereign Bank-Yodlee Account Opening","00600000007p4QGAAY"
"61806302643","OC Renewal","00600000007oxGrAAI"
"61818534046","SOW#26 Browser Compatibility","00600000007owSIAAY"
"61808309117","SOW #25 Consulting","00600000007oxHUAAY"
"61847466425","Amend #1 to SOW #23","00600000007oxFkAAI"
"61817603397","SOW#7 SSO Custom Report","00600000007oxHmAAI"
"61849787690","Initial Consulting SOW","00600000007oxDXAAY"
"61849627140","Umbrella SOW","00600000007ox4rAAA"
"61820073383","Change Request 007-003","00600000007ox4qAAA"
"61808155178","Amend #004-042 Batch Datafeeed","00600000007oxE1AAI"
"61848545710","SOW Navigation Tab","00600000007oxDzAAI"
"61842049305","SOW#3 OnsStop data purge","00600000007ox7nAAA"
"61841733637","SOW#14 BP Ehnancements","00600000007ox5VAAQ"
"61813886490","SDK Consulting","00600000007ox3PAAQ"
"61810172801","Barclaycard UK","00600000007otVUAAY"
"61846064918","Yodlee PersonalFinance","00600000007oq5ZAAQ"
"61814038055","First Hawaiian - AO/AV/FT","00600000007olGjAAI"
"61843288890","SOW  #12 Tier 2","00600000007o9zAAAQ"
"61816357772","Capital One - TAM","00600000007o8PtAAI"
"61848545641","Capital One SOW#10 - ConnectDirect","00600000007o6SgAAI"
"61812950404","SOW #13","00600000007o5bOAAQ"
"61813419576","Capital One-Yodlee Mobile","00600000007o4VoAAI"
"61838949380","Capital One SOW #11 (training)","00600000007o4RtAAI"
"61816513938","Cap One SOW #9 (T/Cs hosting)","00600000007o3hHAAQ"
"61850869014","SOW #2 Re-cobranding","00600000007nx0xAAA"
"61810478455","SOW #11","00600000007nwtgAAA"
"61847001196","OC 12 month autorenew","00600000007nwveAAA"
"61807691546","OC 12 month","00600000007nwtsAAA"
"61848697271","SOW #1","00600000007nwvdAAA"
"61815743536","SOW #3 PS PF","00600000007nwHaAAI"
"61844051359","SOW #6 SSO Integration","00600000007nwLLAAY"
"61819923765","SOW #24 Overview training","00600000007nwHgAAI"
"61810785793","SOW #23 Architecture Consulting","00600000007nwKhAAI"
"61818679094","SOW #14 - data services","00600000007nwKIAAY"
"61816203566","SOW #22 Zillow","00600000007nwHfAAI"
"61850409843","OC 3 month renewal","00600000007nwJLAAY"
"61809707304","EZ Online Small","00600000007nwHvAAI"
"61851173513","SOW #24 Dedicated Resources","00600000007nwIbAAI"
"61851336745","SOW #24 Dedicated Resources","00600000007nwHQAAY"
"61806607012","OC 3 month renewal","00600000007nwCtAAI"
"61818368012","OC 3 month renewal","00600000007nwE7AAI"
"61844525423","SOW#24 Dedicated Resources","00600000007nw33AAA"
"61849627061","OC renewal","00600000007nwBtAAI"
"61807841431","PS Jan-Feb 2007","00600000007nwDKAAY"
"61844670538","Enterprise BillPay","00600000007nwFOAAY"
"61845920019","PF Channel Hosted App and SDK","00600000007nwCiAAI"
"61850868868","Cap One SOW #1","00600000007nwC5AAI"
"61808155062","OC Renewal of SDK","00600000007nwBkAAI"
"61815892598","Capital One - YCC","00600000007nvamAAA"
"61811562019","FLS & SB.com Money Ctr.","00600000007nvn0AAA"
"61844210321","Capital One SOWs #6 (now an amendment)","00600000007nvf5AAA"
"61843590308","SOW#8","00600000007nsS6AAI"
"61807225213","SOW #7 - CBBP Alerts Engagement","00600000007nsQUAAY"
"61807841367","ETrade Bill Pay","00600000007ajENAAY"
"61849315957","Wells Payment Gateway","00600000007aiNwAAI"
"61847311770","Umpqua AA","00600000007aiGCAAY"
"61847622144","Capital One SOWs 3, 4, 5","00600000007adSdAAI"
"61808615806","Wachovia PFM Contract Extension","00600000007adThAAI"
"61851022129","Wachovia Securities Data Extract SOW","00600000007adL5AAI"
"61850245143","Yodlee Account Opening - Savings Bank of Walpole-","00600000007ab8vAAA"
"61811712945","Wilmington Trust-Yodlee Mobile","00600000007ZoEdAAK"
"61846378154","Lincoln Investment Planning, Inc - Yodlee Personal Finance","00600000007ZmiwAAC"
"61839097388","Personal Finance","00600000007ZiZXAA0"
"61848235876","Harris - Online Banking","00600000007ZiMxAAK"
"61816984466","Wachovia Enterprise PayItAll","00600000007Zhy6AAC"
"61847001360","Fifth Third Bancorp-Yodlee Account Opening","00600000007ZeDrAAK"
"61839725336","Personal Finance","00600000007ZUaZAAW"
"61817286665","AccountVerification","00600000007ZQaLAAW"
"61819308459","Bill Pay Account Accelerator","00600000007ZPnMAAW"
"61819611406","Bank of Nova Scotia-Yodlee Mobile","00600000007ZKeEAAW"
"61815588950","MSN 7.0 upgrade/renewal","00600000007YRc7AAG"
"61841269040","AccountVerification","00600000007YPgBAAW"
"61814504081","SOW #20","00600000007YJTgAAO"
"61820237141","Yodlee AccountOpening","00600000007YA60AAG"
"61809707599","Morningstar-Yodlee Personal Finance","00600000007Y0eRAAS"
"61820237090","City National Bank-Yodlee Account Opening","00600000007Y0cgAAC"
"61806762858","PayToday, DirectPay & eBills Deal","00600000007Y0cdAAC"
"61810172943","Account Accelertor","00600000007XzWXAA0"
"61844670589","Schwab SDK Renewal","00600000007XvLXAA0"
"61846687252","7x Upgrade","00600000007XdXzAAK"
"61814194524","Zions Bancorporation- CrossSell","00600000007XXxZAAW"
"61847926607","SOW#21 Renewal - T1 Lines","00600000007XPyzAAG"
"61845760574","Wells DirectPay","00600000007XQ0OAAW"
"61840024996","Mobile","00600000007XM6DAAW"
"61838796883","Yodlee  Money Center Australia and New Zealand Banking Group Limited-","00600000007XJXVAA4"
"61843895712","USAA - PersonalFinance","00600000007X9geAAC"
"61840647218","BB&T: PFM Implementation","00600000007X7bfAAC"
"61815892759","SOW#8 SSO Forgot Password","00600000007X4bEAAS"
"61848235656","PayChex - Yodlee SDK","00600000007X4DcAAK"
"61849627150","BofA PF User Fees","00600000007KSGCAA4"
"61845760566","OC #8 60 Day renewal","00600000007KRoWAAW"
"61847466535","Chase - Instant Account Verification","00600000007KR2ZAAW"
"61843288955","M&T Bank - FT","00600000007KIiNAAW"
"61848697368","IAV","00600000007KBbyAAG"
"61852575639","Wachovia PFM","00600000007K3J2AAK"
"61810785865","Yodlee-Swab Performance Technology","00600000007JnHIAA0"
"61816984590","Mobile","00600000007JmJoAAK"
"61812805716","Cap One BillPayAccount Accelerator","00600000007JbtbAAC"
"61842049281","Comerica - PersonalFinance","00600000007JajBAAS"
"61810938244","Account Accelerator","00600000007JZ7RAAW"
"61808309166","OC #7 3 month renewal","00600000007JWWtAAO"
"61813579271","Bill Pay","00600000007JUouAAG"
"61819308430","IAV Contract Renewal","00600000007JUn8AAG"
"61808615765","SamePageSolutions - SDK","00600000007JPuuAAG"
"61851022210","SOW #7 Reporting","00600000007JNFQAA4"
"61845291533","Synovus - Account Opening/Funds Transfer","00600000007JGk0AAG"
"61820381450","Flagstar Account Opening","00600000007J9UwAAK"
"61808924985","Wachovia BPAA","00600000007J4cVAAS"
"61846687277","SOW # 10 Cobranding","00600000007IvaRAAS"
"61809548592","SOW # 9 VPN","00600000007IvbkAAC"
"61846219077","SOW # 8 CST Customization","00600000007IvYrAAK"
"61806917046","SOW # 6 SToken","00600000007IvbaAAC"
"61848849920","SOW # 5 Alerts","00600000007IvZOAA0"
"61809548665","SOW # 4 ENLIST Integration","00600000007Iva9AAC"
"61807841459","SOW # 3 SAML","00600000007Ivb1AAC"
"61815117714","OC Renewal","00600000007IvZ1AAK"
"61816984481","SOW # 2 Anlayse","00600000007INTyAAO"
"61851952662","SOW #1 Discovery","00600000007INNnAAO"
"61847148583","AV SDK","00600000007IMkLAAW"
"61815892758","Comerica - Funds Transfer/Acct Opening","00600000007IIp4AAG"
"61810938274","Enterprise License Renewal","00600000007IIJ6AAO"
"61815431210","B of A Online Payment Warehouse","00600000007IIHeAAO"
"61846841900","USAA Bank Switching","00600000007IIJSAA4"
"61840500306","B of A OC Renewal & 7.0 Upgrade","00600000007Hq3lAAC"
"61818995761","Bof A Military OC renewal","00600000007Hq3DAAS"
"61815588792","Mobile Banking","00600000007Hji6AAC"
"61815743579","SDK - PFM","00600000007HjEGAA0"
"61845603218","SSO Project","00600000007HiSuAAK"
"61814663451","Reverse IAV","00600000007HYJgAAO"
"61816674164","FIrst Horizon Account Opening","00600000007HYIUAA4"
"61816203669","IAV Renewal","00600000007HYFoAAO"
"61847466518","OC Renewal","00600000007HYFaAAO"
"61807384154","OC Mobile","00600000007H2jKAAS"
"61810172800","OC Alerts","00600000007H2j3AAC"
"61842970716","B of A Ft/CardPay","00600000007GrnMAAS"
"61840500297","Capital One CardDirect","00600000007GraMAAS"
"61819452573","Compass - OC Renewal","00600000007GnSGAA0"
"61839409991","Merrill SOW # 1 extension","00600000007GV2fAAG"
"61809707347","ASP renewal","00600000007GMtWAAW"
"61847621958","Dedicated Resource SOW renewal","00600000007GMtVAAW"
"61842820411","Western Union - IAV","00600000007FGBlAAO"
"61850409827","Wells - AV","00600000007CsRxAAK"
"61811871818","Wells - MoneyCenter","00600000007CsRwAAK"
"61817449373","Wells - DP SDK","00600000007CsPvAAK"
"61819923756","Wells - IAV","00600000007CsSTAA0"
"61846687234","Chase - OC Renewal","00600000007BmB9AAK"
"61809243506","PFM Lite","00600000007BP8NAAW"
"61810172942","Harris - AV","006000000079LwzAAE"
"61842663992","SDK Upgrade","006000000077RtkAAE"
"61839097437","B of A #27","006000000077R2KAAU"
"61811562044","B of A #26","006000000077R22AAE"
"61815274018","B of A SOW #25","006000000077R1gAAE"
"61817286574","Auto-Login","006000000075naeAAA"
"61842664097","SOW#1 - Data Resources","006000000075KJxAAM"
"61841886314","B of A Ded Resource # 24 SOW","0060000000753qgAAA"
"61840336181","B or A Interstitial page SOW","006000000074fLPAAY"
"61810478402","B of A SOW # 21 T1 line","006000000074Hp1AAE"
"61807841417","B of A SOW # 20 MAINT","006000000074HoVAAU"
"61845603224","Bof A SOW # 22 Header","006000000074GfjAAE"
"61848849930","Merrill MoneyCenter/PFM Upgrade","006000000073nrSAAQ"
"61806302848","ML Extension","006000000073cUmAAI"
"61812022629","AMEX CardDirect","006000000070rEmAAI"
"61850097540","Biller Direct","00600000006woACAAY"
"61809082914","Authentication","00600000006wYYnAAM"
"61847001200","Advisor","00600000006w0jAAAQ"
"61839725235","Equifax - OnCenter Alerts","00600000005idSiAAI"
"61847311725","UBOC - OnCenter","006000000057rG0AAI"
